tx_id,customer_id,tx_ts,amount,product_id,quantity,unit_price
3ae07344-aa39-4065-9f9d-d9e9af14497e,cust_244,2025-04-16T18:21:34.047621,351.57,prod_18,3,117.19
a7004166-e156-4489-b0d7-d57a674c4f34,cust_313,2025-06-12T12:45:28.047621,159.9,prod_93,3,53.3
ab0471b5-de8d-4e33-a3b6-e8973eee1064,cust_120,2025-08-03T12:30:28.047621,127.23,prod_140,3,42.41
77646dfa-4992-4593-803f-c38ecdcc89d8,cust_7,2025-12-12T08:25:41.047621,130.71,prod_124,1,130.71
58838aa4-47e6-485a-8b8a-abe52170d56e,cust_298,2025-12-09T15:09:36.047621,205.68,prod_189,2,102.84
0c5c7769-b4c3-424e-8091-e6ad54a6683d,cust_303,2025-04-20T22:16:09.047621,365.04,prod_133,3,121.68
088ae811-cbbb-4dd2-827b-3db93a3f5a88,cust_200,2025-11-04T16:27:10.047621,15.3,prod_120,2,7.65
3f74d306-c827-43d3-91f6-25de64eabf8c,cust_455,2025-10-16T04:53:46.047621,537.12,prod_146,3,179.04
b83f55f9-6e77-4ce5-a06d-96c5364857b4,cust_346,2025-08-06T11:41:34.047621,323.43,prod_57,3,107.81
64fe2a26-b669-4af5-9318-0c57904d4f88,cust_110,2025-07-06T19:05:43.047621,373.3,prod_154,2,186.65
54b724b1-df47-411a-a2f2-37ee2e7b2206,cust_1,2026-01-01T19:19:24.047621,132.7,prod_1,2,66.35
8bbd2650-1afa-4305-a67b-caf179fad982,cust_198,2025-01-31T10:45:53.047621,113.36,prod_132,1,113.36
0e973876-2107-4045-9c4a-b11dcc0cf84a,cust_284,2026-01-27T11:22:00.047621,359.7,prod_74,2,179.85
fd54b12f-22d7-4818-9601-53c8376b4cf6,cust_75,2025-02-11T00:01:22.047621,78.54,prod_163,2,39.27
e906049b-a44b-4f28-9122-2d5271c0d7ed,cust_160,2025-07-05T12:38:59.047621,83.37,prod_111,1,83.37
84ae1f8c-c465-48d2-b216-6c73c17f1c8b,cust_425,2025-07-15T06:36:27.047621,359.44,prod_51,2,179.72
fdb1f4ae-ad21-450d-8eb3-20bcc07f7993,cust_209,2025-09-09T23:19:34.047621,154.28,prod_161,2,77.14
48e8622f-7d78-4a02-a4aa-bf0c08e2e4b2,cust_116,2025-05-10T00:37:28.047621,140.52,prod_108,3,46.84
f29ea73c-5772-4d63-be44-e1c405230de1,cust_303,2025-09-27T18:58:34.047621,241.72,prod_7,2,120.86
f6ced2ab-e7d6-48a2-b870-659de5f01556,cust_275,2025-12-26T18:52:09.047621,57.62,prod_167,1,57.62
47b5cfef-f951-42e1-9a0a-6d38532bc0ca,cust_256,2025-04-12T22:12:57.047621,330.78,prod_197,2,165.39
d05d2500-3ec7-4374-a723-5df54006904c,cust_47,2025-04-26T02:16:35.047621,55.7,prod_61,2,27.85
ad81fb02-350c-437f-be6e-db61aaac4a40,cust_480,2025-04-13T15:13:35.047621,293.06,prod_99,2,146.53
98607100-9401-4a51-8981-bb8ace8a0506,cust_119,2025-07-24T15:24:20.047621,323.52,prod_114,3,107.84
99357547-ca42-4cc4-aae0-bb8ffdcb3848,cust_395,2025-02-26T10:36:22.047621,146.37,prod_100,3,48.79
8bdafabe-8322-4a18-ad66-010e7cfc6776,cust_491,2025-10-12T19:50:35.047621,185.16,prod_156,1,185.16
9e8881ad-6204-4db6-b0c0-9f0fc7b969ef,cust_212,2025-03-22T01:27:03.047621,354.46,prod_164,2,177.23
2b86d9d8-f263-4778-9020-3e7ccc1dbd49,cust_272,2026-01-05T22:03:32.047621,87.48,prod_165,3,29.16
c3a7a0b9-9b2d-4e53-910e-f05f84755e9d,cust_453,2025-05-26T03:57:41.047621,27.85,prod_61,1,27.85
1bb8dac0-0429-4f1d-8301-3689abaadf8b,cust_59,2025-02-22T20:08:41.047621,115.24,prod_167,2,57.62
2030dc12-5ea2-4be6-9a9d-0f583debc114,cust_180,2025-06-26T05:47:25.047621,269.34,prod_171,3,89.78
a47e8d94-7764-43db-9900-034cd61f1b28,cust_114,2025-08-13T06:17:52.047621,22.95,prod_120,3,7.65
53e596d7-8fc2-4aa4-9a0e-e42e59bf18eb,cust_266,2025-08-24T16:30:06.047621,362.98,prod_90,2,181.49
3a2d6c2f-6c70-46a8-88b4-87ea986a6ecc,cust_211,2025-12-10T14:22:14.047621,186.65,prod_154,1,186.65
b1c42c9b-a000-4f3c-a608-3c09ce8291d4,cust_70,2025-06-05T23:02:15.047621,265.7,prod_37,2,132.85
4ef864aa-65ae-4463-a108-80f01ce8eb60,cust_345,2025-06-04T02:18:06.047621,491.34,prod_15,3,163.78
b8c4bf96-50ba-4659-9172-7b40e5f5cfd8,cust_205,2025-03-23T13:17:26.047621,370.2,prod_89,3,123.4
f2fb5a13-9d40-404a-a13e-a739fc1ef808,cust_16,2025-08-25T03:33:27.047621,77.74,prod_84,1,77.74
4c970d30-8fc5-43b6-b048-5c8ea9fa76ab,cust_302,2025-04-23T18:38:06.047621,204.62,prod_198,2,102.31
1f49286a-98bd-4a01-8be7-f8682c27b4e2,cust_304,2025-05-16T22:20:41.047621,123.94,prod_29,2,61.97
c96dbb57-aae9-42ef-839f-07a01f511e79,cust_2,2025-06-27T13:54:35.047621,30.58,prod_137,1,30.58
b36ba559-60b0-4d33-8143-6ce1a1b02166,cust_413,2025-05-24T09:03:16.047621,154.28,prod_161,2,77.14
7e3a4062-41cf-48cf-83c2-e4f86358b77e,cust_367,2025-11-02T05:01:36.047621,149.36,prod_55,2,74.68
4748077b-3bc0-48ee-9c61-a03e429b2e88,cust_339,2025-07-04T19:35:20.047621,138.81,prod_10,3,46.27
6644c263-72df-4bbf-9246-9f97fd228390,cust_79,2025-10-11T06:28:12.047621,406.95,prod_38,3,135.65
32a0f11e-e9fa-4b0b-ab5b-ecfd61d85a16,cust_25,2025-12-15T09:06:27.047621,82.58,prod_179,1,82.58
deffcb52-5a7d-4599-9db1-f3d02f6e768b,cust_449,2025-04-29T00:47:13.047621,143.12,prod_190,2,71.56
85a78867-4b75-4c9c-8eb1-4d6319ee6b62,cust_184,2025-11-04T22:36:56.047621,106.22,prod_23,2,53.11
b42f3519-9f3d-4ed5-a795-8a4d53a43f40,cust_177,2025-04-17T11:08:13.047621,20.79,prod_60,3,6.93
7955335e-2492-49b8-abcf-a11d8b2e26f5,cust_119,2026-01-18T14:58:27.047621,102.31,prod_198,1,102.31
639a6c23-4ac3-4df2-b7aa-f73588da81c3,cust_195,2025-06-04T02:03:01.047621,236.72,prod_153,2,118.36
f9f8f120-f637-40ba-9c24-e89a137dcbfd,cust_383,2025-02-07T07:07:25.047621,159.08,prod_150,2,79.54
a66426ae-6c51-4a72-ba1c-16ecf46f9128,cust_352,2025-07-19T17:29:12.047621,320.1,prod_92,3,106.7
580552d7-7a3e-47f9-aec3-b50b37b0ddc5,cust_408,2025-03-04T10:11:57.047621,197.31,prod_173,3,65.77
476e8d31-1978-41ce-a86a-749117ec4b77,cust_447,2025-09-28T05:32:51.047621,373.3,prod_154,2,186.65
ff156de0-06a3-4ee6-919b-8479c0011416,cust_136,2025-09-13T13:08:43.047621,304.77,prod_125,3,101.59
4baee1aa-b526-4b16-890e-d79d73a30246,cust_327,2025-11-03T03:34:57.047621,105.29,prod_19,1,105.29
cf27512f-1f1f-44b0-ae54-6c31dcec0571,cust_458,2025-02-11T17:08:23.047621,132.7,prod_1,2,66.35
beaaedcb-d438-4ade-bd10-01ffe9175d7a,cust_244,2025-02-15T02:34:13.047621,114.76,prod_30,2,57.38
9997d1c0-6f01-41a0-9f7e-74ce93441fed,cust_222,2025-03-20T03:37:53.047621,8.24,prod_172,1,8.24
0df0a60f-18df-40ee-84d8-8e468e386168,cust_93,2025-02-10T16:40:42.047621,120.86,prod_7,1,120.86
ec434953-742c-4c2d-ae7b-73b9063281ca,cust_163,2025-05-07T21:06:05.047621,71.24,prod_191,1,71.24
306a5bf3-c71f-41c0-8ecf-29d02aa37cc9,cust_476,2025-07-07T21:29:37.047621,38.01,prod_113,3,12.67
9186b36a-31bc-4eec-8962-b2c270a0d9b3,cust_356,2025-05-27T19:39:49.047621,376.47,prod_118,3,125.49
dc4f55dc-2b30-48e8-b48a-c6ec06a2cd24,cust_366,2025-04-29T10:59:03.047621,259.86,prod_32,2,129.93
49251979-36bd-41b9-b247-8a52f8e99ba3,cust_413,2025-03-14T08:59:00.047621,191.65,prod_185,1,191.65
d8b18929-dfa3-4800-afaf-87b8796bc9f2,cust_79,2025-06-18T15:18:44.047621,234.38,prod_18,2,117.19
bd1bd233-1f60-4194-b686-62ccc71a25ec,cust_193,2025-06-22T05:06:26.047621,154.28,prod_161,2,77.14
95c2d7e1-71d2-4de7-beee-3cfcd3f61b73,cust_203,2025-05-04T15:48:50.047621,15.3,prod_120,2,7.65
eb790377-d2e6-4739-a343-12ed61c40808,cust_66,2025-09-27T13:51:48.047621,42.41,prod_140,1,42.41
d33559fe-1a60-44dd-87ad-82fcf44329f6,cust_172,2025-12-13T02:44:47.047621,158.93,prod_48,1,158.93
7453bdf1-8ecb-455d-8597-ef6d89de5c9e,cust_71,2025-07-28T11:19:48.047621,327.56,prod_15,2,163.78
518cc38d-6bb5-4f27-b6b4-3995a76c1645,cust_280,2025-04-27T00:09:47.047621,107.81,prod_57,1,107.81
d6fd190d-5e36-4d67-9316-bd611d66b7ab,cust_330,2025-09-27T08:18:19.047621,235.14,prod_41,3,78.38
cc876eb9-3f97-4970-b22f-4d1aa794797f,cust_403,2025-09-05T23:16:55.047621,376.05,prod_77,3,125.35
fcc1307d-615c-4cac-9b84-8fae60621e7e,cust_38,2025-06-12T15:08:43.047621,119.34,prod_49,1,119.34
3aef3844-2c83-4844-a062-f20adf3b4d59,cust_226,2025-06-22T06:51:15.047621,238.62,prod_150,3,79.54
d75eced4-e792-4bd8-ab36-4519542ed0af,cust_385,2026-01-27T04:00:36.047621,493.56,prod_65,3,164.52
871e45f4-47b8-4f0c-9388-8a417121e631,cust_365,2025-12-13T10:11:35.047621,120.99,prod_106,3,40.33
cdc438c8-11e2-4e4d-bc49-d9ea3a943fd1,cust_71,2025-12-08T14:02:48.047621,354.46,prod_164,2,177.23
b263885b-bfc3-42da-b71d-caca4a77b4ca,cust_176,2025-05-29T23:45:41.047621,213.4,prod_92,2,106.7
6571d2da-73b1-4ec0-9941-3186d1bb751e,cust_263,2025-12-03T23:02:22.047621,214.65,prod_169,3,71.55
7f3d8f09-6f54-4641-ac6b-d0e101b4e4e4,cust_386,2025-02-12T10:41:13.047621,232.74,prod_81,3,77.58
3567e917-86ea-4b14-b889-85546a19bd16,cust_223,2025-08-08T17:09:52.047621,91.74,prod_137,3,30.58
bbce2fd5-c3f7-41b8-afa5-2a9e4420ccf4,cust_305,2025-11-02T21:17:36.047621,136.8,prod_186,3,45.6
4ec5bc02-d097-4697-8d21-7d7de06625b1,cust_480,2025-12-14T18:32:25.047621,250.7,prod_77,2,125.35
744cf62d-bb88-4e0a-91c9-d32e398c5aa3,cust_234,2025-06-13T11:10:57.047621,194.04,prod_97,2,97.02
f61d1986-8835-4d0d-8636-e480d96d0a19,cust_93,2026-01-26T00:36:49.047621,179.72,prod_51,1,179.72
5ab5ef03-d87c-4522-bdae-c09f405cd0f5,cust_46,2025-07-07T21:13:07.047621,293.7,prod_115,3,97.9
e0c60f81-8154-4653-80c6-92dc1a9383b8,cust_462,2025-04-09T01:04:55.047621,169.3,prod_188,1,169.3
a312f916-3ee0-4ef6-96fb-3a3249b9242f,cust_412,2025-02-13T09:33:21.047621,172.86,prod_167,3,57.62
3dc18597-9105-487d-aa0d-7fcb14cee176,cust_22,2025-07-20T22:26:47.047621,42.41,prod_140,1,42.41
4efbd8f6-0e83-4e14-9394-7312123a4812,cust_402,2025-05-30T12:55:15.047621,308.52,prod_189,3,102.84
36980d3c-bfac-49b0-a56b-b45813de6b7b,cust_205,2025-02-01T17:58:24.047621,182.13,prod_168,3,60.71
fdea275a-03fe-461a-adf9-e3f04236c1bf,cust_413,2025-12-17T01:42:32.047621,40.67,prod_53,1,40.67
6098a4c5-2141-49d5-a391-82ec6319b205,cust_363,2025-07-31T05:51:51.047621,163.32,prod_178,2,81.66
9efa0810-ff21-4671-b3c7-9818e8460623,cust_237,2025-07-04T14:35:34.047621,307.88,prod_80,2,153.94
abbfe8d5-4832-4b04-8399-619124009091,cust_403,2025-12-15T00:37:32.047621,159.9,prod_93,3,53.3
7fd4d78e-2162-4643-948c-24daf4f468e9,cust_244,2025-06-22T09:30:38.047621,437.91,prod_20,3,145.97
052d9d92-d559-4a15-a2dd-47a10aa03ae3,cust_431,2025-05-20T17:23:02.047621,329.04,prod_65,2,164.52
a746708e-0d88-4b57-aba3-514ba91b5c21,cust_318,2025-05-03T05:20:18.047621,233.22,prod_84,3,77.74
91ac61f0-739f-4a3f-b0d9-82773e5c6d7c,cust_143,2025-12-24T01:11:49.047621,364.28,prod_130,2,182.14
49c30b5c-ff5d-4ddb-9335-37df9fb304f3,cust_488,2025-04-03T12:00:04.047621,180.28,prod_193,1,180.28
79d1e5bf-c630-4f9b-8fbb-21e33a1df57b,cust_5,2025-05-01T01:20:19.047621,158.72,prod_136,2,79.36
6546b70c-1fc2-44fa-b2be-12dd03aacb40,cust_176,2025-04-14T14:52:05.047621,128.49,prod_58,1,128.49
9db5ef4f-e446-4522-8840-e77aea5c67e2,cust_139,2025-03-28T03:01:45.047621,91.15,prod_102,1,91.15
b849016c-a2b7-4a6f-90c2-63425f69e1c0,cust_434,2025-11-13T23:05:11.047621,73.11,prod_187,1,73.11
a42f3e2e-9ac2-4a60-8a2f-8bbf2c6dbc80,cust_53,2025-10-18T04:25:17.047621,188.3,prod_134,2,94.15
4ac38caa-703a-4ed4-8026-86e4142bd9a3,cust_106,2025-08-26T14:02:56.047621,539.16,prod_51,3,179.72
9be9c552-86ac-4a51-8af0-d9338c67076f,cust_199,2025-04-11T17:08:20.047621,269.34,prod_171,3,89.78
aeb74275-82db-42e7-ac2d-35646888ead6,cust_418,2025-07-18T02:03:32.047621,311.61,prod_126,3,103.87
84ce32a0-901c-4b47-ad35-f9490e470d76,cust_489,2026-01-05T13:15:42.047621,169.86,prod_91,3,56.62
7a9d9d72-9257-4a62-bbf6-90c06dc10cdf,cust_413,2025-08-10T00:27:10.047621,159.9,prod_93,3,53.3
c67fb901-57da-4d20-bdca-8593d2207f68,cust_428,2026-01-21T11:14:11.047621,194.04,prod_97,2,97.02
e4c344d8-dee7-4482-a421-7bd950a9389e,cust_86,2025-10-06T04:44:02.047621,89.41,prod_21,1,89.41
baeeb676-56e1-40c5-851e-5151f1886f8a,cust_147,2025-04-16T22:11:20.047621,76.15,prod_87,1,76.15
200d6f47-5ea7-433e-920b-dcebe81f8a0e,cust_210,2025-11-12T18:40:39.047621,33.9,prod_45,3,11.3
37ada57c-4690-4dca-9614-3b00def92601,cust_284,2025-04-15T20:54:41.047621,293.7,prod_115,3,97.9
21364486-e71e-4e39-a24e-fc782b42afea,cust_163,2025-03-16T17:18:21.047621,167.84,prod_95,2,83.92
d3763cae-99d6-4453-8454-4b43f76d40ad,cust_158,2025-10-03T13:12:10.047621,72.49,prod_71,1,72.49
229ed902-d636-41a8-b7c5-f420e2671244,cust_486,2025-06-14T00:15:04.047621,90.48,prod_6,3,30.16
b5207dcf-9a8c-4a85-98fc-356b6ddca3d2,cust_318,2025-06-02T01:01:54.047621,172.14,prod_30,3,57.38
adcef0a9-52bb-4cf8-b6da-31bcdec923c0,cust_54,2025-10-11T03:58:14.047621,80.66,prod_106,2,40.33
9b1450ad-8f88-462a-85b0-44e03795f4dc,cust_410,2025-08-04T03:08:18.047621,140.52,prod_108,3,46.84
24e9bdcc-90de-4f40-964e-84e37953fac8,cust_86,2026-01-26T15:33:49.047621,16.48,prod_172,2,8.24
7475b98a-8d5b-4bf0-b5c5-796320e7ed92,cust_206,2025-09-06T20:59:31.047621,135.04,prod_175,1,135.04
fcddb5e8-a210-46b3-8fab-b5109746f548,cust_461,2025-08-10T10:10:07.047621,359.36,prod_142,2,179.68
79642864-ecf9-4231-9443-8198151dadce,cust_12,2025-09-13T23:34:43.047621,373.26,prod_2,2,186.63
3e0c417b-c3c1-45e1-bc46-04409c4f01b8,cust_170,2025-04-21T18:50:26.047621,55.89,prod_135,1,55.89
f8ed4e24-90a9-4117-9e53-74e8c82078ce,cust_484,2025-12-15T05:29:45.047621,178.82,prod_21,2,89.41
a19f3cb0-3394-419d-9ddd-8656285cc5bf,cust_239,2025-07-10T21:36:22.047621,186.63,prod_2,1,186.63
23481173-80e5-4eec-b4de-a9b6644b838c,cust_185,2025-07-27T12:00:27.047621,481.56,prod_157,3,160.52
e9480cd3-aeed-40e2-8b74-7fb4729fdd96,cust_26,2025-07-01T02:43:30.047621,187.38,prod_148,1,187.38
8f91e3fd-e16d-45c2-ba35-37f827f3051d,cust_381,2025-04-24T14:52:09.047621,371.76,prod_181,3,123.92
d81b694a-4093-41ca-9dcf-9034dfd52e4f,cust_127,2026-01-18T19:03:34.047621,244.98,prod_178,3,81.66
0cde3c9b-5ed1-4219-98fe-71d704378525,cust_469,2025-05-25T01:48:54.047621,159.33,prod_23,3,53.11
1ab1dec0-1435-4631-98c5-d811b5234c82,cust_271,2025-06-25T05:23:02.047621,539.55,prod_74,3,179.85
5f6fe056-bb2e-4d67-86da-d55495e433df,cust_183,2026-01-03T09:32:08.047621,61.16,prod_137,2,30.58
d203df97-3236-4bf4-a7b4-dcab56018d63,cust_145,2025-05-29T03:44:06.047621,89.41,prod_21,1,89.41
0f06dbd2-2dc8-4e96-86da-5306dd1feb16,cust_388,2025-02-09T22:13:20.047621,155.75,prod_177,1,155.75
66694e6a-5306-4ff1-98ff-605cd84fac8f,cust_331,2026-01-02T07:21:08.047621,524.1,prod_3,3,174.7
61af3181-db97-45f3-8302-9b11a54793ba,cust_292,2025-03-13T12:19:27.047621,106.6,prod_93,2,53.3
b313d628-c10e-48d2-b32a-5982b4410f06,cust_312,2026-01-25T13:58:31.047621,113.36,prod_132,1,113.36
ac6854c7-fa3f-4b58-9cfa-8929212154c9,cust_53,2025-03-14T17:58:45.047621,236.72,prod_153,2,118.36
2b6cdf55-435a-49e3-9fff-40d72f72858a,cust_301,2025-08-24T01:21:30.047621,158.72,prod_136,2,79.36
e4245c43-fb19-4fb5-9e27-40e88a5bd162,cust_5,2025-10-17T09:18:49.047621,364.28,prod_130,2,182.14
28021c04-dc0c-4509-a7fc-ec4493dd2d16,cust_70,2025-11-10T07:54:29.047621,546.42,prod_130,3,182.14
2deb946f-dcd7-405e-a847-3a3f53437da8,cust_465,2026-01-14T13:16:31.047621,436.86,prod_12,3,145.62
4ecb49e3-c456-4464-a627-cec661124c68,cust_29,2025-02-21T16:07:53.047621,309.6,prod_70,3,103.2
af9f4a06-7529-49e7-b936-4bd960b4f022,cust_471,2025-12-08T17:41:28.047621,268.52,prod_5,2,134.26
38217882-7df6-42b8-aa0a-420d6c6dc2bb,cust_59,2025-02-25T13:06:27.047621,210.58,prod_19,2,105.29
a769ac69-6844-48cc-8c9d-43c9ed76ed06,cust_444,2025-03-08T03:20:44.047621,140.76,prod_96,3,46.92
794942d0-d8a9-4252-a552-b52fc96ca6d2,cust_485,2025-06-10T17:04:09.047621,7.69,prod_141,1,7.69
f1048a1b-477b-4585-8e40-333a8819c5e5,cust_481,2026-01-08T15:00:23.047621,86.76,prod_104,2,43.38
f8dd3410-82d0-47e9-980a-fa32488d1e0b,cust_272,2025-11-06T01:21:16.047621,371.76,prod_181,3,123.92
a28eb982-9ba0-431a-b1c2-dfac63933eda,cust_38,2025-11-19T22:21:47.047621,477.93,prod_28,3,159.31
395c63c6-554c-47d4-89c6-a96f771de22f,cust_305,2025-08-08T22:46:44.047621,158.13,prod_69,1,158.13
3e456f02-22d4-40f7-a863-e40c7b7832be,cust_253,2025-06-26T07:07:31.047621,42.41,prod_140,1,42.41
7e363f3d-fff5-4387-9863-886266635dd0,cust_461,2025-08-30T07:45:11.047621,130.71,prod_124,1,130.71
887ff55c-afe5-4c87-87a1-81f6d011aa24,cust_94,2025-12-18T23:41:11.047621,66.35,prod_1,1,66.35
09fd8928-e1b4-461b-ad47-789d20f81273,cust_471,2025-09-09T13:32:27.047621,181.49,prod_90,1,181.49
6084201d-8cda-49fd-8a6e-44f8d47e0397,cust_69,2025-09-10T01:05:19.047621,320.04,prod_44,3,106.68
a99d29ec-6e55-4981-82b8-99d116a90678,cust_304,2025-06-03T16:04:52.047621,22.6,prod_45,2,11.3
d390c058-19f8-4f00-b8d3-af9bb09435ba,cust_391,2025-04-21T12:02:46.047621,373.3,prod_154,2,186.65
5ead7268-54fe-4236-9e7d-9ea3280a84e9,cust_354,2025-08-09T06:27:53.047621,68.43,prod_145,3,22.81
bd5f598a-c96c-45c9-97e1-d2236ec475eb,cust_392,2025-10-11T19:31:53.047621,153.94,prod_80,1,153.94
f74967a3-b7f3-43fd-a1e8-8a5410d47ea3,cust_316,2025-10-03T06:19:37.047621,187.38,prod_148,1,187.38
8a562858-c9a9-4307-9614-c4628ebd04d5,cust_240,2025-02-19T19:42:50.047621,232.74,prod_81,3,77.58
6649ca0c-5ed0-400d-a96a-658d0de0720e,cust_446,2025-02-13T09:58:53.047621,55.7,prod_61,2,27.85
8ebed898-3401-4b64-8469-8180cd58e6dc,cust_357,2025-09-25T22:17:42.047621,123.92,prod_181,1,123.92
152cdf80-caff-4817-bf59-d2de70983338,cust_267,2025-07-10T09:20:26.047621,523.62,prod_151,3,174.54
49ca763a-5939-4943-b720-51bf68598e62,cust_97,2025-08-20T07:12:25.047621,179.76,prod_13,3,59.92
4397da75-92d7-42a3-8d8f-10598334c0b3,cust_320,2025-08-31T06:38:09.047621,145.45,prod_112,1,145.45
389d5d11-7171-4086-aec9-9acf08bd371f,cust_3,2025-12-19T08:58:39.047621,55.7,prod_61,2,27.85
8ded493f-aef1-4aa0-a8bc-4f545ae2a4a1,cust_9,2025-03-04T21:56:39.047621,238.08,prod_136,3,79.36
822f3ef1-1431-4667-9dc6-9593d596ac1d,cust_128,2025-05-20T00:01:23.047621,44.23,prod_159,1,44.23
1aa053ac-6aaf-44e8-9038-e67b41dc3e65,cust_256,2025-12-13T17:01:04.047621,59.06,prod_85,2,29.53
bdb3236e-2c6a-4705-a1e8-35688e98c5d0,cust_329,2025-04-01T04:52:34.047621,487.92,prod_4,3,162.64
90325a27-49c8-4b83-84f6-0fe0fa42c04a,cust_68,2025-04-26T17:50:32.047621,159.54,prod_42,2,79.77
01cfda7e-be7e-4484-80eb-01c1354a7261,cust_274,2025-06-11T17:59:01.047621,360.6,prod_33,2,180.3
cc99f7ac-5f62-4916-8fed-8f174cbd54a2,cust_192,2025-07-25T23:36:02.047621,25.63,prod_121,1,25.63
282af5c9-6d19-4ece-8074-a20b412b43da,cust_438,2026-01-12T12:26:00.047621,359.44,prod_51,2,179.72
8aba4d9d-d8d3-47d7-a489-9b7567c6662b,cust_107,2025-09-08T18:03:40.047621,304.77,prod_125,3,101.59
58c4075f-49db-480a-b785-4acdab3e806a,cust_388,2025-03-10T16:33:21.047621,539.04,prod_142,3,179.68
e5d32f91-e62a-4f7d-ba33-860a69622c86,cust_26,2025-12-12T22:42:32.047621,63.9,prod_82,3,21.3
60ca6387-b3e4-438d-8ad4-5c66b1701b06,cust_488,2025-08-29T19:32:08.047621,402.78,prod_5,3,134.26
5e2c94c7-56b9-47f5-bea6-080805350dca,cust_64,2025-05-08T15:27:54.047621,439.59,prod_99,3,146.53
54249064-4883-4928-a699-780c017bf266,cust_105,2025-06-01T15:09:59.047621,88.14,prod_199,2,44.07
ea584d7e-bead-423e-b321-5dc1438ce850,cust_296,2026-01-31T16:50:30.047621,47.8,prod_180,1,47.8
d6b0583e-2212-4ba8-b39c-e24a3ee64504,cust_397,2025-08-30T14:47:30.047621,306.93,prod_198,3,102.31
6c120741-eefd-4d64-bdb6-30f405d36b3d,cust_348,2025-05-20T18:55:58.047621,55.89,prod_135,1,55.89
efc23d4e-e0b5-4141-aa89-d2ea180d956b,cust_38,2025-11-01T21:03:12.047621,330.12,prod_192,2,165.06
ff698746-ea79-42cc-81c0-e1fb807d6229,cust_311,2025-09-16T19:18:03.047621,127.23,prod_140,3,42.41
0279b41e-127c-412b-a388-a294919e8654,cust_407,2025-04-26T19:32:52.047621,196.84,prod_67,2,98.42
99fb3a15-76cc-44cb-a3d0-0e6a8d7b2a24,cust_452,2025-10-28T22:57:26.047621,90.6,prod_43,1,90.6
6d6aae0b-4706-4183-81da-937cdc50cd69,cust_237,2025-12-23T20:52:48.047621,22.95,prod_120,3,7.65
7cf1dd16-458a-4722-805b-e197ffa6341f,cust_117,2025-12-11T17:13:30.047621,329.04,prod_65,2,164.52
56c0749f-5e29-4be8-b06b-a17172bf5f04,cust_198,2025-11-05T05:18:12.047621,181.49,prod_90,1,181.49
e552e77b-b19d-451d-bf9e-946b8c937538,cust_281,2025-07-31T17:44:55.047621,476.79,prod_48,3,158.93
05e1c516-671d-4bdf-bba0-7635d1d9b790,cust_29,2025-11-16T00:31:52.047621,574.95,prod_185,3,191.65
5fc92674-ca86-4a30-9eeb-177bdfa75791,cust_278,2025-08-12T06:48:38.047621,191.65,prod_185,1,191.65
a2408595-8621-4ec5-9d43-7a2ae364d791,cust_409,2025-12-28T02:35:40.047621,307.64,prod_88,2,153.82
ad548d29-1137-477a-946a-9356c2e849fc,cust_58,2025-04-07T03:20:38.047621,44.6,prod_68,1,44.6
4107e091-d60c-40c2-a9ef-1073c454418b,cust_348,2025-08-06T06:10:53.047621,167.84,prod_95,2,83.92
f80b7ff3-387c-44bc-b37f-ba3529165ef1,cust_429,2025-12-19T09:59:07.047621,206.4,prod_70,2,103.2
fd42c577-dd74-46c5-bd7c-b32b77e2f038,cust_198,2025-02-04T23:46:33.047621,160.78,prod_34,1,160.78
0c3eb291-cd2f-4beb-9b8b-ee1a51e7017b,cust_379,2025-02-21T08:54:26.047621,40.16,prod_64,1,40.16
3cf86bf0-59c1-4e41-b866-af8e921d3c13,cust_447,2025-10-31T10:19:20.047621,150.72,prod_11,1,150.72
61b67463-1d86-434a-a8a1-b359989c57e8,cust_440,2025-05-24T08:47:29.047621,179.04,prod_146,1,179.04
2cb096c5-3676-488c-9128-1df6b54e20e4,cust_344,2025-07-22T19:09:30.047621,58.58,prod_98,2,29.29
770bf75d-bfbb-418c-a6e4-1c3653b185fa,cust_286,2025-10-07T21:03:33.047621,97.02,prod_97,1,97.02
f101b12c-db33-4604-b701-c6ea301b5df2,cust_47,2025-07-11T11:31:26.047621,213.72,prod_191,3,71.24
947f3ce0-e561-4a71-a9de-13285f1087bc,cust_35,2025-05-12T19:54:56.047621,132.85,prod_37,1,132.85
7a8dbf56-2a20-46c8-be01-195ea482530e,cust_479,2025-06-03T13:13:43.047621,90.6,prod_43,1,90.6
769e6556-c0cb-4c6d-8f4c-bf166fd95d1c,cust_290,2025-09-16T04:31:51.047621,531.69,prod_164,3,177.23
a679e9a3-e38c-4b03-8a35-2c3e11e69f5e,cust_165,2025-02-15T07:03:33.047621,385.47,prod_58,3,128.49
fbf0d271-6e4b-441b-9f7b-d4901a423ba4,cust_462,2026-01-27T21:03:46.047621,263.38,prod_86,2,131.69
2d556a81-74f6-4458-ac30-b0d60af84f94,cust_14,2025-10-11T19:11:25.047621,271.8,prod_43,3,90.6
966b8e77-15e1-4933-8bd9-fae2e9ea80ef,cust_315,2025-06-14T09:01:52.047621,181.49,prod_90,1,181.49
7f62ed50-df49-4d55-98c7-48f464c603f1,cust_491,2025-06-07T12:05:15.047621,15.3,prod_120,2,7.65
e966403a-ba73-46f7-bdea-4ec156d2a6a5,cust_291,2025-04-03T17:33:34.047621,274.89,prod_184,3,91.63
bfbd9748-2ea3-4a78-b740-2caeb6e87ba6,cust_245,2025-08-06T18:27:20.047621,171.78,prod_155,3,57.26
2ca20ff3-6e74-4e36-b375-a636ef1473f3,cust_29,2025-09-14T04:24:19.047621,131.69,prod_86,1,131.69
ba7661fb-44d2-4861-828b-1a0bd1d10044,cust_2,2025-10-02T22:25:27.047621,477.93,prod_28,3,159.31
33444006-1482-4382-98d2-0aeac1a3de0d,cust_180,2025-06-09T23:31:24.047621,134.26,prod_5,1,134.26
0bafa356-a38b-453a-a35f-59b7b5d8d935,cust_389,2025-07-11T10:39:41.047621,293.06,prod_99,2,146.53
ded244b1-b8d7-4c4d-b7c0-d4c0f9cce6e3,cust_337,2026-01-11T18:00:46.047621,370.32,prod_156,2,185.16
5b9a1a71-a077-4e8b-8281-f48473c6a1e2,cust_63,2025-04-14T02:33:44.047621,317.86,prod_48,2,158.93
406b44f7-40fc-4406-9dd4-24391de434f1,cust_169,2025-11-26T05:31:03.047621,59.66,prod_59,2,29.83
3a34e9b4-e21a-4936-b587-4c2a5dd371c9,cust_357,2025-10-11T13:02:56.047621,361.24,prod_56,2,180.62
e38992de-8355-4f05-ae7e-9669d14abd2e,cust_192,2025-11-13T09:27:48.047621,261.74,prod_36,2,130.87
99c4678b-a9f1-4ff7-bfee-77328e8d102c,cust_58,2025-06-15T05:13:20.047621,304.77,prod_125,3,101.59
b01b94a3-12c4-4edf-9483-07a07afbbf3e,cust_352,2025-09-03T09:52:09.047621,87.87,prod_98,3,29.29
769717cb-a330-4bfb-85c5-b4d2d6a161fa,cust_353,2025-04-21T19:34:53.047621,88.58,prod_194,2,44.29
0a13bdf1-6978-4a04-9e4a-390d4316c8fb,cust_350,2025-08-15T12:59:23.047621,361.24,prod_56,2,180.62
032cd46f-b4e7-4747-86d9-b5b6aeaa0818,cust_273,2025-06-12T00:59:42.047621,246.15,prod_129,3,82.05
389b6508-0dbd-44cd-8020-e846e87d04a6,cust_383,2025-02-20T03:57:27.047621,238.68,prod_49,2,119.34
e527c3a3-f63c-4188-82d9-9c855c5ccc86,cust_238,2025-05-11T15:31:28.047621,224.04,prod_55,3,74.68
3a213beb-9291-4ebe-87dd-4ccf95e19734,cust_31,2025-09-09T13:25:58.047621,183.82,prod_105,2,91.91
f29e98c3-f1f6-49f0-ad80-4969648c9430,cust_287,2025-08-09T20:59:04.047621,172.86,prod_167,3,57.62
efc59dce-603f-450a-b865-23642aa4a210,cust_381,2025-12-20T10:43:43.047621,214.65,prod_169,3,71.55
84e4e862-c6b8-4355-aa0a-546ff93aa50d,cust_2,2025-06-15T17:22:03.047621,125.04,prod_63,1,125.04
86605959-afd6-4c13-ace4-5967ad5b75f5,cust_29,2025-09-26T00:36:38.047621,91.15,prod_102,1,91.15
f4a16505-b2c9-4f7b-b720-761d45a002f7,cust_229,2025-04-04T00:17:17.047621,461.82,prod_80,3,153.94
e482ea3d-dde5-4a9a-8b34-bccc859985f3,cust_390,2025-07-01T13:02:19.047621,150.72,prod_11,1,150.72
86298c27-f98a-4cce-8d44-2f4255d80c60,cust_166,2025-08-28T12:29:28.047621,122.01,prod_53,3,40.67
46e58dd7-412f-4d6f-b92a-04c0d2977dea,cust_430,2025-05-11T05:59:21.047621,101.18,prod_83,2,50.59
54d3ae9f-7177-4186-ada9-04e340a00bf1,cust_443,2025-08-14T00:26:52.047621,43.38,prod_104,1,43.38
376805dd-9da8-4efa-b1fc-6fc85e0aa68a,cust_62,2025-10-20T09:34:20.047621,182.3,prod_102,2,91.15
06688244-f38e-4cce-bb1d-78998250033f,cust_100,2025-10-30T01:09:53.047621,552.39,prod_200,3,184.13
cca299cc-0a1c-48b4-8af9-14794deb48b9,cust_288,2025-06-27T22:22:24.047621,165.16,prod_179,2,82.58
97c3e465-b9c4-4f69-a4b3-8d1a3d2b9f31,cust_341,2025-03-03T03:30:01.047621,99.6,prod_162,1,99.6
84a08de1-cf2a-478d-86d9-94688950feab,cust_108,2025-12-13T03:27:45.047621,323.52,prod_114,3,107.84
d5c812c9-61d6-4258-b732-4013bc79664d,cust_90,2025-10-28T03:10:24.047621,29.83,prod_59,1,29.83
f18b4cd0-5157-4553-9d44-a2195e401c44,cust_450,2025-02-06T03:44:57.047621,338.6,prod_188,2,169.3
7d78bb1f-e4c0-4ec1-82fb-c65707ae0062,cust_318,2025-08-25T11:26:18.047621,87.0,prod_139,2,43.5
e1e02b69-a3b5-4d72-a747-af847c1133fc,cust_227,2025-06-08T19:06:06.047621,247.84,prod_181,2,123.92
92ba99dc-8442-4d6e-8a28-85e11ab2ca08,cust_354,2025-12-09T23:31:11.047621,93.84,prod_39,2,46.92
5a1a7910-1764-4a04-bff1-f5526d9a4e84,cust_443,2025-11-15T15:49:49.047621,155.16,prod_81,2,77.58
4d984625-2212-4d21-90f4-0136686a14c1,cust_374,2025-12-09T21:05:19.047621,476.79,prod_48,3,158.93
1c0b698d-df7c-4363-9518-1d327240eac2,cust_296,2026-01-26T07:47:06.047621,78.24,prod_22,3,26.08
06a76a53-feac-4d23-a802-5f4abcaf57c1,cust_297,2025-10-06T15:22:02.047621,149.36,prod_55,2,74.68
e6c6bac3-dc8c-4777-9efc-b07a6b585f06,cust_426,2025-03-06T16:06:34.047621,228.45,prod_87,3,76.15
83011963-3630-4e1b-9240-f2795410c704,cust_303,2025-07-01T05:58:59.047621,36.76,prod_174,1,36.76
53e2ad10-cf53-43aa-aff5-ee72b28ce58a,cust_455,2025-06-14T12:13:40.047621,143.12,prod_190,2,71.56
09822867-10cd-40b4-83c4-3ae1f19ee24c,cust_102,2025-10-06T11:47:10.047621,185.16,prod_156,1,185.16
9df3e7a1-2d41-475a-bf80-3f905af682fb,cust_254,2025-06-21T19:08:13.047621,165.39,prod_197,1,165.39
2a399320-43b6-404a-87f0-cfda4fc53efe,cust_461,2025-08-31T10:13:26.047621,64.33,prod_131,1,64.33
abca91a8-08ae-4532-bd73-2e77b24cbdd3,cust_176,2025-04-10T20:52:58.047621,83.8,prod_110,1,83.8
38dc4612-02da-4e56-a468-aa16d239896f,cust_491,2025-10-12T06:43:59.047621,46.89,prod_54,1,46.89
dd78bcd7-8dec-46a1-9628-03fa0503eb09,cust_182,2026-01-28T09:53:38.047621,34.39,prod_8,1,34.39
3f1f4057-cf70-4acc-a53a-a75eea3bff1f,cust_397,2025-11-02T07:21:00.047621,362.58,prod_7,3,120.86
e8c143a9-216f-4281-b089-78e085c45779,cust_243,2025-10-10T02:14:26.047621,130.87,prod_36,1,130.87
edcb3c56-78de-4d9a-bacc-b6f3c27f1460,cust_400,2026-01-31T23:25:48.047621,321.04,prod_157,2,160.52
427edf8d-87b4-4d53-8b7c-a6489f1d9a84,cust_63,2025-12-10T04:35:20.047621,306.93,prod_198,3,102.31
8b8bb5f7-786d-4cf7-8140-a9a80bbe1afb,cust_261,2026-01-22T23:07:17.047621,140.52,prod_108,3,46.84
d4d380c9-3e11-4e21-b000-26df70a250ff,cust_126,2025-02-11T08:48:43.047621,48.58,prod_143,1,48.58
20bbf0f4-5d7c-4d0a-a363-17f69df9873a,cust_229,2025-07-26T12:24:56.047621,594.24,prod_78,3,198.08
d849d94b-bd3f-423e-b3fc-703debeaeeb3,cust_193,2025-07-14T22:57:37.047621,66.35,prod_1,1,66.35
9c064846-0627-4dfd-a136-7c6f8ecdc8ba,cust_48,2025-04-10T10:30:59.047621,574.95,prod_185,3,191.65
edb7eb98-3de4-4b91-9357-94b91855fffe,cust_37,2025-11-26T07:31:53.047621,198.08,prod_78,1,198.08
459eaa2a-09ea-4e1e-846c-42cb6b0cba50,cust_115,2025-10-18T13:09:25.047621,533.79,prod_72,3,177.93
97d081fd-feea-496a-b69b-ae3ed9870555,cust_67,2025-12-14T03:47:48.047621,359.36,prod_142,2,179.68
9f1d1cca-455d-4c98-b2fe-58e79fecd08a,cust_308,2025-07-26T17:28:02.047621,87.87,prod_98,3,29.29
8401e23c-a2e0-4b6e-844d-d3f28fa133a0,cust_375,2025-08-05T06:24:27.047621,53.78,prod_149,1,53.78
44cd8c62-5576-4e7c-985c-b7411a7b09a0,cust_199,2025-12-01T01:17:19.047621,247.68,prod_147,2,123.84
21548d60-4c7c-4435-815d-f5a434c6ae41,cust_369,2026-01-30T18:44:58.047621,197.31,prod_173,3,65.77
5d1f3b8a-2ce1-4c83-bbf6-c1cad4900c02,cust_193,2025-09-11T05:04:59.047621,26.76,prod_170,3,8.92
2dd84ada-7212-42f0-b51b-7ed30481761a,cust_93,2025-10-13T14:15:24.047621,135.65,prod_38,1,135.65
a19bd07f-3e46-46c0-b82b-1795775f128a,cust_101,2025-09-22T15:49:53.047621,137.52,prod_160,3,45.84
237b97e1-08a1-4224-92d4-9c8bc1e56277,cust_220,2025-11-15T01:14:28.047621,308.74,prod_66,2,154.37
6b03bbad-caf2-4d73-8ae3-3a6288096b4f,cust_391,2025-03-05T03:32:52.047621,370.2,prod_89,3,123.4
cf975ea5-b2cc-4ee6-a9b1-f4ade712a17b,cust_401,2025-11-21T11:53:34.047621,76.89,prod_121,3,25.63
558b86e4-224f-4c9b-b717-83e54ad6a306,cust_183,2025-02-21T02:28:37.047621,123.4,prod_89,1,123.4
20aaac92-16b6-418e-9be8-c287653c6670,cust_311,2025-12-07T09:36:25.047621,58.32,prod_165,2,29.16
dbc01a5c-acb2-46b3-bad0-2a3fcc3c52ef,cust_263,2025-10-10T19:52:16.047621,246.84,prod_73,2,123.42
85b81afe-59b6-4943-b32e-f3ea42171d9a,cust_22,2025-04-20T14:05:09.047621,52.16,prod_22,2,26.08
486a4789-09a0-474e-b268-6893dc659aa8,cust_186,2025-08-23T07:14:17.047621,137.52,prod_160,3,45.84
f266fb82-45fb-446c-a1c0-e2a4892f9de7,cust_58,2025-02-15T16:44:28.047621,464.88,prod_152,3,154.96
400e96c0-2fad-4390-8739-b9cf3e0c28f4,cust_468,2025-02-20T16:35:02.047621,53.8,prod_176,2,26.9
944eebbe-de28-4711-ba60-f7592434055a,cust_424,2025-09-19T06:55:31.047621,90.6,prod_43,1,90.6
a2907575-1a8b-46ef-a362-e81c6b4c96b7,cust_173,2025-06-21T03:57:44.047621,291.94,prod_20,2,145.97
01adca6e-3d67-48a8-93d9-a459f2cb9c6f,cust_454,2026-01-15T07:20:02.047621,15.63,prod_127,1,15.63
ba797b58-b300-4aae-a825-eb4f4447c9d7,cust_356,2025-04-24T15:45:47.047621,361.24,prod_56,2,180.62
80753ba6-a13e-46f3-a196-a426ad2205d4,cust_420,2025-05-05T22:41:48.047621,270.96,prod_117,3,90.32
43f41b8b-4e85-48ed-833f-4a34956bfaeb,cust_427,2025-11-13T23:05:44.047621,29.16,prod_165,1,29.16
fd55de56-4c30-4003-8e52-a92297ad3639,cust_217,2025-12-08T07:30:20.047621,119.9,prod_103,1,119.9
00ff0c73-8afe-4be0-b571-f1c88d334ff9,cust_37,2026-01-25T02:52:18.047621,364.28,prod_130,2,182.14
b0325691-2d45-4e31-9378-2a7ba3a9501c,cust_366,2025-07-07T01:22:50.047621,382.82,prod_26,2,191.41
81b947f1-e13e-4967-ad45-31a02c4b213e,cust_473,2025-07-25T12:17:23.047621,594.24,prod_78,3,198.08
73ce9347-4537-477f-9532-159a52ea6159,cust_136,2025-09-09T11:48:51.047621,158.13,prod_31,3,52.71
4a1e0b1c-e5ff-4f19-b89a-02a8e170ec1f,cust_232,2025-09-06T18:46:47.047621,153.94,prod_80,1,153.94
a0c0adbb-3284-4907-bb70-f4b59d499a71,cust_479,2025-05-05T11:58:05.047621,82.58,prod_179,1,82.58
097729e2-8adf-4fd0-9be0-a289ef617fe0,cust_453,2025-11-04T13:54:49.047621,213.36,prod_46,2,106.68
14b18b3b-b233-40d3-8511-cc26dc32447f,cust_110,2025-02-22T04:51:18.047621,181.49,prod_90,1,181.49
b07eb0ed-a368-4fd4-b2bf-7a3b45e2e627,cust_239,2026-01-25T17:29:12.047621,291.24,prod_12,2,145.62
57b05864-182b-4d3b-8201-53a5349d8088,cust_386,2025-02-05T09:07:19.047621,121.68,prod_133,1,121.68
83e01482-3660-4f25-8fed-dca9751a41c5,cust_227,2025-07-07T18:31:08.047621,307.88,prod_80,2,153.94
1c866a6e-b619-4cc9-bf5d-9d212b29331d,cust_336,2025-10-21T11:03:22.047621,362.58,prod_7,3,120.86
e26f1329-7c82-44ab-b655-f9189b8505b7,cust_88,2026-01-05T11:54:51.047621,562.14,prod_148,3,187.38
33659400-8754-4514-86ba-47dbb2a559a5,cust_132,2025-03-17T18:57:55.047621,130.71,prod_124,1,130.71
f399634f-8c08-46d1-bab6-63eba819890c,cust_80,2025-04-29T10:44:40.047621,76.53,prod_14,3,25.51
c7d2ca6f-52e3-4d60-adfd-62eefaa17b3d,cust_254,2025-05-21T03:29:56.047621,38.29,prod_195,1,38.29
7253c35f-bb1d-4ce9-97da-d6cbbefbfbf9,cust_77,2025-12-12T09:55:03.047621,20.79,prod_60,3,6.93
78c6af64-efa3-46c5-9ac8-820d01ed07b7,cust_445,2025-04-01T22:13:46.047621,546.42,prod_130,3,182.14
2e473969-614a-4252-8d29-a95f3ac5fdbc,cust_297,2026-01-25T07:57:09.047621,17.84,prod_170,2,8.92
95e1af84-caef-4910-9c10-316323f68f49,cust_245,2025-06-12T23:57:46.047621,36.5,prod_182,2,18.25
50bfa9da-a790-47f0-8680-9a2ac51a8d6d,cust_212,2026-01-25T01:35:24.047621,153.52,prod_196,2,76.76
189f5472-3bd9-4bf4-b80d-34f2eeb64282,cust_92,2025-05-17T15:05:18.047621,132.85,prod_37,1,132.85
259af4f8-0645-477f-b3ee-0bff39b4b01e,cust_204,2025-07-29T09:02:04.047621,230.04,prod_183,3,76.68
b762bb30-03b2-43f9-8ce6-0f0afaa62fb1,cust_410,2025-07-22T09:09:16.047621,153.82,prod_88,1,153.82
03d653f0-009f-4beb-b40e-1a951c22abdd,cust_391,2025-11-21T15:45:50.047621,95.6,prod_180,2,47.8
ce11d8e0-e7f0-4c38-a844-e3d922d6d973,cust_86,2025-04-17T11:20:15.047621,21.3,prod_82,1,21.3
f0f9f30d-c9ba-4cd1-a650-9f174305c63c,cust_357,2025-05-17T21:43:52.047621,143.4,prod_180,3,47.8
7ee911d9-0364-49a8-af42-499df78b7e86,cust_262,2025-07-25T05:21:03.047621,83.55,prod_61,3,27.85
4213e6d6-646d-45ad-adf5-a1e438c6ffd3,cust_307,2025-11-12T04:18:03.047621,137.52,prod_160,3,45.84
63fcfe90-01a2-4402-9355-ddc99a1e2094,cust_199,2025-11-24T01:36:29.047621,94.15,prod_134,1,94.15
620f0d60-d8da-49b4-afad-b8c2ae29edbc,cust_455,2025-06-23T02:49:02.047621,308.52,prod_189,3,102.84
e0b0dedb-a938-4258-9a2e-dfc3ecae11b9,cust_298,2025-03-28T03:30:39.047621,140.76,prod_39,3,46.92
316502ac-6afc-4c7a-9785-7839c32fd439,cust_188,2025-02-06T13:20:33.047621,103.2,prod_70,1,103.2
2219b9a1-6f1f-4389-920e-c144050495be,cust_189,2025-08-22T12:20:19.047621,74.68,prod_55,1,74.68
5a1709ac-0637-40b5-bc88-82bcc41dfd7d,cust_318,2025-05-03T15:08:48.047621,30.16,prod_6,1,30.16
b0e5e39a-7fcc-4222-8804-a399b096400b,cust_126,2025-05-19T04:19:14.047621,101.18,prod_83,2,50.59
781de70c-a7e9-4831-b4c7-db53b5ce78f0,cust_147,2025-08-21T12:12:45.047621,106.68,prod_44,1,106.68
a71bb812-f696-4328-8894-2683a5186adf,cust_394,2025-12-07T07:32:38.047621,329.04,prod_65,2,164.52
e866339c-5ed4-4cab-ac18-5b1411365f12,cust_8,2025-11-17T00:41:15.047621,373.3,prod_154,2,186.65
050f9207-5d55-4bdb-996c-adba1cbf498d,cust_206,2025-03-05T10:40:41.047621,172.86,prod_167,3,57.62
903b15d0-4b16-4c9d-9e72-4242acb9fa6a,cust_459,2025-06-16T01:54:50.047621,355.08,prod_153,3,118.36
074b7e09-fdeb-42b8-92a0-95f43c6b5325,cust_156,2025-12-12T22:03:57.047621,164.16,prod_101,1,164.16
f8583ebf-e199-4638-839b-36d6500f31fb,cust_97,2025-03-04T18:03:25.047621,269.34,prod_171,3,89.78
f18f7093-7cca-49f2-b70f-f1770d35bd91,cust_301,2025-07-13T01:47:52.047621,91.68,prod_160,2,45.84
9e3e4ee8-576d-4367-ab5a-8926a8b8a1ba,cust_235,2025-07-13T16:14:19.047621,153.52,prod_196,2,76.76
3f7a0d43-4fa5-460c-8304-114393bda246,cust_422,2025-02-02T20:02:52.047621,354.46,prod_164,2,177.23
2b9d5ac6-c4c0-4505-a99a-93be77657dcb,cust_90,2025-07-31T21:11:46.047621,320.04,prod_46,3,106.68
db6d4b67-430c-49f7-b862-f25104e4fbe4,cust_496,2025-10-13T23:22:51.047621,105.42,prod_31,2,52.71
4543a2b0-18eb-4a9a-abe7-9eb9fad42fb8,cust_490,2025-04-11T12:51:11.047621,232.74,prod_81,3,77.58
0299a52a-a063-42e9-a6fa-6b709a1ecfaf,cust_364,2025-05-29T02:34:28.047621,44.07,prod_199,1,44.07
9a8d975c-4598-43ac-b17e-7cdf182b472c,cust_447,2025-04-18T21:59:56.047621,210.58,prod_19,2,105.29
9d015da9-5929-402c-a129-25980faec67f,cust_232,2025-12-18T14:02:25.047621,91.2,prod_186,2,45.6
985ca40c-e91a-440e-ab60-d7b94c419cb0,cust_27,2025-06-17T13:28:19.047621,594.24,prod_78,3,198.08
a4a61908-13f8-4e36-ae33-8118bad76e53,cust_287,2025-03-18T19:53:55.047621,193.98,prod_166,2,96.99
2f79f176-0540-4ce8-950a-8d36ff3abf04,cust_106,2025-02-13T14:50:58.047621,158.72,prod_136,2,79.36
99f1c944-44b3-4d1b-9371-a7fea3d6d2fe,cust_63,2025-04-03T17:15:22.047621,88.46,prod_159,2,44.23
1a684e9e-4bbc-44fb-9907-42a0d8ec4e36,cust_357,2025-09-04T21:40:49.047621,193.06,prod_25,1,193.06
f5dfbe92-c637-4481-9fb1-6e5dfa87dba5,cust_315,2025-02-08T17:27:05.047621,191.41,prod_26,1,191.41
7eb2937f-a926-424e-8372-5be6820c449f,cust_276,2025-11-17T09:08:28.047621,106.68,prod_46,1,106.68
adf1a760-e7fd-4333-a8a4-4fa5116d442d,cust_351,2025-08-09T03:11:18.047621,43.38,prod_104,1,43.38
55958f74-d07c-422d-a1e1-8644cab15a7b,cust_132,2025-05-27T18:21:04.047621,204.62,prod_198,2,102.31
a9187314-e480-4ab8-9569-f57499843b86,cust_94,2025-08-25T06:13:59.047621,63.9,prod_82,3,21.3
415567be-bc0e-47c8-84cc-3f4ffcd69be1,cust_329,2025-12-26T10:28:46.047621,179.56,prod_171,2,89.78
bce3adbd-b70a-40fc-b2ba-1ccc877ca056,cust_22,2026-01-08T09:28:15.047621,88.58,prod_194,2,44.29
ee044307-7c4f-4ed3-bd39-5c84cfd15439,cust_388,2025-02-17T08:14:27.047621,42.6,prod_82,2,21.3
8ad760d5-a91f-4f25-ad4a-8923e69ffd81,cust_103,2025-12-31T09:06:12.047621,135.65,prod_38,1,135.65
3d1a24fe-4827-473c-8d4f-64583df67db5,cust_417,2025-02-23T23:43:18.047621,57.55,prod_62,1,57.55
fe501af4-aa02-45a2-b4af-d44ad199beaa,cust_262,2025-04-13T04:11:52.047621,191.41,prod_26,1,191.41
e26f9f9d-0f99-4fe8-98f2-d2a6563b8f12,cust_310,2025-03-02T12:19:01.047621,114.87,prod_195,3,38.29
35ceefe8-3b82-4a71-aa1e-08cde7a15292,cust_471,2025-06-10T03:31:50.047621,53.78,prod_149,1,53.78
b82e52e3-b4ea-49b8-97c9-b633523b13c3,cust_109,2025-09-09T20:38:53.047621,188.0,prod_94,1,188.0
8b8dbfab-cb96-4c72-b482-9a9e6fe62f12,cust_299,2025-10-16T22:53:38.047621,238.68,prod_49,2,119.34
ba282653-12b1-4eb0-8749-ba74836e9b85,cust_23,2025-10-18T10:59:54.047621,385.47,prod_58,3,128.49
4a0a0be5-8d00-48e7-86dd-16babae0a99f,cust_417,2025-02-27T14:53:07.047621,463.11,prod_66,3,154.37
12e906be-b2db-47c6-9b80-9df3ea3d7435,cust_395,2025-03-06T05:36:38.047621,579.18,prod_25,3,193.06
250cd200-39b8-443e-b2df-1dcddb9d865a,cust_314,2025-10-30T04:04:02.047621,151.77,prod_83,3,50.59
f5c070ad-58f8-4c6d-b0e8-3ae5eaf17b9c,cust_291,2025-12-08T03:41:34.047621,136.8,prod_186,3,45.6
a112f006-855a-44fe-b787-5a85a69fc22a,cust_93,2025-10-16T20:36:10.047621,402.78,prod_5,3,134.26
4d80ea82-e193-4115-b82b-aa0b406983f2,cust_241,2025-11-04T16:16:31.047621,110.28,prod_174,3,36.76
18dc5261-79d2-4c3a-9cef-df008c6908ae,cust_222,2025-02-15T22:24:37.047621,114.76,prod_30,2,57.38
e803463a-ab56-4c3d-8cd5-1ef3a3a688f2,cust_442,2025-03-10T16:46:39.047621,75.98,prod_128,1,75.98
e7b65a79-c2be-4d2a-aa86-47ba11861ed3,cust_147,2025-06-24T02:33:47.047621,113.24,prod_91,2,56.62
3dd5f82b-e75b-48e9-a32d-d4e0e856a5d9,cust_199,2026-01-21T05:32:16.047621,180.3,prod_33,1,180.3
69413053-5a16-4612-92b7-7e49f5dd0a89,cust_83,2025-11-30T12:11:42.047621,18.25,prod_182,1,18.25
b865fa63-23d8-4026-8e8b-9afcb767ef9f,cust_301,2025-02-25T04:44:17.047621,82.05,prod_129,1,82.05
1619001c-5578-4257-9824-826af3e2d86c,cust_383,2025-12-06T02:31:23.047621,60.71,prod_168,1,60.71
a603e303-9503-47a0-9ca9-21f1d6a6ee13,cust_91,2025-03-19T22:27:57.047621,26.46,prod_158,3,8.82
f6b4c788-96a9-492a-b27d-2b84be94f85e,cust_334,2025-10-18T07:26:54.047621,123.92,prod_181,1,123.92
cb3c0e16-4c4b-4c8b-a8ea-f8a0e16a1318,cust_403,2025-11-10T06:34:35.047621,29.83,prod_59,1,29.83
3e56dae3-9b69-446c-b81e-c17c749116c5,cust_210,2025-07-15T23:38:41.047621,282.45,prod_134,3,94.15
c526b384-7c62-436e-b46e-a0fef3a102b4,cust_426,2025-07-18T22:45:25.047621,79.13,prod_50,1,79.13
dd69bc8d-b8cd-45fa-964e-ccb35c8a8c97,cust_330,2025-09-08T02:24:15.047621,180.72,prod_75,2,90.36
88341ae0-e5a5-4856-b5ac-3633109e0627,cust_169,2025-12-07T00:23:08.047621,210.58,prod_19,2,105.29
e38b8943-af3b-4914-ab04-9f0e94097326,cust_468,2025-08-18T06:56:41.047621,25.51,prod_14,1,25.51
038b2adf-78c7-4d1e-ba75-756d15af37e8,cust_362,2026-01-31T17:09:15.047621,463.11,prod_66,3,154.37
07698e1a-4e90-4c3d-bb33-d1c1d08a7302,cust_135,2025-09-18T00:05:34.047621,493.56,prod_65,3,164.52
18b1ac55-1bca-48bf-8da2-c8d9f3a24ab6,cust_257,2025-11-02T13:19:11.047621,8.82,prod_158,1,8.82
69a6b3bf-e180-4547-91a4-b07811fe4624,cust_218,2025-08-18T15:09:31.047621,317.86,prod_48,2,158.93
bc98b7f5-4768-4a60-8f83-c1d50d243d4f,cust_474,2025-05-05T10:55:30.047621,77.62,prod_16,2,38.81
fb0c2b2c-033c-440e-97e8-a6099a7ff0d3,cust_165,2025-11-21T23:22:08.047621,259.86,prod_32,2,129.93
cdba07a8-136f-4dd6-a07e-473830e35791,cust_466,2025-03-23T05:21:38.047621,237.39,prod_50,3,79.13
c2564ed1-c2c4-4640-9465-31b962e425fb,cust_465,2025-10-04T19:04:19.047621,132.85,prod_37,1,132.85
0e2d1793-1d73-459b-ba4d-356574717edf,cust_499,2025-02-08T23:25:01.047621,131.54,prod_173,2,65.77
85830119-eede-477f-b605-d5c34d6fddc3,cust_17,2025-07-28T23:47:51.047621,76.15,prod_87,1,76.15
21d5ee5f-e5ea-4705-922d-b8eea71b8ea6,cust_349,2025-09-11T20:05:14.047621,79.13,prod_50,1,79.13
07cf256e-0fdc-4399-8eba-5f3780b3a018,cust_164,2025-04-29T18:18:14.047621,559.95,prod_154,3,186.65
b63b286e-4976-4524-a82e-0c69b8892939,cust_83,2025-04-12T18:47:00.047621,22.6,prod_45,2,11.3
969d51e1-8e90-4bc0-8fc1-290e2569cbf0,cust_485,2025-03-24T18:06:11.047621,41.64,prod_76,2,20.82
4be3ce73-ef81-49d9-830f-e473ed32817d,cust_390,2025-04-16T22:18:29.047621,239.8,prod_103,2,119.9
9c4dce43-7a18-45fe-8e3e-a58f631dc47f,cust_199,2025-12-13T08:26:00.047621,80.94,prod_109,1,80.94
8ff435b5-bc52-46c7-a3c5-9dd425198d76,cust_317,2025-03-18T04:12:16.047621,172.14,prod_30,3,57.38
f3187e61-3fb6-4fe8-8c6b-5440b870ec85,cust_409,2025-05-07T01:17:37.047621,17.84,prod_170,2,8.92
e9a8dcb3-b92f-4aa8-80ea-4e10e9df8b6d,cust_283,2026-01-28T23:01:45.047621,128.66,prod_131,2,64.33
34328369-9285-4226-99b5-fdee19b4368b,cust_198,2025-12-12T16:34:05.047621,24.72,prod_172,3,8.24
b28ed6d7-2f44-4a89-b2fc-001dbd71f101,cust_359,2025-04-15T11:56:00.047621,78.54,prod_163,2,39.27
5e60b189-a105-46b4-a1ee-c8cff0064247,cust_434,2025-05-20T14:49:03.047621,134.26,prod_5,1,134.26
5a59e87a-fa43-48d1-bb5d-f265796bec61,cust_485,2025-02-01T00:42:50.047621,58.58,prod_98,2,29.29
1142b89a-c374-4001-973c-11729c69bafa,cust_148,2025-12-12T09:14:00.047621,179.76,prod_13,3,59.92
16481bff-f510-4cda-ade1-66fbf960bb2b,cust_340,2025-10-27T04:52:54.047621,237.39,prod_50,3,79.13
fb529cff-596e-4658-b2c4-0ce6343e5cf7,cust_98,2025-05-02T03:56:54.047621,46.92,prod_96,1,46.92
45d1231a-7ff4-40e4-8b51-b9b0246ee357,cust_189,2025-05-27T22:13:40.047621,152.3,prod_87,2,76.15
12b41020-46ae-4c96-83e9-c31ce6174d20,cust_322,2025-08-03T14:31:28.047621,179.72,prod_51,1,179.72
1d18aa9a-a352-42e8-a6fb-18af7b14918f,cust_53,2025-12-15T20:05:47.047621,48.79,prod_100,1,48.79
674ea7b2-0067-40a4-a831-185d6a465007,cust_338,2025-07-22T20:20:30.047621,182.13,prod_168,3,60.71
4553e5ef-dc1f-49f6-94f7-58dd63f6dde6,cust_417,2026-01-26T11:46:47.047621,564.0,prod_94,3,188.0
1ddf8a6c-b891-467a-8d70-8a8e840ab0c0,cust_183,2025-06-28T14:11:40.047621,307.64,prod_88,2,153.82
be21f8c2-8b2e-47bc-ba9a-fe2498154081,cust_460,2025-04-08T07:18:06.047621,523.62,prod_151,3,174.54
19c5232a-59e4-4534-9b6a-b5cf0ec34fc4,cust_176,2025-06-18T19:34:38.047621,31.26,prod_127,2,15.63
5eee5221-49bb-4277-8ede-6f529f09218e,cust_266,2026-01-09T12:40:23.047621,143.1,prod_169,2,71.55
a861b3ce-b818-4d76-93d6-d0faa32a9a42,cust_377,2025-04-05T22:40:02.047621,105.42,prod_31,2,52.71
96c65ebd-aaba-4683-bd1b-e40251676d8d,cust_145,2025-04-24T10:12:16.047621,402.78,prod_5,3,134.26
e6a8d1b5-a97a-4c39-a15f-e484d854ce6c,cust_381,2025-09-12T16:01:32.047621,295.26,prod_67,3,98.42
91b23f52-a21c-4504-b0ac-df7f84689c79,cust_382,2025-08-16T10:39:20.047621,213.36,prod_44,2,106.68
d796542b-1835-4249-a11f-f2b8c2791cf4,cust_108,2025-09-07T14:02:18.047621,50.59,prod_83,1,50.59
984706b8-30a5-47db-832d-7ece8f31f835,cust_189,2025-05-20T07:48:49.047621,99.6,prod_162,1,99.6
75a1302e-832b-4559-8a0f-618a12a259ea,cust_271,2026-01-04T08:08:50.047621,185.91,prod_29,3,61.97
dc7c392d-b2ac-497a-ae27-ca02c3cfb070,cust_453,2025-04-05T06:28:12.047621,88.58,prod_194,2,44.29
43f10212-97b2-4db6-864a-776539618915,cust_144,2025-11-02T14:46:51.047621,493.56,prod_65,3,164.52
f16f163f-e0e3-4052-93c9-cc59a94976f5,cust_100,2025-12-03T19:44:56.047621,214.65,prod_169,3,71.55
9faab388-d4d5-4dc7-97dc-433da6090ba9,cust_330,2025-07-15T09:28:18.047621,196.56,prod_27,3,65.52
ea60cfc2-0749-4bd7-b51a-21d4fc6cb409,cust_498,2025-03-23T07:08:44.047621,12.67,prod_113,1,12.67
25c4ea6b-0360-4c59-acce-1b0a6c82b8bf,cust_162,2025-06-11T07:25:39.047621,308.52,prod_189,3,102.84
2975cb6f-1cab-49a5-b180-f479921d1df5,cust_58,2025-10-12T17:52:09.047621,58.58,prod_98,2,29.29
b3b5eb27-b373-46db-a45b-dd8f50ce3030,cust_85,2025-03-01T17:58:52.047621,15.3,prod_120,2,7.65
caac4157-b77f-40f0-b76b-94b94012595d,cust_4,2026-01-08T06:30:25.047621,191.65,prod_185,1,191.65
1c5d5070-3b30-40e8-a1fa-207ff3bd145c,cust_390,2025-05-07T19:06:35.047621,91.68,prod_160,2,45.84
2b7811a4-fe90-4a86-8e10-3b66656201c6,cust_18,2025-10-11T07:23:03.047621,51.26,prod_121,2,25.63
c341ba08-6126-422b-99c8-525d32c75132,cust_30,2025-06-01T23:25:04.047621,64.33,prod_131,1,64.33
d2208457-c41b-4ded-94a5-4fc92aaab785,cust_229,2025-12-01T11:49:46.047621,182.14,prod_130,1,182.14
0635a211-969f-44e6-b276-ff2a43d0f9d2,cust_285,2025-09-03T04:22:25.047621,579.18,prod_25,3,193.06
6459a827-461e-4fdd-8096-cf4f16a3609f,cust_97,2025-07-24T11:58:51.047621,45.26,prod_138,2,22.63
835b4f0f-071c-4082-8c82-f4764865e7a6,cust_105,2025-10-06T03:15:11.047621,320.1,prod_92,3,106.7
6bf48669-dc1f-403a-930c-d0dd5d032a98,cust_73,2025-12-21T14:30:20.047621,22.81,prod_145,1,22.81
0ebbe6ee-e550-4617-b4ba-ced4148033f0,cust_126,2025-04-22T23:14:03.047621,66.35,prod_1,1,66.35
4a8b9cf2-d220-4ed9-a236-5fee5caa9409,cust_30,2025-07-24T03:01:21.047621,45.62,prod_145,2,22.81
dbb2f223-9364-4014-8058-4d4b1f778050,cust_75,2025-04-24T15:41:15.047621,386.12,prod_25,2,193.06
ac605621-ec48-4c06-b302-352f44cb7731,cust_53,2025-05-23T15:21:33.047621,121.42,prod_168,2,60.71
9239be66-05be-4cb1-af31-6346c345ae81,cust_270,2025-12-20T15:14:10.047621,271.8,prod_43,3,90.6
b55b0b64-4d0b-43d5-88f7-30e10f189e3c,cust_356,2025-05-20T19:05:15.047621,27.85,prod_61,1,27.85
2278dd9d-d3b8-40cd-96d0-ec0e59123d08,cust_263,2025-06-15T04:48:08.047621,33.98,prod_116,1,33.98
5b26ad64-18d6-4d2e-a1d9-62d651bd8959,cust_234,2026-01-12T23:41:41.047621,30.16,prod_6,1,30.16
06297652-4b3e-4ebe-8110-cbbc7a8228f2,cust_356,2025-03-15T07:39:28.047621,42.6,prod_82,2,21.3
514a09b0-9cf1-4bde-9c2b-28e34b267240,cust_326,2025-12-28T16:38:41.047621,392.13,prod_124,3,130.71
a9c0253f-d5f8-41b8-a311-e9855434c208,cust_442,2025-04-20T19:42:42.047621,183.26,prod_184,2,91.63
b3007899-8b6c-489d-aef6-f3c446446796,cust_282,2025-04-11T02:00:54.047621,73.11,prod_187,1,73.11
7182dd47-28a1-468e-96df-19f761b0cf13,cust_280,2025-02-03T03:19:30.047621,247.68,prod_147,2,123.84
4f267596-6fa5-48e3-9e54-9a82b18f96b5,cust_287,2025-08-07T18:45:45.047621,179.76,prod_13,3,59.92
c02d5d13-3fa1-495c-8d67-9db68c01e57e,cust_218,2025-05-10T07:40:06.047621,594.24,prod_78,3,198.08
7f88e8d4-6ec7-4ad0-a13c-58430407d07d,cust_52,2025-03-04T22:26:31.047621,250.7,prod_77,2,125.35
8f0ab3b2-16a1-4d8e-840a-d339534d1cc0,cust_43,2025-02-11T16:56:28.047621,311.61,prod_126,3,103.87
0c6d0efd-a784-4af6-9dbe-0bbf34bc06f0,cust_209,2025-03-16T15:25:11.047621,327.56,prod_15,2,163.78
0cb0a853-372c-4e9f-b8fd-493337440084,cust_425,2025-10-28T03:36:12.047621,347.68,prod_40,2,173.84
6eede3ee-bd25-41fa-a7f3-3790f34fa3ae,cust_473,2025-11-03T15:58:40.047621,539.16,prod_51,3,179.72
7876f2bc-8de8-484a-9af3-ef9c17038ecd,cust_52,2025-04-03T07:40:58.047621,159.33,prod_23,3,53.11
2c18d3f5-a5aa-4293-a14f-7f3e3e7e50f1,cust_277,2025-03-27T15:47:38.047621,180.28,prod_193,1,180.28
76ad3c79-357f-4734-bbeb-be386efa1922,cust_168,2025-07-26T21:45:43.047621,229.59,prod_107,3,76.53
2dfe078b-3b24-43d7-9c56-8b884fb652fa,cust_241,2025-06-06T04:12:58.047621,77.14,prod_161,1,77.14
8eab7780-48ef-467d-be3f-811e50379daf,cust_72,2026-01-11T23:46:54.047621,328.32,prod_101,2,164.16
c930b482-d89c-4060-91d2-c59bbb2abb1f,cust_280,2025-05-22T09:00:43.047621,79.36,prod_136,1,79.36
a9c42a40-b378-4075-84c4-09c93a419eeb,cust_463,2025-07-27T09:17:54.047621,63.9,prod_82,3,21.3
b1fd9afa-35c8-4224-8f23-ee37078bb469,cust_220,2025-12-24T05:32:00.047621,34.39,prod_8,1,34.39
3e2cd0db-f52b-4569-9a11-8a07be854e5d,cust_301,2025-12-28T19:21:11.047621,52.71,prod_31,1,52.71
468cb011-4849-4cac-a63e-5ccee140a05d,cust_128,2025-04-28T10:56:13.047621,399.21,prod_119,3,133.07
abc997ae-ea54-4b9d-84ed-67aa2ad4c621,cust_427,2025-06-25T12:09:30.047621,81.62,prod_144,2,40.81
0d62e6a8-c297-4180-970b-673f445ab430,cust_155,2026-01-11T04:08:41.047621,125.35,prod_77,1,125.35
1ec3f2df-a27d-42a4-ae35-ae83302b94c0,cust_353,2025-07-29T07:01:44.047621,163.78,prod_15,1,163.78
1ea70391-4999-49a6-ae5b-a4e27ef63a77,cust_334,2026-01-19T04:10:15.047621,154.28,prod_161,2,77.14
20950702-4ae0-4578-8d2f-4d6384a9d0f9,cust_406,2025-06-18T04:05:18.047621,43.38,prod_104,1,43.38
15ff4ca2-542f-448d-83b5-3e5f6da9a54a,cust_199,2025-08-21T17:14:45.047621,76.53,prod_14,3,25.51
c12aff58-4415-477c-85b2-4845d338755e,cust_376,2025-08-17T17:20:48.047621,439.59,prod_99,3,146.53
7f343115-ed1d-4618-a121-7454a99acace,cust_107,2026-01-03T09:23:52.047621,370.56,prod_52,2,185.28
ecb44118-30b8-44c1-a9a8-801bb7fa95ce,cust_224,2025-11-01T09:49:47.047621,76.15,prod_87,1,76.15
ddbf346b-f00d-49b0-970b-5ce333a5c70a,cust_90,2026-01-16T16:57:47.047621,159.33,prod_23,3,53.11
078885e7-9f99-45d2-a886-322f0e7d91d3,cust_154,2025-02-03T17:21:23.047621,118.36,prod_153,1,118.36
d22394bd-c43c-413c-9700-030d7b2941b4,cust_164,2025-11-27T16:35:14.047621,60.32,prod_6,2,30.16
fd50c4b6-83bf-42ca-a883-2c68cb475de5,cust_43,2025-10-19T21:39:43.047621,166.74,prod_111,2,83.37
01c3b01e-4afa-4865-9d74-1269d4794ed1,cust_7,2025-07-18T11:49:28.047621,304.77,prod_125,3,101.59
c1a5dbe0-7b8f-4376-9eb1-becf186a6720,cust_206,2025-06-15T19:24:06.047621,103.87,prod_126,1,103.87
9fd15d69-fb1c-40da-b5b0-2b63a150f71c,cust_163,2025-05-13T02:35:48.047621,92.54,prod_10,2,46.27
92bf0ced-7a48-48e1-b2c5-fbbc1ae8d845,cust_445,2025-04-11T04:33:46.047621,167.67,prod_135,3,55.89
0f26c3f4-4f35-4cf4-8d78-4755f0477e19,cust_117,2025-03-20T20:43:16.047621,93.68,prod_108,2,46.84
ca3cbdad-233f-4d29-a080-f1fa59eddac1,cust_206,2025-09-20T21:02:52.047621,50.59,prod_83,1,50.59
26cae5d8-6e6c-45a3-886c-05013bc35819,cust_335,2025-12-04T22:33:08.047621,227.94,prod_128,3,75.98
67e97c80-d057-48a3-a571-c8c6bf1091b8,cust_31,2025-05-19T00:35:49.047621,152.3,prod_87,2,76.15
6f4959ce-8cdd-4ff0-8b96-85fac0736d2f,cust_130,2025-10-09T06:21:47.047621,101.94,prod_116,3,33.98
ef264140-e946-417f-958a-b2ec88519dc1,cust_87,2025-11-04T17:10:02.047621,29.16,prod_165,1,29.16
cf552328-7b5f-4101-bad0-8645ca63d15e,cust_167,2025-10-21T10:16:03.047621,263.38,prod_86,2,131.69
2ca70b94-205e-46cd-af65-6e7c2784a97b,cust_249,2025-08-06T13:00:08.047621,103.17,prod_8,3,34.39
3b34a4cd-5965-45a2-a9b1-f33f563d589a,cust_251,2025-11-12T14:53:11.047621,290.97,prod_166,3,96.99
ada85629-8fe9-49c4-9a32-88c3a12aea9e,cust_45,2025-04-14T05:59:31.047621,97.16,prod_143,2,48.58
4773b798-6d4c-48fc-b5d3-2929b29159bc,cust_285,2025-10-06T20:55:08.047621,330.12,prod_192,2,165.06
0ca5ac7d-f32d-4cd4-b527-d800fb9b8ee3,cust_157,2025-12-03T01:43:54.047621,274.89,prod_184,3,91.63
c522b412-336a-49ad-b69c-70f72cbd7d61,cust_36,2025-02-04T15:08:26.047621,220.41,prod_79,3,73.47
9e4f28ba-0b9c-4690-ad80-1a8537d82749,cust_335,2025-06-09T11:12:17.047621,370.2,prod_89,3,123.4
f06fe2bc-5364-4dc9-9197-bb63ff5d0e25,cust_31,2025-08-15T13:34:13.047621,311.5,prod_177,2,155.75
90dea6ad-ef73-4cf3-aa83-7524443a34ff,cust_174,2025-08-17T23:54:48.047621,114.52,prod_155,2,57.26
1525f908-8f62-43f6-80c6-c3d52c4c5d8d,cust_207,2026-01-26T20:31:32.047621,241.72,prod_7,2,120.86
03762407-fdf1-4465-85a7-54a5471853f6,cust_360,2025-03-03T23:15:09.047621,41.64,prod_76,2,20.82
c16b7c13-9591-4a9c-bfd6-d1975d1ac0d6,cust_492,2025-02-01T17:30:29.047621,90.48,prod_6,3,30.16
73d4de88-24bf-4fc4-91da-696569fc892f,cust_304,2026-01-06T16:55:57.047621,154.28,prod_161,2,77.14
35738101-8356-4bed-abaf-10636b178312,cust_386,2025-02-19T18:07:47.047621,23.07,prod_141,3,7.69
1920ced7-be02-4b9a-b364-2c5c3e15127b,cust_252,2025-12-08T01:14:47.047621,373.3,prod_154,2,186.65
fb526b90-c125-490b-a610-33ccad0dd093,cust_79,2026-01-16T16:35:38.047621,103.2,prod_70,1,103.2
42299157-ae16-4f25-bc49-1bd812a8824f,cust_112,2025-02-25T22:08:20.047621,39.27,prod_163,1,39.27
437934e0-eb8c-4490-90f7-0711c0a5aa85,cust_197,2025-05-27T09:47:39.047621,298.76,prod_24,2,149.38
26791490-ce57-4a12-848f-8db8f6f7441f,cust_438,2025-03-08T09:59:12.047621,166.74,prod_111,2,83.37
7186061c-9f8e-4433-960f-35c4e9be81f6,cust_350,2025-12-08T07:55:02.047621,46.27,prod_10,1,46.27
d4cf2cd9-d16e-46bf-be3c-b70e594fec38,cust_478,2025-12-11T22:26:02.047621,68.78,prod_8,2,34.39
a194ee6b-94d1-435e-9113-372880790111,cust_376,2025-11-17T22:35:25.047621,152.3,prod_87,2,76.15
be27f771-d783-42ad-85f6-091021bc1fcf,cust_302,2025-12-11T03:59:35.047621,123.94,prod_29,2,61.97
ff420975-ce76-4912-92a4-c725d6926af3,cust_115,2025-03-22T03:03:35.047621,53.78,prod_149,1,53.78
ce351b31-9746-4462-a8d2-60405c7b7e4b,cust_392,2025-04-30T03:00:43.047621,58.32,prod_165,2,29.16
4b7712b1-5c4f-41d8-88f5-b2328c3997df,cust_100,2025-02-13T05:00:03.047621,38.81,prod_16,1,38.81
de6328f4-8c2e-42d9-af7c-e385bf6e8277,cust_466,2025-09-10T10:54:47.047621,268.52,prod_5,2,134.26
aeb0902c-a2e5-4921-95c7-8716f37fe4de,cust_51,2025-07-31T01:45:54.047621,370.32,prod_156,2,185.16
2176b9fc-6692-459c-bcb7-e2c48048e490,cust_382,2025-08-07T05:35:10.047621,186.63,prod_2,1,186.63
6d77203e-ac3a-447b-ab19-c2064a53d326,cust_441,2025-11-01T22:39:29.047621,206.4,prod_70,2,103.2
44a630af-ff2b-4654-8a8f-331178ff873b,cust_438,2026-01-20T09:25:19.047621,360.6,prod_33,2,180.3
73bbace0-d93b-494e-b4a4-62a41a0b3616,cust_371,2025-10-29T14:45:57.047621,196.84,prod_67,2,98.42
6be53701-b100-4fb6-8201-ba14482f0fd3,cust_129,2025-05-03T17:22:44.047621,22.81,prod_145,1,22.81
ef6ebb74-87d6-4b2f-bd14-0ded3db4069b,cust_388,2026-01-08T11:55:40.047621,96.99,prod_166,1,96.99
5569b4fb-ca51-43f9-9306-acb7edcec261,cust_462,2025-10-31T13:54:23.047621,355.86,prod_72,2,177.93
e98a42c4-9575-4bad-a4ed-b7c963b963fb,cust_209,2025-02-16T08:44:03.047621,247.68,prod_147,2,123.84
437a1ba5-f7e1-47bb-8881-9cb1596d1b8d,cust_312,2025-09-02T09:44:28.047621,360.6,prod_33,2,180.3
cbeb85e5-55cf-4918-86f0-78dbb92af4a6,cust_283,2025-04-23T12:00:07.047621,25.34,prod_113,2,12.67
e4dedbc0-92f5-43e4-9d62-afd9960c0652,cust_438,2025-03-10T03:32:15.047621,76.89,prod_121,3,25.63
6a49b15a-c4b9-4193-93b6-0ab9a90fd826,cust_389,2025-08-01T18:00:14.047621,213.36,prod_44,2,106.68
d6df7bb9-2b34-4b49-b9e4-092eb1269d12,cust_135,2025-02-19T05:53:52.047621,77.62,prod_16,2,38.81
3011ab7c-a73c-4d30-a6a6-029712c9a822,cust_366,2026-01-05T15:54:05.047621,291.94,prod_20,2,145.97
41a68e6b-a562-49c6-84d9-30831906364e,cust_441,2025-09-14T10:12:31.047621,46.27,prod_10,1,46.27
508f5677-7231-469e-8f85-fdae8e1472c2,cust_264,2025-02-23T17:47:48.047621,154.96,prod_152,1,154.96
26ebb169-cc27-4022-b65c-acacafba5ba9,cust_287,2025-08-27T00:54:37.047621,386.12,prod_25,2,193.06
821bbcbc-a184-413a-915d-7219ad58ef4e,cust_189,2025-09-17T04:52:11.047621,164.1,prod_129,2,82.05
b2a82915-11f9-40ac-8ac0-8660f6a2c92e,cust_485,2025-12-10T14:57:53.047621,194.04,prod_97,2,97.02
52c1b248-a39d-4278-9939-fccb178d201f,cust_365,2025-02-28T11:49:57.047621,55.89,prod_135,1,55.89
82a7d58a-2d81-4ff2-8109-752482eafc1c,cust_222,2025-07-22T18:01:03.047621,159.9,prod_93,3,53.3
7339cd2e-390e-43c4-855e-4b57e2ead866,cust_182,2025-09-29T12:40:27.047621,150.72,prod_11,1,150.72
ada2cffa-078c-496c-8e79-130227b4862e,cust_232,2025-03-06T12:10:12.047621,7.65,prod_120,1,7.65
572a46b0-6d76-4706-9cf2-0cefa46ef9c8,cust_478,2025-07-01T18:03:53.047621,188.3,prod_134,2,94.15
0261db42-26b2-4485-abdc-16600662cb74,cust_70,2025-12-29T01:34:50.047621,272.86,prod_17,2,136.43
5449812a-b2a2-4897-8eca-eabf8f4d5b30,cust_394,2025-06-05T10:24:51.047621,364.28,prod_130,2,182.14
aa22d4c9-28c9-4509-af1c-74ca4230619d,cust_264,2025-03-15T22:38:43.047621,149.36,prod_55,2,74.68
83438e4b-9788-450b-af6c-bc3614cf3116,cust_480,2025-05-22T06:19:21.047621,82.58,prod_179,1,82.58
3ac7a0b5-6d2d-49bb-b02d-54a0a4b6290d,cust_97,2025-12-05T16:17:16.047621,90.32,prod_117,1,90.32
25a816ab-80ed-4016-8414-dcda1827b1ce,cust_308,2025-07-05T08:51:50.047621,531.69,prod_164,3,177.23
bb9649b0-c1c0-4bc4-bba0-515dee34b990,cust_487,2025-07-06T21:14:43.047621,153.36,prod_183,2,76.68
45fec524-0b4a-4989-a88b-9fe330b424f0,cust_337,2025-05-20T15:52:36.047621,239.8,prod_103,2,119.9
01238e93-f4ba-46d7-9201-18b60a3372ee,cust_412,2025-03-03T05:20:42.047621,133.8,prod_68,3,44.6
9286023f-5c46-497e-8e6e-75a2af8c2f82,cust_380,2025-02-05T16:54:54.047621,181.49,prod_90,1,181.49
c8011ac2-6ca6-47cf-8f65-5ac96022ac38,cust_413,2025-09-20T20:52:09.047621,17.64,prod_158,2,8.82
57b2c26c-0a31-4456-a019-bfc75e5439eb,cust_476,2025-08-29T21:24:39.047621,11.3,prod_45,1,11.3
d89750a8-b656-4304-8b20-1ebed7db5685,cust_138,2025-11-13T03:29:54.047621,120.99,prod_106,3,40.33
3c61e6b2-6c50-46f8-b28b-42a60a9cf0c5,cust_75,2026-01-01T01:51:56.047621,230.04,prod_183,3,76.68
aaddab23-7896-4549-b12a-81d5bad550dd,cust_126,2025-11-26T12:36:53.047621,481.56,prod_157,3,160.52
8a49f56b-082d-4fd1-a2cb-0e961a1836a2,cust_168,2025-05-20T04:23:53.047621,171.78,prod_155,3,57.26
07af239a-a6b6-43c9-a25b-74f73b0659c5,cust_489,2025-12-15T22:46:25.047621,45.84,prod_160,1,45.84
2e714916-f4f6-403a-a7c2-939cf466783f,cust_124,2025-06-11T14:17:07.047621,48.58,prod_143,1,48.58
75defb49-8014-4846-a7c4-051f61e4ec36,cust_77,2025-10-27T08:10:31.047621,559.95,prod_154,3,186.65
4c061d4c-f7f3-473c-987f-786e62ed99a1,cust_423,2025-05-03T23:09:03.047621,158.13,prod_31,3,52.71
3d9283cb-8394-46e8-a336-f22510b933f9,cust_292,2025-11-30T08:56:40.047621,213.72,prod_191,3,71.24
8837797d-03cf-47cc-8288-bec0f2498f6e,cust_421,2025-02-08T21:06:14.047621,62.46,prod_76,3,20.82
ddc16db2-2257-443d-9548-8cc323bbe859,cust_34,2025-06-07T15:21:08.047621,167.67,prod_135,3,55.89
f05eeb3d-42da-446d-8bb3-e1af34ad127d,cust_462,2025-09-30T00:04:40.047621,59.66,prod_59,2,29.83
40b8554a-f2eb-4ccf-b93f-1e189deb29ff,cust_70,2025-02-23T16:20:16.047621,99.6,prod_162,1,99.6
cf921092-787f-479f-b5c4-a0dfa9657557,cust_417,2025-09-11T18:38:48.047621,330.78,prod_197,2,165.39
2cc19ad4-6899-4c2e-be6d-44872040f21c,cust_77,2026-01-12T09:53:17.047621,180.3,prod_33,1,180.3
2b726937-89bf-40ff-93ff-8ea066733c7a,cust_293,2025-09-28T14:32:25.047621,103.17,prod_8,3,34.39
869ddeab-3585-4883-883c-8d6be95e6e13,cust_398,2025-11-21T00:13:32.047621,130.5,prod_139,3,43.5
91aed2c0-4245-45df-b64d-356cfd9875b9,cust_348,2025-10-22T09:02:05.047621,273.45,prod_102,3,91.15
5f97e7cf-b351-40c8-b08f-ad3de8b1db6c,cust_469,2025-07-12T14:51:46.047621,323.52,prod_114,3,107.84
e84b9aed-d051-496a-b404-bee3029dbb14,cust_424,2025-07-18T05:29:43.047621,86.81,prod_123,1,86.81
f9a45956-0793-47b8-9366-a15bb95d2c60,cust_452,2025-07-08T05:49:07.047621,89.41,prod_21,1,89.41
0eb9a36a-a4d1-4bc6-87de-0f4b20657fd1,cust_16,2025-09-01T12:42:07.047621,128.66,prod_131,2,64.33
86459791-5057-46ce-93fd-5c179312c83d,cust_341,2025-02-09T22:36:09.047621,321.04,prod_157,2,160.52
32b4697d-2c22-427b-80df-d9bfa0a1f3b7,cust_167,2025-02-20T17:43:43.047621,106.22,prod_23,2,53.11
9bf75221-d9cc-4faf-b370-54ffa266d09a,cust_202,2025-10-27T13:24:18.047621,159.9,prod_93,3,53.3
654ff4c7-a9d0-4b6f-bf7b-15f025517c84,cust_398,2025-12-10T13:23:01.047621,30.16,prod_6,1,30.16
30842e2c-69b5-4791-bfb3-4a031df3e37e,cust_112,2025-07-25T12:56:07.047621,476.79,prod_48,3,158.93
4d2d5dba-b529-4bd4-ba92-fba9a43f34b4,cust_318,2025-07-23T20:16:20.047621,83.37,prod_111,1,83.37
5a378a8d-2b09-4edf-8826-517518d018b6,cust_212,2025-12-22T01:29:36.047621,325.28,prod_4,2,162.64
8d3b1b26-d8d5-4ffa-b691-6963168030d3,cust_233,2025-05-21T12:35:16.047621,39.27,prod_163,1,39.27
cb55f8ac-efb8-49ce-8623-aa948eaafb2d,cust_338,2025-07-29T14:00:48.047621,164.16,prod_101,1,164.16
78ec23fd-b06e-493e-9d2e-e9269a518c2b,cust_446,2025-02-25T20:43:37.047621,244.98,prod_178,3,81.66
dae26a1e-6de3-49c9-8ee6-d27c0350593a,cust_234,2025-12-30T08:35:37.047621,179.04,prod_146,1,179.04
10d225f0-7384-46f8-8fb5-e825494924c1,cust_265,2026-01-14T20:01:51.047621,167.84,prod_95,2,83.92
17cde00d-56a3-4de2-a091-b1f9fb4a7fc9,cust_384,2025-05-02T11:45:12.047621,44.23,prod_159,1,44.23
f7e55594-c311-4b68-8669-0276ee6bb04b,cust_441,2025-05-04T09:42:00.047621,154.37,prod_66,1,154.37
783ae9b2-41c2-45dc-9e8b-b456a6c0b439,cust_152,2025-07-26T03:24:52.047621,250.08,prod_63,2,125.04
c82dd2a8-8b46-40ae-bf28-c033d9cce489,cust_469,2025-12-05T13:46:18.047621,106.68,prod_46,1,106.68
33f4d4f3-167d-4904-a9ff-d50df882a7b3,cust_9,2025-06-13T21:34:51.047621,533.79,prod_72,3,177.93
7831b48c-93dc-4964-adee-a16023e65d60,cust_373,2025-07-31T05:39:43.047621,76.15,prod_87,1,76.15
9525db15-ff5b-48b4-afbe-ae82241e2241,cust_462,2025-05-11T02:37:02.047621,311.5,prod_177,2,155.75
da9ff77b-572f-4801-9140-40f859eb4bb5,cust_172,2026-01-10T21:58:51.047621,103.87,prod_126,1,103.87
e7c026a3-37fc-4738-8b52-f7eefecb6576,cust_80,2025-03-23T19:37:37.047621,376.0,prod_94,2,188.0
69bac931-a9c1-4543-afb3-1ae023afcc6d,cust_482,2025-02-10T14:26:34.047621,57.62,prod_167,1,57.62
4f8d8c93-5f4a-4cd1-94a3-b1a83aecb2a9,cust_16,2025-07-29T21:23:22.047621,17.84,prod_170,2,8.92
1a9df317-623d-456b-9dd0-f37f5c7ccf34,cust_9,2025-11-14T16:46:55.047621,306.93,prod_198,3,102.31
33664d4b-648b-4c8a-ac5b-8b67a473ff95,cust_269,2025-09-08T01:02:44.047621,86.76,prod_104,2,43.38
7e9dda6f-c8de-41a7-9f9d-06c69c4d6b3b,cust_214,2025-08-04T11:10:57.047621,136.8,prod_186,3,45.6
b1271482-b029-4eba-8366-99a7407c006f,cust_146,2026-01-02T08:51:52.047621,8.24,prod_172,1,8.24
5f75ea39-72c1-43c2-9d52-582132c4b8a2,cust_444,2025-10-29T10:46:12.047621,290.97,prod_166,3,96.99
f90c4911-7f89-4ebf-8395-dcc1ad05ac45,cust_223,2025-02-13T03:11:23.047621,546.42,prod_130,3,182.14
c13f4ed8-0616-48df-b03e-273de04da942,cust_68,2025-07-27T10:44:38.047621,45.6,prod_186,1,45.6
a5208b13-ec74-4473-91bc-fad1770bacc8,cust_349,2026-01-02T01:59:06.047621,55.7,prod_61,2,27.85
1278f2a9-43e0-4eeb-bad1-1d5dbd0b4db4,cust_37,2025-08-23T21:30:50.047621,383.3,prod_185,2,191.65
78e6854f-3126-4d61-a00c-b4ddec87b7f7,cust_294,2025-07-25T03:56:20.047621,179.56,prod_171,2,89.78
897205bb-5579-480b-8527-914347d6cc62,cust_404,2025-02-27T22:56:04.047621,91.63,prod_184,1,91.63
22ddab4e-b17e-481b-ab5c-85d65e484998,cust_37,2025-10-26T04:22:36.047621,119.34,prod_49,1,119.34
42b930e3-a117-4692-8220-16d57e3eff13,cust_102,2025-10-19T07:43:28.047621,579.18,prod_25,3,193.06
de40e624-e6f5-47e3-adce-43b74419f968,cust_248,2025-06-02T02:16:42.047621,198.08,prod_78,1,198.08
0c05ddf0-2586-468e-9c3a-576e6f875fb9,cust_89,2025-08-29T20:21:57.047621,87.48,prod_165,3,29.16
f4cba030-bd91-495a-b08b-54ba8a542059,cust_213,2025-08-11T07:36:26.047621,185.28,prod_52,1,185.28
90120b03-d6da-4701-9c80-c1dee6c59569,cust_163,2025-11-09T12:17:52.047621,118.36,prod_153,1,118.36
8fad5fd7-85ed-453e-ac4b-1ad217113398,cust_315,2025-10-03T20:13:54.047621,26.08,prod_22,1,26.08
57fd6110-c851-403b-8573-dcce7f4063af,cust_84,2025-10-20T14:51:58.047621,239.8,prod_103,2,119.9
803f5c5f-fdf3-4e16-8a4d-f10c387ad4c0,cust_500,2025-03-24T12:31:11.047621,143.12,prod_190,2,71.56
a2f3be79-1df5-4b06-8319-a852ae3cc57f,cust_167,2025-05-17T08:33:46.047621,203.18,prod_125,2,101.59
5a491932-ab9a-4378-b5e4-3d070fe403a3,cust_85,2025-12-11T11:52:58.047621,89.41,prod_21,1,89.41
3499a56b-7c11-4485-a3d5-f6b863bebc08,cust_10,2025-12-31T01:26:39.047621,47.8,prod_180,1,47.8
33db4acc-7b2a-48d5-9104-a239fd3070ad,cust_211,2025-10-28T05:50:32.047621,103.2,prod_70,1,103.2
152be4d9-9e24-4616-83b4-b43361333ed0,cust_310,2025-10-22T08:31:48.047621,183.26,prod_184,2,91.63
30eeddfe-67e1-46ff-9898-237aced7f19f,cust_224,2025-04-25T07:26:26.047621,359.44,prod_51,2,179.72
31774454-6942-44f4-b532-2498912f0154,cust_263,2025-02-03T02:37:32.047621,261.42,prod_124,2,130.71
148561ec-6441-43ff-80e9-3d70cd1efda3,cust_445,2026-01-18T15:22:25.047621,180.64,prod_117,2,90.32
5766ca77-4ca6-4cef-b4b4-edb0acfea82f,cust_120,2025-12-12T13:38:43.047621,72.49,prod_71,1,72.49
2038db0a-18f6-4712-b260-69369f6714ba,cust_58,2025-05-03T10:23:29.047621,537.12,prod_146,3,179.04
d4b84715-14c9-4ed4-833d-8a227ce211ef,cust_38,2025-04-01T02:47:16.047621,102.31,prod_198,1,102.31
601b113d-9d6f-4e3d-8b3c-b56ca5b08022,cust_313,2025-02-10T08:36:59.047621,198.08,prod_78,1,198.08
71e47d82-d8c9-4f8d-b3b6-45331d1a715c,cust_361,2025-04-09T08:31:47.047621,559.89,prod_2,3,186.63
33a5fef8-27b1-4abb-87d2-6c6ae07c2130,cust_442,2025-11-18T19:41:39.047621,115.1,prod_62,2,57.55
a8bce964-e99e-4478-8435-230395c2a7b5,cust_119,2026-01-18T01:40:50.047621,191.65,prod_185,1,191.65
ea7dc557-ab80-4a60-b574-407ed4f3dcda,cust_461,2025-12-08T16:02:38.047621,153.94,prod_80,1,153.94
f6812702-c5c0-4a21-9b6e-807c0bcd71fa,cust_313,2025-07-23T16:48:48.047621,140.76,prod_96,3,46.92
2f3a3fb3-e9a3-4555-9e61-926cd1e6d937,cust_53,2025-08-18T19:26:58.047621,107.84,prod_114,1,107.84
6da57cf0-9ad0-4788-8212-5831b4ae7953,cust_88,2025-09-14T18:09:46.047621,83.8,prod_110,1,83.8
ce28e085-4b11-482e-95bb-7083a6b910ee,cust_367,2026-01-24T05:33:44.047621,389.79,prod_32,3,129.93
c673bc52-d3bb-4abf-8323-0e439cfe0693,cust_344,2025-06-18T18:56:11.047621,308.52,prod_189,3,102.84
79208536-dfb5-4083-97d9-ace2a972b64d,cust_20,2025-08-04T06:07:03.047621,159.31,prod_28,1,159.31
07edaaaf-ec1e-4ff1-b4aa-eb79e46a677d,cust_281,2025-05-29T07:10:43.047621,25.63,prod_121,1,25.63
20be025e-a1b2-45f3-a43f-4437f43961af,cust_251,2025-04-21T05:29:37.047621,224.04,prod_55,3,74.68
b0f8bbdd-b15d-4f1a-ac38-f4a92e4d4873,cust_323,2025-04-23T17:31:04.047621,22.81,prod_145,1,22.81
6fe01964-11af-4b07-a24a-d15e9698e95a,cust_99,2025-11-05T22:40:37.047621,36.76,prod_174,1,36.76
d43cf8df-8068-4d8d-b364-a8fd5c54c479,cust_355,2025-03-27T19:30:02.047621,80.94,prod_109,1,80.94
d2645f31-74d2-45b4-9cdd-5bc7f192c37e,cust_274,2025-07-21T15:21:22.047621,552.39,prod_200,3,184.13
71b3347f-84f1-470d-96d8-2050339e8c76,cust_110,2025-03-26T09:13:50.047621,242.82,prod_109,3,80.94
081084b6-5f64-41f3-bd07-39aa1c559f30,cust_116,2025-04-09T10:33:34.047621,7.69,prod_141,1,7.69
11694b4c-c1f2-47be-88b5-740f47ff7341,cust_310,2025-11-04T15:01:36.047621,308.52,prod_189,3,102.84
302f37e1-fb81-4660-92dc-ccdf5317992b,cust_33,2025-08-29T09:11:42.047621,160.78,prod_34,1,160.78
83297e95-6fc4-4dd4-b0d2-172a8d39065a,cust_122,2025-06-10T00:44:41.047621,163.78,prod_15,1,163.78
2b3c4810-5972-450f-98bf-f6307a5ab67a,cust_86,2025-07-30T08:17:08.047621,159.08,prod_150,2,79.54
c35c7264-5d1b-4a7b-b2c0-ca1ec4a28854,cust_174,2025-11-21T18:37:22.047621,594.24,prod_78,3,198.08
72737853-2169-469e-9fb4-437449141949,cust_486,2026-01-26T14:10:34.047621,57.55,prod_62,1,57.55
19d3b272-e4fa-4774-9337-6258d9e4ac11,cust_192,2025-04-04T04:57:23.047621,40.67,prod_53,1,40.67
e6d78b97-8a3e-4f1e-97a4-2d16d3a25239,cust_118,2025-03-31T04:08:41.047621,67.96,prod_116,2,33.98
f0da2fe2-9353-42a6-8dcf-cfe451b46276,cust_362,2025-07-30T01:53:12.047621,42.41,prod_140,1,42.41
e16529d0-3775-4951-b5f5-400a0743605d,cust_321,2025-11-03T12:54:44.047621,308.52,prod_189,3,102.84
0028e47c-05e5-4166-bfe0-ad882afd61f5,cust_413,2025-12-20T18:05:02.047621,540.9,prod_33,3,180.3
94c58beb-b0db-4ae0-ba06-8430e0963e14,cust_383,2025-11-10T03:45:41.047621,199.05,prod_1,3,66.35
2026633b-1435-406f-941a-64a7ad270afa,cust_494,2025-12-25T14:42:59.047621,135.65,prod_38,1,135.65
9a3d3025-3112-4be5-bff2-b34a5f6d8ecb,cust_94,2025-09-08T18:26:40.047621,86.76,prod_104,2,43.38
d45df7f5-3d1b-4525-b16c-e617448e1f1b,cust_135,2025-09-15T11:16:57.047621,51.26,prod_121,2,25.63
a11ffed9-a8f1-4ecf-ba54-20a5dc666be7,cust_180,2025-08-30T11:06:07.047621,311.5,prod_177,2,155.75
5fd28c74-719c-4384-bc71-b25997a70300,cust_293,2025-10-09T17:22:59.047621,362.58,prod_7,3,120.86
1c432274-4b43-4425-af56-04d3e9a09912,cust_492,2025-09-18T19:21:15.047621,142.48,prod_191,2,71.24
1dd5008a-bd46-4e3c-b0c0-5d4d711a4610,cust_140,2025-08-23T21:16:39.047621,60.71,prod_168,1,60.71
1d06ddde-9c88-45b1-8551-6a9d1bed5662,cust_137,2025-07-11T19:56:05.047621,186.65,prod_154,1,186.65
89502168-7158-4224-a2ed-3b5f1ab9d077,cust_193,2025-04-25T03:58:47.047621,123.84,prod_147,1,123.84
d392b8a2-a3cd-432b-9970-9b6299bbb573,cust_166,2025-05-15T06:00:44.047621,72.49,prod_71,1,72.49
8c159df0-1072-47b7-9307-33387aca549b,cust_93,2025-06-01T16:51:09.047621,291.24,prod_12,2,145.62
e3d7f721-f7c2-405d-bdac-b23bad6a2553,cust_333,2025-04-08T21:58:53.047621,58.32,prod_165,2,29.16
612baeaa-1954-4ac3-bd2c-e2ccd219bf31,cust_86,2025-08-29T01:10:53.047621,282.45,prod_134,3,94.15
21d95180-8cd5-46a9-8317-3773752cc6bf,cust_434,2025-03-14T12:58:53.047621,73.52,prod_174,2,36.76
aae990f4-4435-4189-bed6-c57436ab58f5,cust_90,2025-10-17T05:08:31.047621,153.94,prod_80,1,153.94
fac7c9f7-51fa-4763-8615-0eabb791e216,cust_17,2025-02-15T18:02:21.047621,235.14,prod_41,3,78.38
4550dad1-3e6c-4bd8-acd6-0e1a27b73328,cust_283,2025-04-02T16:51:58.047621,160.52,prod_157,1,160.52
3db4b6fc-1b47-42a6-af0a-627f02005a72,cust_364,2025-07-21T14:16:20.047621,246.84,prod_73,2,123.42
90cd399a-1738-4017-950c-f3c102223fe4,cust_174,2025-10-30T16:49:24.047621,77.58,prod_81,1,77.58
7d046ea8-195c-459b-aa83-ca7ecf1e6818,cust_455,2026-01-31T13:07:33.047621,86.76,prod_104,2,43.38
2828ad8a-5ff3-4203-8859-b155c07be9ef,cust_439,2025-07-18T01:35:00.047621,45.62,prod_145,2,22.81
1aff8482-7f48-4e18-8762-3e541d4f1d5a,cust_476,2025-11-16T01:43:22.047621,250.11,prod_111,3,83.37
e3646499-cb64-438c-bf40-5f11fcd24832,cust_286,2025-03-24T03:56:59.047621,88.58,prod_194,2,44.29
6f588d72-3814-442b-82a5-b566fd36aa1b,cust_382,2025-03-02T08:31:55.047621,73.11,prod_187,1,73.11
1467dd72-f831-4c3c-9313-dd0335517e21,cust_426,2025-07-29T15:42:12.047621,371.76,prod_181,3,123.92
c199149d-e2d7-4c26-8c91-f488b8ff6109,cust_375,2025-11-13T21:05:31.047621,436.35,prod_112,3,145.45
4f081495-6d90-490c-b92f-384cf0a87f18,cust_99,2025-08-15T18:23:32.047621,204.62,prod_198,2,102.31
dd7d2e25-b471-4b92-b5bd-72e6f4f40ca4,cust_164,2025-02-27T00:58:14.047621,73.52,prod_174,2,36.76
1bd55b7b-d6c3-4689-8a4b-d47ce5fe0930,cust_399,2025-03-31T10:29:39.047621,187.38,prod_148,1,187.38
77eb5ea5-6f5b-4199-a38d-193af74ca63d,cust_135,2025-12-25T09:55:30.047621,51.02,prod_14,2,25.51
3b50f848-e2c5-4844-9a63-cb323ff63a0b,cust_283,2026-01-06T14:48:47.047621,63.9,prod_82,3,21.3
66d8f6ee-6632-4db5-98c4-d4385c5b3269,cust_113,2025-04-12T15:13:29.047621,77.14,prod_161,1,77.14
007dad96-b958-4543-bf97-0c2e59127c62,cust_10,2025-09-19T11:49:48.047621,97.16,prod_143,2,48.58
e919bafa-0094-4d0e-a0a5-abb47dee2cbd,cust_210,2025-03-03T01:03:30.047621,84.9,prod_47,1,84.9
47ee5a91-cd66-4bf6-a2d8-5981dd0457e6,cust_322,2025-10-28T10:35:46.047621,304.77,prod_125,3,101.59
eacd9bc5-7bd9-453d-bf42-44a677f9b0b7,cust_284,2025-12-21T12:07:16.047621,156.76,prod_41,2,78.38
5e639dc4-1c7a-47db-a77f-0ef9d80769ee,cust_193,2025-06-07T01:22:02.047621,491.34,prod_15,3,163.78
c55729c6-ddee-4e7e-a313-9afeeccc93a7,cust_184,2025-06-06T06:49:23.047621,199.2,prod_162,2,99.6
ed8a94c6-1f91-43fb-9e94-a6c5d8debe4e,cust_180,2025-06-03T23:56:29.047621,45.6,prod_186,1,45.6
a7b4fea1-6c0e-4f2d-9030-528eeee4c22d,cust_283,2025-09-23T21:03:36.047621,318.62,prod_28,2,159.31
87045e56-614e-42af-abd9-17a0ecd94ce6,cust_412,2025-03-29T11:34:53.047621,107.81,prod_57,1,107.81
098f2aa6-a633-4cce-904f-5dd7127097b2,cust_106,2025-02-15T08:06:06.047621,330.78,prod_197,2,165.39
16568552-e141-4a0c-a6e7-333c819cb683,cust_414,2025-10-04T09:45:21.047621,45.84,prod_160,1,45.84
2b32b9d5-48d1-454a-a986-3ee1f289014b,cust_393,2025-05-13T01:17:55.047621,204.62,prod_198,2,102.31
44034a05-48e7-4e1d-9952-c91d4ba39d07,cust_138,2025-02-18T13:40:19.047621,38.29,prod_195,1,38.29
13579961-0104-4bc8-854e-b3b7c4912d45,cust_109,2025-04-30T18:09:49.047621,405.12,prod_175,3,135.04
8def2fbc-286c-483d-ab44-627a72859ea9,cust_192,2025-10-24T19:46:28.047621,6.93,prod_60,1,6.93
279bd3b9-79fc-4a00-87e9-ad2ddefbcc67,cust_375,2025-10-30T07:01:07.047621,215.62,prod_57,2,107.81
05913854-1ca2-47d6-9fdc-5bec4f74920f,cust_104,2025-03-15T08:20:23.047621,122.43,prod_144,3,40.81
cf27839d-ed9e-4cd5-b6b8-d9a857a20fd5,cust_54,2025-02-16T03:49:06.047621,12.67,prod_113,1,12.67
24415175-6dc2-45fa-bdc4-df0bc09c95c1,cust_161,2025-08-11T18:37:58.047621,89.78,prod_171,1,89.78
a9da7766-6081-4803-a3df-1948960434fb,cust_150,2025-04-05T16:10:50.047621,76.15,prod_87,1,76.15
e7c7e241-562d-4111-97a3-5bc542eaefb2,cust_382,2025-12-27T12:02:18.047621,119.84,prod_13,2,59.92
d5a26c13-ff20-412b-a7ad-9b5a924051a7,cust_156,2025-10-04T07:37:13.047621,219.33,prod_187,3,73.11
9185c023-9e0d-4586-8f63-48b7ce8ebedd,cust_106,2025-04-29T01:39:58.047621,153.4,prod_35,2,76.7
564716cf-601b-4243-999f-aef717193fc5,cust_241,2025-06-29T21:43:42.047621,88.59,prod_85,3,29.53
a0b4b6c8-41df-4187-ab1b-55100ffcbbd8,cust_195,2025-10-25T14:16:57.047621,364.28,prod_130,2,182.14
0f3507ac-9bbc-4e96-9deb-4d3b465dd794,cust_242,2025-04-01T10:49:40.047621,88.46,prod_159,2,44.23
dc211a09-006e-4eda-ab9e-168215bb6c9a,cust_324,2025-11-02T22:54:41.047621,130.14,prod_104,3,43.38
d151969a-01cc-44ae-88cb-6d39e2cf48fe,cust_381,2025-08-07T00:40:37.047621,144.98,prod_71,2,72.49
21753df3-6f18-46d0-96e9-7fee23afcad4,cust_260,2026-01-20T02:25:19.047621,311.61,prod_126,3,103.87
43260770-e5b3-4543-a70b-0ecf72000ae2,cust_163,2025-07-31T14:34:40.047621,93.84,prod_96,2,46.92
ee4cc90c-7b18-4b2b-9553-493178e036a0,cust_381,2026-01-14T23:53:16.047621,91.15,prod_102,1,91.15
aded798a-ee04-4280-83bd-0d4dfaf27d49,cust_253,2025-08-30T05:35:33.047621,574.95,prod_185,3,191.65
f1a9617b-e0a9-4966-ae57-f8f7ceae4dfe,cust_43,2025-05-13T03:58:29.047621,86.76,prod_104,2,43.38
d7a7a806-fa37-4df3-8aec-eaf7c790515b,cust_51,2025-05-19T06:36:59.047621,179.72,prod_51,1,179.72
d225ce80-7b48-4300-b9b8-851cd530fe93,cust_447,2025-04-18T04:25:44.047621,171.78,prod_155,3,57.26
946b94e8-0b5f-462c-842a-2dcbf2a38b66,cust_133,2025-04-17T16:09:51.047621,370.56,prod_52,2,185.28
27c950d4-2d4f-43a6-a16c-5cd0f0e8bade,cust_233,2025-03-25T17:34:45.047621,169.3,prod_188,1,169.3
99cfd8c8-b9e6-4b4c-9036-53e015de8930,cust_443,2025-09-03T19:13:17.047621,138.81,prod_10,3,46.27
e6048077-e2e3-4b45-a632-de12667be28e,cust_108,2025-07-05T21:40:22.047621,22.81,prod_145,1,22.81
3256e34e-2a85-4eb0-8286-fff3ec0e137d,cust_21,2025-06-21T15:06:10.047621,183.82,prod_105,2,91.91
843c17ae-c6c3-481d-8460-484f7c3a22ef,cust_492,2025-08-20T14:05:06.047621,45.26,prod_138,2,22.63
480956ce-de61-4217-bed9-2d44770d300b,cust_426,2025-12-15T07:59:46.047621,122.43,prod_144,3,40.81
9ecb12df-b972-4908-99d4-1b129b57c639,cust_70,2025-09-02T09:32:56.047621,158.13,prod_69,1,158.13
76b71103-d611-4bcb-bd28-48576fbafca5,cust_94,2025-12-19T04:29:36.047621,88.46,prod_159,2,44.23
4c2e751b-e1be-419b-b963-28ada2936f03,cust_52,2025-07-05T10:32:34.047621,154.96,prod_152,1,154.96
2d1a434c-3f95-4e6c-847c-2128125b9408,cust_70,2025-07-30T03:45:25.047621,53.11,prod_23,1,53.11
adeef9aa-2a9e-4bf0-a8c8-d349f49f37b0,cust_67,2025-08-21T21:50:54.047621,237.39,prod_50,3,79.13
ec1a9904-2825-4728-a97c-6758a7e52731,cust_27,2025-03-04T16:32:09.047621,172.65,prod_62,3,57.55
bd14ef59-c08f-469f-be87-63f43e5bfc38,cust_101,2025-06-13T21:26:30.047621,320.1,prod_92,3,106.7
5d0eab04-39ea-496e-b6e7-cf1c9a52c65f,cust_77,2025-07-05T08:02:18.047621,54.75,prod_182,3,18.25
f15eb314-db81-48e5-bbf5-c31c04b81937,cust_45,2025-10-21T09:09:39.047621,247.84,prod_181,2,123.92
665fefbf-d4ae-431d-836f-7af6c7913793,cust_377,2025-11-06T07:28:30.047621,90.32,prod_117,1,90.32
91a1c3e4-37d8-454b-844d-68cc9f17a3b8,cust_316,2025-05-06T10:01:28.047621,180.3,prod_33,1,180.3
b4085a4e-7e43-4218-8e61-3dcc1363f296,cust_259,2025-10-12T22:59:56.047621,153.82,prod_88,1,153.82
0c65945d-b77e-4807-b16f-19d6d2e8c0da,cust_476,2025-04-12T01:34:23.047621,91.15,prod_102,1,91.15
83f58e1e-c9bc-44a2-92ea-c4c5331688c4,cust_54,2025-07-30T14:44:30.047621,146.37,prod_100,3,48.79
0c37425a-8e94-45f4-a3ad-e3e45fe687f7,cust_265,2025-12-13T22:47:11.047621,493.56,prod_65,3,164.52
0084a5c7-e441-4e16-b98a-1acdbf4999b4,cust_48,2025-07-17T11:35:46.047621,236.72,prod_153,2,118.36
49be6924-8c4e-41f4-9a50-35783bd501c0,cust_152,2025-06-13T22:47:06.047621,271.3,prod_38,2,135.65
f56ad229-9fdd-42c7-bd5b-fe270928b160,cust_235,2025-04-05T14:55:17.047621,158.93,prod_48,1,158.93
c2cc2c54-1872-4793-9de1-f276f46f25f9,cust_469,2025-12-22T00:18:02.047621,371.52,prod_147,3,123.84
e56fec2a-2a1b-4298-a762-1591b327a73a,cust_123,2025-08-08T03:57:41.047621,80.94,prod_109,1,80.94
7cdeb750-ebeb-4849-be2c-0d773b7fc339,cust_242,2025-08-26T19:34:37.047621,119.9,prod_103,1,119.9
926e51c7-34d2-4906-b56a-e2c3290d9550,cust_152,2025-09-11T05:44:56.047621,113.24,prod_91,2,56.62
5c26f73f-49ff-489e-a9a6-9280240df878,cust_66,2025-09-19T22:47:04.047621,159.9,prod_93,3,53.3
00584edf-4d34-4b37-b975-b561c6ff2015,cust_282,2025-05-24T23:33:22.047621,154.96,prod_152,1,154.96
30fe151d-2bdb-4b48-952c-69df6c97a452,cust_40,2025-11-16T15:48:11.047621,8.82,prod_158,1,8.82
57fc4a6a-d7e5-4faf-a9d3-a50489ae406a,cust_443,2025-04-30T13:22:52.047621,33.98,prod_116,1,33.98
4fcb801b-675d-420a-8512-95f626049572,cust_323,2026-02-01T09:48:27.047621,355.08,prod_153,3,118.36
4e04b887-5ece-4bff-8b4c-6099e972794f,cust_311,2025-08-08T04:01:41.047621,298.8,prod_162,3,99.6
b77645ba-e128-482d-a649-e5d042694828,cust_114,2025-09-26T09:41:55.047621,81.62,prod_144,2,40.81
f1a9f39b-18c0-42aa-ac23-3604f86586c2,cust_256,2025-04-10T20:39:39.047621,62.46,prod_76,3,20.82
6bec0fb3-ed50-4bb5-aa10-f83af6997921,cust_56,2025-04-02T13:16:33.047621,217.47,prod_71,3,72.49
3bc92fdc-8626-4eea-8373-9ef3eb96d932,cust_407,2025-09-04T16:15:05.047621,61.97,prod_29,1,61.97
c956fe1e-eba0-436f-9b96-9875d22beeb0,cust_352,2025-02-22T08:36:09.047621,156.76,prod_41,2,78.38
5aa54758-68d0-4a7b-8880-1f7c4ca2ebe3,cust_14,2025-11-22T03:12:28.047621,373.26,prod_2,2,186.63
c4336370-d693-472d-8132-7f27f0446c69,cust_442,2025-04-08T03:51:59.047621,259.86,prod_32,2,129.93
5e8579b4-f2d8-4264-99a9-16df2f7f4cc5,cust_306,2025-09-06T06:21:04.047621,539.04,prod_142,3,179.68
25320c44-77ca-471c-a3a1-0cb41082508f,cust_62,2025-02-03T11:29:09.047621,389.79,prod_32,3,129.93
ff87df19-c639-47df-8390-1fa86dad9c52,cust_304,2025-07-22T20:48:20.047621,159.31,prod_28,1,159.31
a52f9de0-948b-4af9-8759-add22b84f82f,cust_59,2025-06-30T09:53:07.047621,125.35,prod_77,1,125.35
a5eef719-f920-4748-8ccf-210f3246e175,cust_13,2026-01-08T05:05:42.047621,228.45,prod_87,3,76.15
e968b8b5-0b69-4477-81aa-225a7bf51c74,cust_46,2025-04-19T01:39:52.047621,150.72,prod_11,1,150.72
2f4755b7-6825-4d6c-81f8-2f70c6b6f4ee,cust_357,2025-09-21T02:53:38.047621,123.94,prod_29,2,61.97
91b6c5d6-4a14-42c7-a7be-ae16e1269c00,cust_406,2025-06-29T09:46:32.047621,242.82,prod_109,3,80.94
a68db40a-6290-4216-80d6-44f71ed83e3a,cust_498,2025-04-13T00:37:33.047621,80.94,prod_109,1,80.94
8793b065-98f9-4afc-89d1-f48822a701f2,cust_336,2025-05-04T04:18:05.047621,61.97,prod_29,1,61.97
8f4b0b62-daa7-4bfc-a6fb-6af97a9f9da4,cust_398,2026-01-28T21:43:07.047621,128.49,prod_58,1,128.49
b7c0c5de-dc8d-4028-aae3-bae1465b80a0,cust_273,2025-04-17T18:04:17.047621,68.43,prod_145,3,22.81
721e023a-354c-462f-89ee-ef9c0b7e681b,cust_114,2025-07-26T23:56:51.047621,261.42,prod_124,2,130.71
335a67af-469e-4dd7-9697-9ae30b36d251,cust_10,2026-01-08T02:47:51.047621,461.46,prod_88,3,153.82
75927498-884f-422b-ac80-dca78a952ff9,cust_92,2025-09-23T05:41:29.047621,552.39,prod_200,3,184.13
5f1c4fef-5fca-43cc-8847-508b3cf7007d,cust_23,2025-10-13T20:21:11.047621,461.82,prod_80,3,153.94
e3bd6b23-c859-402d-9c5c-e23594fc01de,cust_73,2025-12-14T02:19:55.047621,330.78,prod_197,2,165.39
605cb75a-3c11-4460-adc0-7d911feb511d,cust_287,2025-11-07T11:31:19.047621,48.58,prod_143,1,48.58
4832da69-7112-4184-9654-25b2742abcac,cust_390,2025-04-29T13:56:25.047621,269.34,prod_171,3,89.78
5516a5d3-99f7-45a9-a73c-9a4a0a9f5d39,cust_365,2025-12-17T12:34:40.047621,250.11,prod_111,3,83.37
d6c4f286-30ed-403d-8b1b-001ee7db7546,cust_38,2025-11-17T14:01:02.047621,238.62,prod_150,3,79.54
bf4334af-c95c-4ef6-bde7-454f46703f82,cust_490,2025-11-17T10:40:54.047621,131.69,prod_86,1,131.69
2619aa24-be61-435e-a745-5dc9bd0d1e5d,cust_398,2025-10-05T14:14:13.047621,82.58,prod_179,1,82.58
971cfa8e-10f4-4272-b42f-1cf9ee5d4a08,cust_404,2025-12-08T17:18:19.047621,17.84,prod_170,2,8.92
a8dc3eb4-2bee-4183-ab75-d10286513339,cust_381,2025-04-29T15:15:27.047621,361.24,prod_56,2,180.62
fc3201bf-c57f-4a06-957d-aa5ff156d7ca,cust_227,2025-05-24T03:14:52.047621,389.79,prod_32,3,129.93
91835256-d01b-429d-b46d-404027773d52,cust_211,2025-09-25T10:46:40.047621,134.26,prod_5,1,134.26
c1741247-6a66-4c1f-a420-885ae9b3da81,cust_482,2025-02-22T11:09:49.047621,8.24,prod_172,1,8.24
1c954675-1071-47ca-81a8-64f50ac47c58,cust_348,2025-08-07T13:59:02.047621,89.41,prod_21,1,89.41
c06a4504-927b-481a-aa93-03eab25d6194,cust_268,2026-01-02T04:36:11.047621,196.84,prod_67,2,98.42
216632e0-889f-4aa3-aaa6-19edab467f8c,cust_57,2025-10-15T01:09:56.047621,541.86,prod_56,3,180.62
4f92a432-c9e3-406d-b7fc-ce5c6bf8a3b6,cust_7,2025-08-05T10:43:15.047621,308.74,prod_66,2,154.37
a2bfb0fc-7566-4100-988a-d8b3e95f3ff9,cust_495,2025-02-08T13:34:38.047621,552.39,prod_200,3,184.13
561b3fc5-e248-4340-8cb6-303e60e7c5a3,cust_492,2026-01-01T11:21:03.047621,236.72,prod_153,2,118.36
b0ab5f86-1899-47ee-9d4e-72eb9f473948,cust_2,2025-09-06T03:18:18.047621,153.06,prod_107,2,76.53
9fd0e2ac-3a03-4f47-9a10-aa7c7d4b33aa,cust_179,2025-09-04T01:33:41.047621,360.6,prod_33,2,180.3
83861970-9810-4aed-abd9-3771c71b3e12,cust_348,2025-12-17T01:39:06.047621,448.14,prod_24,3,149.38
9740adbd-cf5a-4624-96ba-ccb63592acaa,cust_128,2025-09-14T15:20:12.047621,65.77,prod_173,1,65.77
e13bcedc-1aa6-4e24-981f-eaf56880e5ff,cust_212,2025-03-14T17:10:27.047621,128.49,prod_58,1,128.49
4bc05a8b-b1a0-425b-be5b-9e0a303a1d9a,cust_283,2025-11-21T21:55:00.047621,317.86,prod_48,2,158.93
9ab3a9da-390a-4e7b-a37c-06b89a451007,cust_72,2025-09-03T06:39:48.047621,129.93,prod_32,1,129.93
7cb3e00b-ad18-42ae-87d4-ae642118a7e6,cust_437,2025-02-07T03:48:09.047621,90.6,prod_43,1,90.6
086cbd7d-ef00-4faa-bdef-77613856afc0,cust_102,2025-10-09T16:20:19.047621,79.77,prod_42,1,79.77
53b783be-45d6-48eb-902b-2a36646b8739,cust_438,2025-11-21T22:59:07.047621,307.64,prod_88,2,153.82
101eda0d-e83b-4dec-a445-8556d3c256a1,cust_350,2025-09-28T12:27:33.047621,123.84,prod_147,1,123.84
bde33e6a-69a9-417b-8511-3df701c28ec0,cust_368,2025-03-31T21:35:52.047621,164.52,prod_65,1,164.52
0496b0ca-d466-4df4-9a64-5e3beec69fcb,cust_304,2025-10-27T08:04:56.047621,99.6,prod_162,1,99.6
8a4b5617-8b82-494a-a919-744ad68153cb,cust_76,2025-06-13T18:39:53.047621,250.08,prod_63,2,125.04
efc292ab-aaa6-4b32-977b-9ec39ce4f2b1,cust_379,2025-12-30T19:28:15.047621,101.18,prod_83,2,50.59
1de999c0-545a-443a-be12-8d72a4e80452,cust_267,2025-11-05T08:37:00.047621,135.04,prod_175,1,135.04
d3ceb6e4-0081-418c-8174-5b87af043cfe,cust_31,2025-12-17T00:44:48.047621,349.08,prod_151,2,174.54
c6bae821-5038-40b9-844b-93d5e8bb5ec4,cust_76,2025-03-14T06:00:43.047621,155.16,prod_81,2,77.58
f2567f4c-71f3-4d00-b444-89203bb1e8bb,cust_224,2025-02-08T17:05:19.047621,474.39,prod_69,3,158.13
c9d38dc0-176f-4220-a8ce-e6f9c6891736,cust_322,2025-07-14T15:27:01.047621,162.64,prod_4,1,162.64
cbba67f0-a755-4a05-934b-6c5d69e46722,cust_296,2025-06-10T03:23:16.047621,60.32,prod_6,2,30.16
1eb35967-a506-4fb0-8450-6d70dc7cc494,cust_457,2025-10-19T10:17:03.047621,90.32,prod_117,1,90.32
5e426f61-21d4-40d9-b9a2-0406850d9c8b,cust_200,2025-06-29T22:02:32.047621,238.68,prod_49,2,119.34
c8c70412-9560-42d0-8d5a-3d405635eb67,cust_395,2025-09-13T00:07:09.047621,123.42,prod_73,1,123.42
a0798c5a-7e0c-434e-8697-6dd8a28bb38c,cust_322,2025-11-23T01:37:44.047621,120.99,prod_106,3,40.33
9d10c923-b5c2-47d3-952a-047481e081f1,cust_500,2025-07-17T19:06:07.047621,230.28,prod_196,3,76.76
b1f6297b-a00b-422d-9cbb-c9ae3227a718,cust_426,2025-03-16T21:38:38.047621,39.27,prod_163,1,39.27
c4cfbff4-c51a-4770-9fd0-ff7c6065d0da,cust_226,2025-04-28T01:04:18.047621,107.56,prod_149,2,53.78
22e5c483-4f28-4864-a170-b30e33c003d5,cust_119,2025-02-09T03:03:51.047621,48.79,prod_100,1,48.79
550bdff0-9838-4b65-a24d-e37eb01eb4f2,cust_478,2025-08-08T03:53:35.047621,25.34,prod_113,2,12.67
bf0548f8-1231-4fe5-a364-4af883a4d130,cust_102,2026-01-04T07:37:51.047621,115.24,prod_167,2,57.62
d70f8bd3-9a0e-4f02-9659-19cd399d2d70,cust_231,2025-10-14T15:26:11.047621,231.42,prod_161,3,77.14
2df5103d-6b41-44fb-b6b3-e0385b469bc4,cust_472,2025-04-13T12:59:21.047621,76.53,prod_107,1,76.53
c0cfa3d2-573f-4cd9-8cbb-e29886498173,cust_193,2025-11-11T05:26:24.047621,594.24,prod_78,3,198.08
57392940-5681-4461-b7e2-a9dc7a2913e7,cust_37,2025-05-05T20:00:38.047621,308.74,prod_66,2,154.37
8e6605ff-71ea-40cb-913c-af81dc957329,cust_155,2025-10-21T19:05:52.047621,56.62,prod_91,1,56.62
7d6d975b-4480-4316-ac1d-4a67b0e46490,cust_114,2025-08-12T09:13:59.047621,152.3,prod_87,2,76.15
7ad54134-db65-440e-867a-e65155da4207,cust_81,2026-01-09T23:01:11.047621,360.81,prod_122,3,120.27
59c9b4a7-bc38-4eb1-a354-656c4a6235df,cust_128,2025-08-08T07:26:12.047621,359.7,prod_103,3,119.9
a6cab77f-2e73-4685-a63e-6ed913a15848,cust_213,2025-05-02T09:39:32.047621,179.68,prod_142,1,179.68
3fd5603c-b9fd-4347-995a-94e9cc6479f0,cust_58,2025-03-31T14:44:19.047621,406.95,prod_38,3,135.65
5ee44a5e-907f-441c-ac14-d51cb8625c35,cust_299,2025-08-12T21:24:59.047621,130.14,prod_104,3,43.38
0a81b6ee-02d3-44b4-8de5-7e30353ee2c2,cust_418,2025-06-14T02:41:22.047621,106.6,prod_93,2,53.3
d0f7a6fa-dc3c-4179-bea8-aef662880349,cust_318,2025-08-11T13:01:58.047621,38.29,prod_195,1,38.29
219823d0-3bd9-462b-a81a-1d138297d929,cust_425,2025-10-02T03:45:49.047621,45.84,prod_160,1,45.84
1a9e4497-2d40-4731-adf9-1b014014681f,cust_270,2025-09-07T03:54:06.047621,309.92,prod_152,2,154.96
c33fe506-d798-4534-ab31-dad97aaa9e88,cust_245,2025-06-25T02:03:28.047621,167.84,prod_95,2,83.92
fdb33df8-9d61-4026-8a78-bd5884382e32,cust_426,2025-02-26T21:48:16.047621,552.39,prod_200,3,184.13
26b9f317-f3fe-4bda-90ca-b73279855925,cust_401,2025-09-18T04:00:06.047621,359.7,prod_74,2,179.85
8cf4a8ba-102b-4c95-81b3-f3b6277990fc,cust_59,2025-08-27T16:57:46.047621,213.72,prod_191,3,71.24
fd3f9bd4-a674-43d6-ae6e-278db2e9f599,cust_205,2026-01-02T12:08:39.047621,73.52,prod_174,2,36.76
e8a00770-19f2-4095-bd60-6f9d2839d852,cust_206,2025-08-22T22:19:47.047621,291.06,prod_97,3,97.02
17de7189-b342-4796-bb6d-6cdbc5498292,cust_100,2025-12-29T19:37:39.047621,71.55,prod_169,1,71.55
1166db92-8814-4f76-be5a-d132aa52615d,cust_233,2025-11-01T09:03:36.047621,101.18,prod_83,2,50.59
f568e581-6f63-4570-8e8c-5a08400ea578,cust_356,2025-03-17T19:15:36.047621,72.49,prod_71,1,72.49
51f2c393-fda4-44e4-91ef-181b03b52bb4,cust_14,2025-09-29T09:06:00.047621,183.82,prod_105,2,91.91
82a72d29-b8ed-4d4b-a6ab-bc16d7c9e65c,cust_494,2025-08-28T09:07:26.047621,533.79,prod_72,3,177.93
eb27df88-54ba-4f96-a876-46a4509d7300,cust_492,2025-12-21T10:21:37.047621,256.98,prod_58,2,128.49
cef03b67-075c-4325-a610-855c9c2eff34,cust_375,2025-02-25T23:46:24.047621,235.14,prod_41,3,78.38
cdc9e4e4-b544-45c3-ac4f-06c288d2573f,cust_143,2025-06-08T07:31:16.047621,298.8,prod_162,3,99.6
d587201b-cf8e-4ffa-87bf-c2741712dc7c,cust_93,2025-05-22T10:19:14.047621,81.34,prod_53,2,40.67
c7113eb7-c5f9-475c-9fc7-773d742abd4f,cust_356,2025-03-22T05:50:48.047621,354.46,prod_164,2,177.23
6fb24d9c-99f4-4637-96d9-e6eb4ff66add,cust_72,2025-06-08T06:03:50.047621,17.64,prod_158,2,8.82
9f9a0c9a-081b-424f-a88e-623d79ed4bf5,cust_170,2025-10-08T20:52:40.047621,474.39,prod_69,3,158.13
e7dc7522-6690-44f7-b650-f0d05d83cd58,cust_106,2025-10-30T12:40:38.047621,244.98,prod_178,3,81.66
4e3143ea-1ab5-4a64-84ba-dbac464b549f,cust_273,2025-09-02T21:14:24.047621,132.7,prod_1,2,66.35
3203e849-dddf-4ee6-8f2c-76b64a85dc32,cust_386,2025-06-11T14:52:26.047621,149.38,prod_24,1,149.38
37cc3e4c-c2ef-4260-b7b2-cb677bb630e3,cust_218,2025-06-29T13:41:02.047621,146.94,prod_79,2,73.47
d2e4158c-cfe8-40aa-88ae-d714d337a90a,cust_428,2025-10-23T13:06:14.047621,94.15,prod_134,1,94.15
29dc070f-300f-4d60-91f2-6e8f244777af,cust_363,2025-12-19T11:37:45.047621,340.08,prod_132,3,113.36
b757a71e-3eda-4043-95ca-53bf6a59928d,cust_187,2025-11-12T00:06:09.047621,106.68,prod_46,1,106.68
25866ff9-e500-4f55-855b-717484910895,cust_318,2025-08-04T13:32:08.047621,136.8,prod_186,3,45.6
12a613b7-2772-4bad-ab79-550572089c86,cust_398,2025-06-19T16:14:24.047621,293.7,prod_115,3,97.9
ec53884f-55a4-46ce-8599-0c13cd94dc04,cust_440,2025-09-26T07:24:21.047621,169.86,prod_91,3,56.62
b7ac2c59-e0e0-4c77-b974-b80af7472737,cust_165,2026-01-14T08:05:34.047621,226.72,prod_132,2,113.36
32c26803-5fc7-4943-995e-440a12f89bf1,cust_251,2025-12-09T01:06:18.047621,250.11,prod_111,3,83.37
c1ffcaa5-2497-4e20-817d-644cda73c66e,cust_409,2025-12-26T00:22:20.047621,436.35,prod_112,3,145.45
2059640f-148f-48e9-9445-419983e33d04,cust_274,2025-09-13T07:42:21.047621,311.5,prod_177,2,155.75
ac67f374-d79d-4454-af9d-71142bf030c9,cust_219,2025-08-23T19:28:07.047621,370.32,prod_156,2,185.16
b6f1e377-93b5-4d2b-8249-f3005f81fb68,cust_267,2025-06-30T15:04:57.047621,153.94,prod_80,1,153.94
4c3b819a-fb00-4d3c-ac8f-be93e8d56802,cust_47,2025-10-01T03:09:48.047621,66.35,prod_1,1,66.35
d8465bf2-3ac4-4ae3-826c-f49d79426104,cust_20,2025-09-21T10:44:12.047621,125.04,prod_63,1,125.04
3417dbad-454c-43f2-b638-33e292504bb4,cust_268,2025-12-13T22:50:18.047621,132.87,prod_194,3,44.29
4a0406a0-9d7d-4f1f-96cd-e33f149e24ef,cust_377,2025-07-07T22:51:50.047621,234.38,prod_18,2,117.19
74e300fb-0ceb-43e5-b4de-50f611920e2f,cust_96,2025-10-31T05:47:34.047621,45.62,prod_145,2,22.81
7655b2bb-d5a6-4f89-97ef-b89721617832,cust_316,2025-04-24T07:00:14.047621,359.7,prod_74,2,179.85
12afa88d-6238-4997-8249-3f9b38ba6229,cust_350,2025-07-10T13:50:04.047621,87.0,prod_139,2,43.5
c9c33900-ac8a-46b9-ad38-2e7a8a47e174,cust_240,2025-06-10T07:34:39.047621,51.26,prod_121,2,25.63
2ebe061c-0a7d-4e54-bc5e-aa3a26bc286c,cust_371,2025-11-06T22:06:45.047621,90.6,prod_43,1,90.6
5a20316c-208d-49ae-888f-6d3b4b9974bb,cust_413,2025-08-14T03:56:36.047621,159.9,prod_93,3,53.3
78853788-6707-46e6-883f-3d7498bb10c0,cust_397,2025-04-26T09:30:20.047621,191.65,prod_185,1,191.65
f2ababbb-9a98-4191-8b0a-1a9ba8b8af20,cust_299,2025-06-04T03:36:23.047621,149.38,prod_24,1,149.38
222066e5-fb6f-45f1-9692-443dd63becf7,cust_184,2025-05-07T23:23:40.047621,86.81,prod_123,1,86.81
75244831-ea75-468e-b836-850616c85893,cust_425,2025-12-28T00:07:28.047621,87.87,prod_98,3,29.29
c54dc5b3-4e7a-4849-aa0f-810fbccc2a5f,cust_295,2025-08-14T15:29:55.047621,213.72,prod_191,3,71.24
fd6ab92e-65f6-43e1-a0c2-191c7c85aaea,cust_114,2025-05-26T20:14:31.047621,385.47,prod_58,3,128.49
b1a091ad-84f3-49fe-ad22-3d5ef946eb3c,cust_485,2025-03-04T05:01:45.047621,135.65,prod_38,1,135.65
66740e37-8c21-4b63-8e9f-f64c812b1377,cust_366,2026-01-11T08:56:15.047621,351.57,prod_18,3,117.19
f8bcea0f-5de4-4991-8ae3-5d9c7783ef1c,cust_436,2025-04-20T05:00:20.047621,290.97,prod_166,3,96.99
0491a65d-93ed-4cc9-b2e9-b8d5b0225157,cust_378,2025-11-29T03:46:15.047621,158.13,prod_31,3,52.71
2bf94034-114b-4860-8e9d-973f7363ee20,cust_439,2025-07-24T14:14:30.047621,199.2,prod_162,2,99.6
1cb86989-aa45-428a-aeac-68ac28061d80,cust_176,2025-12-27T03:00:31.047621,196.56,prod_27,3,65.52
03f1dcd7-abb4-4a4a-ab6a-55e5581c10c9,cust_494,2025-08-18T11:44:43.047621,231.42,prod_161,3,77.14
4a855c6c-d649-44ed-bddb-2124482aa1c4,cust_238,2025-08-14T19:56:02.047621,153.06,prod_107,2,76.53
a5149650-4532-4398-8031-890a8f072615,cust_239,2025-11-08T11:04:59.047621,291.94,prod_20,2,145.97
48655911-d50c-4be2-8e12-224f42a474a6,cust_307,2025-09-27T01:22:37.047621,41.64,prod_76,2,20.82
776b766b-b724-40c4-9d9d-be6a7d8b4afa,cust_485,2025-03-30T17:10:59.047621,88.59,prod_85,3,29.53
d74e4540-0b2d-4e8c-abe9-ed8534f5e974,cust_316,2025-09-30T02:31:00.047621,164.52,prod_65,1,164.52
a76aecd1-5c65-4e07-885a-58f2f4eca1c8,cust_295,2025-12-23T20:30:43.047621,130.14,prod_104,3,43.38
5cdcf6a9-ee0c-4d5a-854a-f1344997f8cf,cust_80,2025-07-19T14:40:52.047621,237.39,prod_50,3,79.13
51ef72eb-eda6-4929-9ed9-2fcfa1558e49,cust_141,2026-01-07T04:16:58.047621,17.84,prod_170,2,8.92
6bf59791-c5a4-4077-be45-99e8321cd89f,cust_371,2025-10-25T02:29:05.047621,50.59,prod_83,1,50.59
47dc2ec9-04ed-4027-96d6-a9995bba51cb,cust_402,2025-08-07T22:00:59.047621,136.43,prod_17,1,136.43
659bc336-87f7-4961-ad68-1ad9ff51eb0e,cust_364,2025-02-17T17:26:09.047621,256.98,prod_58,2,128.49
3014b0c9-b283-4807-985e-a6f065599945,cust_142,2025-06-02T17:43:46.047621,448.14,prod_24,3,149.38
c32c86c7-44fb-4f3a-8509-58c4a425f5de,cust_65,2025-04-11T12:17:32.047621,207.74,prod_126,2,103.87
8154b4aa-abe2-418d-be6e-f4f4cf758323,cust_290,2025-04-05T22:02:10.047621,76.53,prod_14,3,25.51
3f3b5909-4487-4684-a5a2-85e3d2e696d5,cust_457,2025-10-24T12:49:14.047621,219.33,prod_187,3,73.11
a8c74e46-d678-407a-a28d-5f07e43331a9,cust_361,2025-04-25T08:29:22.047621,250.98,prod_118,2,125.49
1403b945-ce3a-468c-ba96-d7e26f146c13,cust_64,2025-07-23T17:17:57.047621,45.6,prod_186,1,45.6
c5b68257-1efa-4507-b90d-a757bfa5d5b6,cust_168,2025-10-13T20:37:29.047621,323.52,prod_114,3,107.84
24bcb5f4-5981-45e5-8f37-f4f6f49bf15c,cust_61,2025-12-08T01:05:17.047621,130.87,prod_36,1,130.87
2699b6a0-6354-4d37-8b39-feb8a6527d47,cust_343,2025-06-13T19:41:51.047621,149.36,prod_55,2,74.68
588b53b1-20e2-4f06-8b55-d7a04886734e,cust_245,2025-07-29T22:15:25.047621,174.7,prod_3,1,174.7
a84ff0d7-0aa5-48aa-adea-768faf46c04c,cust_371,2025-08-21T01:36:16.047621,52.16,prod_22,2,26.08
f760d544-534a-4fad-ac62-5b0ad0a490bd,cust_450,2025-03-29T03:11:58.047621,320.04,prod_44,3,106.68
be66487c-069c-436e-9fe9-b54987567cc2,cust_266,2025-03-04T01:01:43.047621,180.3,prod_33,1,180.3
f93a24dd-718b-48ee-a2ba-a1e9614deac7,cust_412,2025-11-18T11:35:14.047621,155.75,prod_177,1,155.75
4ab2375c-4cf0-49f6-a41f-27d413237e01,cust_76,2025-12-14T17:24:01.047621,105.42,prod_31,2,52.71
b8520a97-c337-4d01-aee2-3a02e704a537,cust_103,2025-11-21T02:02:18.047621,382.82,prod_26,2,191.41
fd9bb78f-8cb9-47cf-89d5-f4ddf38d41b7,cust_252,2025-07-11T22:24:46.047621,119.34,prod_49,1,119.34
fe21a66a-3cc2-450b-bbec-da1381cc7f97,cust_276,2025-12-24T23:37:55.047621,179.85,prod_74,1,179.85
91a28025-976c-4a21-833d-703cf077007c,cust_46,2025-10-21T03:02:55.047621,90.32,prod_117,1,90.32
47b9a8a7-bb2c-4878-bf59-28d344542847,cust_245,2025-06-12T11:08:29.047621,12.67,prod_113,1,12.67
8195adfe-6688-45d7-96ab-114ea647e1fb,cust_56,2025-11-05T07:55:23.047621,73.11,prod_187,1,73.11
4c8c7a88-c646-490d-8c31-ecfdeb17f88d,cust_159,2025-02-06T22:33:31.047621,164.1,prod_129,2,82.05
97debdb6-4dd0-41c3-995f-1edd1ddde3a7,cust_52,2025-05-23T14:49:01.047621,191.65,prod_185,1,191.65
baff75e0-ba7c-41a8-9822-8b5e68497e7d,cust_125,2025-03-02T16:52:55.047621,193.06,prod_25,1,193.06
99854c39-5858-4792-bcd7-236ad59891a1,cust_326,2025-04-12T23:13:37.047621,318.62,prod_28,2,159.31
df8634f9-fe09-43ea-b917-b9c76545c872,cust_450,2025-05-11T20:07:23.047621,559.95,prod_154,3,186.65
3640616c-1ae0-428a-a878-3cfb236f7ce0,cust_120,2025-12-23T02:08:00.047621,270.08,prod_175,2,135.04
7dd48f1b-4916-40b2-84cb-45cb86796568,cust_243,2025-03-03T00:24:24.047621,89.49,prod_59,3,29.83
fd598530-e47d-4195-aac3-37168eac73de,cust_83,2026-01-25T14:46:18.047621,29.53,prod_85,1,29.53
b896ceb8-9225-449d-a418-3912ca0cef37,cust_243,2026-01-18T06:00:17.047621,87.87,prod_98,3,29.29
9484a161-2959-4131-b2e4-b0acecb8dbba,cust_323,2025-12-25T05:12:49.047621,183.26,prod_184,2,91.63
888770ed-74e0-4d52-a062-d8b45d34e5c3,cust_138,2025-12-21T05:55:19.047621,57.38,prod_30,1,57.38
471444e4-f752-4abc-93b5-b2ae0eb0eb30,cust_77,2025-12-20T11:18:29.047621,177.93,prod_72,1,177.93
b7263c37-d8dc-4d33-b352-c661f0c60c9d,cust_17,2025-10-17T13:15:40.047621,307.64,prod_88,2,153.82
481b3f8c-2572-4d26-b5e1-7f886b670fc3,cust_130,2025-08-19T16:02:40.047621,135.65,prod_38,1,135.65
97824683-7530-4bcc-ad7c-6c7f7a1a552f,cust_264,2026-01-01T15:07:03.047621,160.52,prod_157,1,160.52
4c2970b1-02f5-4f32-9da4-7e930770a17a,cust_368,2026-01-23T23:01:32.047621,272.86,prod_17,2,136.43
e61864a7-ce27-4a85-8549-259ac65c93e6,cust_300,2026-01-09T23:02:04.047621,231.42,prod_161,3,77.14
45c816a9-ce8d-4026-841a-bed2c914e94b,cust_75,2025-08-21T15:49:26.047621,246.15,prod_129,3,82.05
57b1a68d-8b4c-4322-9402-a71fbff4e955,cust_460,2025-11-17T15:41:05.047621,213.36,prod_46,2,106.68
9f24c1e8-91c5-49e8-b549-94b608234fc2,cust_92,2026-01-20T08:13:17.047621,59.66,prod_59,2,29.83
3b13974b-5726-4371-8209-5c9546163159,cust_259,2025-04-24T19:47:50.047621,191.41,prod_26,1,191.41
28181ba5-d328-483a-b502-bf5a2e0cbad6,cust_184,2025-11-02T16:05:37.047621,531.69,prod_164,3,177.23
3735a2a5-57bb-4cb2-9dee-2f854aa515e1,cust_262,2025-11-04T09:05:52.047621,315.87,prod_19,3,105.29
c8f02081-143d-42b8-ae85-ee88c70e1408,cust_445,2025-03-15T14:02:13.047621,166.74,prod_111,2,83.37
d4d0f5c8-86a2-439c-a5af-ebd004857a86,cust_453,2025-07-29T07:46:01.047621,98.42,prod_67,1,98.42
599c9a08-9b35-4d00-be1c-330b03a7b6a8,cust_118,2025-10-11T05:07:46.047621,103.87,prod_126,1,103.87
2cc4cbe7-d045-483a-b8ab-e264e8b35fff,cust_59,2025-04-26T20:05:53.047621,137.52,prod_160,3,45.84
45991685-3f09-4677-a499-7eedfc694d0f,cust_83,2025-08-30T08:30:36.047621,358.08,prod_146,2,179.04
2324c7d0-48b9-43bf-875d-278c768d531a,cust_344,2025-04-10T04:51:57.047621,114.87,prod_195,3,38.29
52bcd965-f802-47b7-b18d-b37c2e0cf8d5,cust_470,2025-03-13T17:55:18.047621,340.08,prod_132,3,113.36
07556965-2ed3-4132-a300-aa0eab9db010,cust_457,2025-07-10T14:26:46.047621,174.54,prod_151,1,174.54
96608a11-9237-4f9c-90ea-5582556c9353,cust_297,2025-10-10T11:12:22.047621,178.82,prod_21,2,89.41
e4011734-4002-45e7-a5d9-9980e788eef7,cust_407,2025-09-06T20:25:50.047621,40.81,prod_144,1,40.81
dea18671-c76a-43a5-9be3-b3e189527304,cust_1,2026-01-15T15:25:50.047621,76.68,prod_183,1,76.68
277572c0-e8e5-442e-a4a6-0de7b7264217,cust_233,2025-08-20T00:44:14.047621,132.85,prod_37,1,132.85
124aa249-d5a6-4327-af40-0e213173c1a3,cust_220,2025-12-15T10:16:13.047621,159.08,prod_150,2,79.54
185b22d9-fec4-418d-82ae-fb5976d603c5,cust_228,2025-11-28T22:47:04.047621,132.7,prod_1,2,66.35
4701cf94-4ebf-4be9-9c6a-abe8d91aca74,cust_80,2025-11-01T01:43:39.047621,376.05,prod_77,3,125.35
36986da1-caba-4888-842d-06f429ef7f06,cust_190,2025-05-19T22:12:55.047621,22.81,prod_145,1,22.81
3639a289-7e62-44a1-bd67-a126b04df7d9,cust_288,2025-08-27T22:55:29.047621,373.3,prod_154,2,186.65
b549a730-ca4b-4f4d-a35e-9b8b2427e6c9,cust_86,2025-03-14T14:40:50.047621,358.08,prod_146,2,179.04
c3ee2e6a-6e2d-4911-93a1-7ee06c4fbf3b,cust_443,2025-06-28T03:33:46.047621,339.64,prod_9,2,169.82
183817a3-67e3-4292-ae98-468c7bbc0817,cust_364,2025-04-25T20:57:08.047621,153.82,prod_88,1,153.82
37f4180b-c55a-4906-a857-aac009d6572c,cust_112,2025-11-11T01:00:16.047621,92.54,prod_10,2,46.27
da28bf06-c529-413c-831a-be41ba7bed59,cust_282,2025-05-03T05:23:23.047621,290.97,prod_166,3,96.99
a5fbdfd8-44b3-49da-8c49-8bd7d278b6be,cust_244,2025-11-18T17:36:19.047621,215.62,prod_57,2,107.81
b9c706a2-0026-4a47-9098-daa634661d7f,cust_162,2025-03-31T14:49:46.047621,311.61,prod_126,3,103.87
2c10f514-abc9-4c1a-88d4-efd07e67b2b5,cust_90,2025-10-10T13:05:08.047621,80.32,prod_64,2,40.16
b812368f-1318-4204-8cb1-54948f93ecc5,cust_315,2025-05-17T22:12:50.047621,383.3,prod_185,2,191.65
5ae690b7-e3b7-48ba-a2c0-b8fc4db3c8d1,cust_230,2025-03-02T03:36:31.047621,71.56,prod_190,1,71.56
6e9ca274-93af-471b-9a97-a395ed7ea49f,cust_109,2025-08-06T02:39:35.047621,153.36,prod_183,2,76.68
2e3263ed-228e-4ceb-b8b7-c17510e3f9a7,cust_84,2025-04-16T18:47:41.047621,153.52,prod_196,2,76.76
6e7011ce-0937-487d-8cea-8d7171037a52,cust_452,2025-07-11T21:34:27.047621,275.73,prod_105,3,91.91
1dc6efab-4cbb-451a-a680-ac0e3654f2eb,cust_17,2025-08-26T01:52:57.047621,149.38,prod_24,1,149.38
8b462727-e7bd-4070-b113-4dff62978489,cust_21,2025-10-08T19:20:30.047621,188.3,prod_134,2,94.15
38090d0b-80b2-4a75-856e-166450268b08,cust_173,2025-02-19T14:44:30.047621,17.64,prod_158,2,8.82
1b2cac12-3ba6-430a-a0df-d7bf24543d80,cust_409,2025-08-03T04:16:10.047621,38.01,prod_113,3,12.67
14f8392e-c1bd-410d-9834-532e4dc2443e,cust_456,2025-07-31T23:15:34.047621,29.53,prod_85,1,29.53
57175426-2692-4cd3-8a83-d713a18ad407,cust_365,2025-12-01T02:07:06.047621,172.65,prod_62,3,57.55
4fa4f9ec-e0fa-4d98-9c6f-87736ec57136,cust_115,2025-06-08T14:14:53.047621,169.3,prod_188,1,169.3
74d1bc9d-385b-4e29-94d9-8eb94d8b5321,cust_348,2025-10-12T23:39:51.047621,33.9,prod_45,3,11.3
512af962-c7be-4a23-846f-e8bad7f7c2f4,cust_105,2025-12-23T14:31:23.047621,293.7,prod_115,3,97.9
c083203f-dc2c-4082-b2a7-b4f80b340d5e,cust_447,2025-03-28T23:58:17.047621,97.9,prod_115,1,97.9
67e4d81b-5d96-4ced-b150-9da752413973,cust_332,2025-08-02T06:04:26.047621,140.67,prod_54,3,46.89
f8d67029-8b07-46ae-af88-9f1c6ddb7ecb,cust_87,2026-01-28T15:41:42.047621,105.29,prod_19,1,105.29
802677a0-1a92-4240-9110-4f72471cc793,cust_323,2025-10-08T12:52:27.047621,236.72,prod_153,2,118.36
e1f66580-3459-4860-8cbb-f941e86ae17a,cust_419,2025-10-27T14:44:27.047621,307.88,prod_80,2,153.94
9066046b-00b7-4dcc-a2c9-5f77cd153d26,cust_143,2025-08-17T13:42:45.047621,98.42,prod_67,1,98.42
fa414032-c364-43b0-8727-e7d4d381d30a,cust_413,2025-06-17T01:13:17.047621,298.76,prod_24,2,149.38
11a08900-397c-46b2-9812-ea3e4c304950,cust_453,2025-07-30T00:02:10.047621,291.94,prod_20,2,145.97
d873bb89-57e5-4fc2-8099-a0574c157834,cust_61,2025-11-13T19:10:32.047621,169.86,prod_91,3,56.62
1aa3e4fb-9c18-4124-ae0c-df8cd851bacd,cust_442,2025-06-25T16:08:40.047621,150.72,prod_11,1,150.72
e9c50e4a-3c95-41c6-87e7-7c934a01561d,cust_248,2025-04-02T00:02:24.047621,89.49,prod_59,3,29.83
8a42d6df-2582-4eea-ab65-f89045b1bd88,cust_22,2025-09-11T08:32:41.047621,91.2,prod_186,2,45.6
2d1ad18f-2cc0-4e77-b9aa-554c00c8b01e,cust_400,2025-02-09T19:38:48.047621,91.74,prod_137,3,30.58
b3f6f237-1958-4fcf-836d-11379d86e919,cust_303,2025-10-24T00:57:12.047621,106.7,prod_92,1,106.7
e33a2c0a-b350-4502-8137-7d5f9c479f1f,cust_164,2025-12-27T12:41:19.047621,83.8,prod_110,1,83.8
5dd9c75c-0708-47f8-8b58-37d4dd8ebbfb,cust_15,2025-07-18T08:59:58.047621,140.76,prod_96,3,46.92
fb488058-4635-4738-9eee-88ccb30a3031,cust_195,2025-08-29T22:32:10.047621,373.3,prod_154,2,186.65
303bbd50-9950-49b0-bdbe-5cb5e683dd72,cust_389,2025-10-22T00:23:01.047621,91.2,prod_186,2,45.6
c2c847c2-3c9d-4160-9f4a-6bb3ed62363b,cust_59,2026-01-07T07:14:54.047621,564.0,prod_94,3,188.0
efb72700-8b44-435f-bed5-b80d1b99256f,cust_209,2025-07-04T16:17:40.047621,119.9,prod_103,1,119.9
68df787f-3154-4746-8485-39beb563bd34,cust_189,2025-07-07T04:26:39.047621,21.3,prod_82,1,21.3
c7d2d2c4-c7d5-45cd-9c15-9f3deb4ea0f8,cust_116,2026-01-18T19:06:22.047621,179.76,prod_13,3,59.92
f05dec07-e7b9-4b52-8175-1807072f8ce5,cust_169,2025-12-18T01:55:36.047621,92.54,prod_10,2,46.27
f9a03177-3807-4a64-9759-6e0a8626b9dd,cust_297,2025-03-29T10:55:43.047621,354.46,prod_164,2,177.23
fdfc33a7-e1c8-45ae-bdaf-7451fe30c217,cust_139,2025-05-09T13:38:26.047621,90.32,prod_117,1,90.32
a9c5b6d9-c5ff-40c2-af44-a08240e74c40,cust_155,2025-07-10T03:37:55.047621,29.53,prod_85,1,29.53
7511c4ed-15b1-4cb8-8365-546d91a0b904,cust_129,2025-05-31T01:42:54.047621,158.13,prod_31,3,52.71
a28f73ae-c6d0-4de0-91a4-a6910468076a,cust_90,2025-12-16T10:13:10.047621,360.56,prod_193,2,180.28
580b0fd4-b45b-46ea-806f-2473ca108b6c,cust_143,2025-10-21T14:23:21.047621,129.93,prod_32,1,129.93
43b4a5c3-25c6-4fc9-9913-d518e7f39c02,cust_184,2025-11-20T01:59:35.047621,231.42,prod_161,3,77.14
d4c3521e-1da8-4678-b516-bd18df182104,cust_37,2025-05-08T00:19:06.047621,172.14,prod_30,3,57.38
56257df0-3efa-4028-8c74-cfe8a14ee2c7,cust_147,2025-07-03T23:36:15.047621,179.56,prod_171,2,89.78
c907cb9c-1469-4ffc-a9fa-e4f23e01526d,cust_151,2026-01-15T14:27:37.047621,320.1,prod_92,3,106.7
c1877b42-de77-4e04-af82-c9e0f68054ef,cust_59,2025-11-20T16:09:43.047621,143.1,prod_169,2,71.55
423e76ca-4909-432e-8c77-22218cc78296,cust_233,2025-06-04T01:33:12.047621,230.28,prod_196,3,76.76
ea015cdc-7192-48d5-bf57-5688e8a81e6d,cust_307,2025-07-12T20:48:29.047621,133.8,prod_68,3,44.6
2646ac10-acc8-4451-9507-e6dc8974ca91,cust_123,2025-03-31T22:04:12.047621,474.39,prod_69,3,158.13
cc0879ce-9f55-4e53-802f-c6d27c88335c,cust_474,2025-08-10T04:28:33.047621,145.97,prod_20,1,145.97
eeb581c6-ce37-4225-a86a-316e86612dff,cust_251,2026-01-14T19:38:34.047621,114.76,prod_30,2,57.38
6366b54b-7275-4916-b5e3-93ceaefa3376,cust_437,2025-04-25T00:25:32.047621,293.7,prod_115,3,97.9
9db0e2ec-77af-4991-b512-ecd67bad262d,cust_131,2025-03-22T07:26:01.047621,150.72,prod_11,1,150.72
5ae1d3fe-8348-4fa7-a1ca-2d6f13e64046,cust_491,2025-03-10T08:22:18.047621,271.8,prod_43,3,90.6
f7a83ac1-3a7e-4b38-853a-ebfa92c4a24e,cust_265,2025-09-30T01:08:57.047621,105.29,prod_19,1,105.29
3eefc4dc-c0e3-4975-b16e-9409fe95c579,cust_281,2025-11-29T21:08:34.047621,25.34,prod_113,2,12.67
cf957f46-0b73-4bdc-9e8e-1377a0524e29,cust_371,2025-10-29T10:01:03.047621,215.62,prod_57,2,107.81
44a9d347-8264-4813-89de-77212b570824,cust_288,2025-03-23T17:47:43.047621,165.16,prod_179,2,82.58
aeeed657-036c-4291-83f7-88438e157d5d,cust_396,2025-08-16T17:45:57.047621,275.73,prod_105,3,91.91
53ad116d-93d1-4005-a916-321fa42c8e4c,cust_486,2025-09-15T00:51:17.047621,339.64,prod_9,2,169.82
763c9c72-353a-44cb-a662-180149017c5d,cust_243,2025-10-22T18:23:20.047621,57.26,prod_155,1,57.26
e6dda3cd-ad74-417a-a1f1-1ffe5a02d754,cust_349,2025-04-12T14:33:23.047621,156.76,prod_41,2,78.38
8d2b77af-28dd-4456-b574-8fbd8a8808c8,cust_402,2025-06-02T03:24:03.047621,120.99,prod_106,3,40.33
75155d99-8e09-4401-8ef0-b82ff4f7464d,cust_43,2025-04-09T14:46:47.047621,159.08,prod_150,2,79.54
dc4ece35-ca61-46e4-aa84-3b676b7d92ca,cust_154,2025-10-10T19:20:26.047621,250.98,prod_118,2,125.49
12c79908-4876-47f3-80a5-9629bd0aa258,cust_377,2025-10-27T17:01:27.047621,154.37,prod_66,1,154.37
3a3929d3-c161-4685-b87d-d0d45129786a,cust_439,2025-07-13T08:21:55.047621,89.41,prod_21,1,89.41
089e9677-a18a-4798-a81f-3ea1b6b2113b,cust_73,2025-12-08T01:10:28.047621,402.78,prod_5,3,134.26
9617f04d-1d63-4885-b32e-6dfba322f3fa,cust_244,2025-07-19T13:25:12.047621,30.16,prod_6,1,30.16
6ab16838-5f44-421e-a0aa-412f6a5c7080,cust_163,2025-12-29T10:47:43.047621,165.06,prod_192,1,165.06
5fa35f4e-8eed-4fbd-b833-9d5001cbcf1c,cust_404,2026-01-15T07:02:39.047621,274.89,prod_184,3,91.63
52b1e9eb-1229-48c8-8216-2b482432174f,cust_346,2025-12-28T14:08:03.047621,125.04,prod_63,1,125.04
bedb5a9a-109f-4c9e-ad0c-cff3f3505cf4,cust_149,2025-04-27T15:12:14.047621,261.74,prod_36,2,130.87
80332afe-3661-4920-9c6e-637d20f22a80,cust_397,2025-08-22T04:39:00.047621,153.82,prod_88,1,153.82
35d4a236-f947-407d-a491-5edcb3cf2e36,cust_232,2025-10-06T02:47:25.047621,308.52,prod_189,3,102.84
877faecd-b184-4716-b223-6b4d6b664b4a,cust_484,2025-04-26T09:30:49.047621,191.65,prod_185,1,191.65
bf5970c4-815f-49d7-98da-b199a2a04e16,cust_203,2025-04-23T14:20:05.047621,327.56,prod_15,2,163.78
e7f38133-4b4b-40a2-b937-3ba713ee4feb,cust_288,2025-07-03T06:39:55.047621,45.26,prod_138,2,22.63
845e8144-4e8e-4a0e-837b-e0c7cc8e7a5f,cust_14,2025-11-16T09:24:11.047621,77.58,prod_81,1,77.58
3ddf9a94-63d1-4b26-b561-872bc9279db2,cust_26,2025-08-28T01:45:16.047621,158.93,prod_48,1,158.93
a5a28d51-2608-4eeb-9a57-d86e782e7207,cust_379,2025-05-28T22:58:15.047621,93.84,prod_96,2,46.92
a09cd4ae-17e2-44da-84ca-bb8087748a8c,cust_126,2026-01-20T23:33:08.047621,159.33,prod_23,3,53.11
be3abf07-ce6d-48d3-9139-15244929ae29,cust_489,2025-12-17T21:06:06.047621,389.79,prod_32,3,129.93
61585e31-2635-4815-8d8a-28d7705e1d11,cust_239,2025-03-15T02:06:30.047621,544.47,prod_90,3,181.49
869093f8-88a2-464f-ad44-ccfbac3a91d3,cust_265,2025-08-21T10:57:41.047621,61.97,prod_29,1,61.97
e7ebab1e-3fba-415d-b543-11630f9e290b,cust_115,2025-05-29T06:51:38.047621,364.28,prod_130,2,182.14
943fc835-0f4e-49ab-baa4-1d30582f5833,cust_360,2025-10-31T16:01:21.047621,30.16,prod_6,1,30.16
4e0109cf-86c8-4ec4-be63-b7eed43653f9,cust_164,2025-11-07T05:50:36.047621,20.82,prod_76,1,20.82
c2e1011f-9b87-4775-85c3-768e51b2b5b9,cust_190,2025-02-03T01:06:27.047621,142.48,prod_191,2,71.24
fefc76ab-799b-4011-a28e-383bc1bd3769,cust_292,2025-05-22T20:27:05.047621,15.3,prod_120,2,7.65
ceb96437-ca84-4b84-83a7-7413ae18985f,cust_90,2025-10-14T03:13:40.047621,269.34,prod_171,3,89.78
54160d20-144c-4cf4-851f-de7243f07160,cust_441,2025-03-03T18:40:01.047621,574.23,prod_26,3,191.41
e743fb58-6cc1-4fb9-a663-1aead8fe3603,cust_277,2025-05-11T14:15:30.047621,358.02,prod_49,3,119.34
c764a724-168c-4e9e-8183-ee40b1e2a0e2,cust_138,2025-09-07T17:29:24.047621,59.06,prod_85,2,29.53
de08d3a3-bce0-4134-b77d-80e9a629e9b3,cust_207,2025-05-08T05:14:41.047621,354.46,prod_164,2,177.23
b186a61f-b676-4df8-a991-d06dee680caa,cust_168,2025-10-10T18:06:37.047621,34.39,prod_8,1,34.39
c20acceb-ddca-4d8d-84a1-531a2ed9d28c,cust_438,2025-04-24T20:52:19.047621,158.26,prod_50,2,79.13
1a51160b-064f-4034-aa9a-f56d16858931,cust_330,2025-04-28T10:56:57.047621,158.13,prod_31,3,52.71
0d2ff26e-0d11-43cc-b582-81779aaf4259,cust_150,2025-04-24T16:20:32.047621,88.46,prod_159,2,44.23
1c3311bc-9506-4b81-b6a3-0b52f6a0239d,cust_259,2025-06-29T01:07:49.047621,318.62,prod_28,2,159.31
c6537143-cace-4e35-ae88-69082b2fb2a4,cust_312,2025-11-13T03:42:01.047621,83.8,prod_110,1,83.8
a076fdff-13ca-455d-b9ed-31a8c1deb1fa,cust_306,2025-08-24T00:07:19.047621,193.06,prod_25,1,193.06
8d8e2ea0-829a-48e2-9b32-33d15e64c99d,cust_67,2025-11-09T14:57:06.047621,97.16,prod_143,2,48.58
b319e94e-cea4-4e52-a5e6-feb7a2dd0ddb,cust_451,2025-12-17T11:55:39.047621,115.24,prod_167,2,57.62
f539f8a0-dcca-4619-95e4-f8ef5beb66fa,cust_294,2025-04-04T20:41:43.047621,81.34,prod_53,2,40.67
4cfc12a4-faa8-471c-a07c-311b6cf77f70,cust_461,2025-05-11T14:48:47.047621,56.62,prod_91,1,56.62
5931ae79-ece9-40d3-96da-4b95e77fd51e,cust_386,2025-10-17T13:37:53.047621,370.2,prod_89,3,123.4
b1c88553-4af3-4332-a374-6f0f222026e1,cust_184,2026-01-28T02:40:36.047621,163.32,prod_178,2,81.66
3d4a4747-de92-4561-bc1e-5315e3ebbb02,cust_181,2025-04-09T11:28:37.047621,153.82,prod_88,1,153.82
67c9a54e-7c16-4f83-8031-62ccbb207e62,cust_470,2025-11-30T12:08:14.047621,91.74,prod_137,3,30.58
32504409-85c1-4216-a120-b1751dfec6b8,cust_366,2025-06-06T18:53:14.047621,91.68,prod_160,2,45.84
3a381cb1-c8cf-4a06-8967-c7a6c43b276e,cust_114,2025-04-28T22:01:43.047621,155.48,prod_84,2,77.74
132f16fe-f6b9-47df-b963-3427a9536454,cust_6,2025-03-03T01:15:29.047621,90.6,prod_43,1,90.6
3d8fa3e1-b458-4003-8449-f08046a9f856,cust_55,2025-08-17T07:48:02.047621,239.8,prod_103,2,119.9
f5053689-6eed-4064-84a1-b6ffd005ea4a,cust_398,2025-10-16T08:27:50.047621,158.13,prod_69,1,158.13
55907a45-50ff-462a-af78-87491b86d3bb,cust_287,2025-10-19T17:54:23.047621,130.5,prod_139,3,43.5
992095be-4c87-4095-94e4-ace482825331,cust_165,2026-01-30T01:23:27.047621,266.14,prod_119,2,133.07
6b11c1ee-207c-4932-a7af-1eb8535d891c,cust_498,2025-02-20T16:41:33.047621,65.77,prod_173,1,65.77
ed14aa5b-7bca-4eda-a973-63a33838359a,cust_176,2025-05-21T01:31:24.047621,495.18,prod_192,3,165.06
763d8fe2-7536-43ec-a469-71e58cfb3263,cust_290,2025-04-21T05:22:38.047621,574.95,prod_185,3,191.65
f36fade2-2d3d-48a3-8695-ef7e1d756876,cust_322,2025-12-11T07:12:18.047621,29.83,prod_59,1,29.83
9b7bada0-5e37-49e0-a8ba-1d6d2bbbdfd9,cust_396,2025-07-15T03:56:23.047621,358.08,prod_146,2,179.04
dea6697f-39dc-4b4a-a268-abf4b6bac642,cust_67,2025-03-06T15:46:47.047621,173.62,prod_123,2,86.81
96acc821-55e9-4ef8-8241-d650bc4f78cb,cust_108,2025-06-06T23:54:13.047621,321.04,prod_157,2,160.52
32c0462c-b582-416a-999c-b15aab5d2961,cust_79,2025-03-19T22:53:56.047621,106.6,prod_93,2,53.3
997c52ec-239a-4ea3-a01d-2a8260d3e9c0,cust_428,2025-10-30T00:04:50.047621,64.33,prod_131,1,64.33
0eb52b45-e1e0-460a-9be9-c4aca56f5629,cust_14,2025-03-20T18:14:05.047621,227.94,prod_128,3,75.98
16199b31-c192-4084-bf95-d20ac7a50768,cust_172,2025-11-14T14:02:19.047621,136.43,prod_17,1,136.43
3394198d-e34a-4d3f-80b4-1746d3cfaa40,cust_137,2025-11-12T18:40:30.047621,392.13,prod_124,3,130.71
9bd4a4e4-2f36-4d35-9436-de706cb114a3,cust_368,2026-01-01T07:06:51.047621,95.6,prod_180,2,47.8
9dd2e54d-c94b-4124-81d2-0b52cb5be7f2,cust_442,2025-04-21T19:55:47.047621,76.58,prod_195,2,38.29
caf8fa97-7301-4275-9f07-1a3cef5c7713,cust_395,2025-07-30T00:39:15.047621,496.17,prod_197,3,165.39
17b40797-e08d-4d8f-a292-0f0d6d81d53c,cust_437,2025-12-11T10:45:19.047621,101.59,prod_125,1,101.59
c62d17c3-ef2e-46eb-b0c1-54a924c2b570,cust_472,2025-10-13T07:01:22.047621,243.36,prod_133,2,121.68
45cefaf3-9dcc-4257-909c-8beaf69a6adb,cust_482,2025-05-21T10:43:06.047621,133.07,prod_119,1,133.07
9dc2924d-8d6d-4f19-8b78-31d8bdf6f3f6,cust_229,2025-12-12T18:25:59.047621,67.89,prod_138,3,22.63
0af6083b-d6d0-4739-8a88-95962be8d352,cust_184,2025-07-27T10:46:22.047621,96.99,prod_166,1,96.99
3cc7abdb-a5d6-4e20-83be-c5c8a3c87268,cust_163,2025-05-29T00:05:00.047621,272.86,prod_17,2,136.43
b6e100b8-1aa0-4414-90e1-f1fd30ec64d5,cust_347,2025-12-19T05:38:30.047621,25.63,prod_121,1,25.63
d2cd3744-ccd6-407f-a6eb-b1edb511b6b0,cust_22,2025-03-24T05:19:14.047621,206.4,prod_70,2,103.2
1058ab30-fa0c-432c-a33f-9428e2c25b9e,cust_105,2025-06-02T06:49:08.047621,140.76,prod_96,3,46.92
8b1335e9-9a54-450b-8001-1213863e8022,cust_319,2025-05-18T13:17:49.047621,73.52,prod_174,2,36.76
0df5788e-bd2e-455e-bbb7-2d2760a550fc,cust_141,2025-09-27T12:06:11.047621,54.75,prod_182,3,18.25
7146d41e-bcf2-4f75-a429-3c013d097fa3,cust_318,2025-05-04T01:54:59.047621,53.8,prod_176,2,26.9
b13f69bd-bcb7-4474-ad53-ec218db05c0a,cust_256,2025-12-29T23:45:03.047621,375.12,prod_63,3,125.04
479e354e-0ad2-4f07-847f-dc09e6589cb3,cust_153,2026-01-08T16:36:30.047621,38.01,prod_113,3,12.67
d8e9e18c-ac06-4454-a754-26d4f017f77c,cust_56,2025-08-08T11:08:24.047621,130.71,prod_124,1,130.71
3dee221a-dc35-4c01-8ec0-f10fa2b466a0,cust_172,2025-08-28T08:09:44.047621,71.56,prod_190,1,71.56
5b5cc9c6-46e7-492f-946e-8bb9b223e9d7,cust_461,2025-02-27T15:22:35.047621,156.76,prod_41,2,78.38
6eaf24b4-b678-43ea-b15e-08ada0819da7,cust_354,2025-12-26T02:59:50.047621,53.3,prod_93,1,53.3
808d5cf0-06dc-48b4-8a30-568f63901399,cust_198,2025-03-23T20:09:30.047621,191.41,prod_26,1,191.41
3df21472-3df7-4b03-8a0f-875a5ead91d1,cust_412,2025-11-07T07:56:07.047621,79.36,prod_136,1,79.36
e6c0b5bc-2351-41b5-b676-64fb2ae9b2e3,cust_260,2025-06-20T15:28:20.047621,101.59,prod_125,1,101.59
dee43168-de1c-4ce5-916a-7bc9a41fe3ae,cust_330,2025-06-22T12:01:35.047621,80.66,prod_106,2,40.33
65cd4727-1e94-4a3d-ae61-892f6fa25664,cust_232,2025-09-21T21:41:50.047621,197.31,prod_173,3,65.77
138d0f8c-ad02-4a9e-939d-cb4a7a9828b7,cust_134,2025-09-28T20:39:58.047621,250.98,prod_118,2,125.49
5fb4d124-842d-4ca1-9202-291a2b9b3581,cust_477,2025-12-30T13:38:17.047621,579.18,prod_25,3,193.06
3071db44-e4ab-402c-abc5-bb3b7a9c6c39,cust_485,2025-09-24T15:21:15.047621,330.12,prod_192,2,165.06
e6707b4b-22c1-459e-9590-6379b98ae35a,cust_5,2025-11-18T08:39:02.047621,178.82,prod_21,2,89.41
39127332-da31-4f5c-a518-549a67f200a3,cust_433,2025-10-10T16:01:03.047621,160.78,prod_34,1,160.78
9637c93b-851d-41d2-a61e-57fd842482a2,cust_206,2025-07-15T11:36:47.047621,76.53,prod_14,3,25.51
2eef0ca5-305d-4fe3-86f0-fa0a517677c0,cust_410,2025-05-13T18:32:30.047621,114.76,prod_30,2,57.38
23e7b843-df51-46ae-a3be-93b4b06987a2,cust_341,2025-10-23T22:38:32.047621,199.2,prod_162,2,99.6
01cad787-9ba2-43eb-b4c2-a80b1348696c,cust_44,2025-04-11T09:18:47.047621,540.84,prod_193,3,180.28
d595f0ff-7ec7-4444-9adc-bdeeebdaa12a,cust_211,2026-01-10T08:23:19.047621,76.58,prod_195,2,38.29
3da12606-5b21-4a1e-ad9c-316ea51dc630,cust_85,2025-11-10T04:32:37.047621,304.77,prod_125,3,101.59
69df5087-05b6-4936-9b89-a7c56b359197,cust_218,2025-10-04T17:33:14.047621,77.74,prod_84,1,77.74
8c2379d8-e048-450f-874b-138ca1ec17d8,cust_333,2025-04-23T11:42:38.047621,91.63,prod_184,1,91.63
4b713f1c-17df-48cd-bdb0-2d7d7ecaa70f,cust_335,2025-09-11T10:00:44.047621,158.93,prod_48,1,158.93
76cea73e-9b2a-47dd-8eb7-3002993c69b7,cust_465,2025-09-03T12:30:53.047621,359.36,prod_142,2,179.68
8dd26d2e-7d08-48c0-8db6-c252a0337062,cust_240,2025-12-27T03:58:28.047621,89.49,prod_59,3,29.83
02a2d0e8-36a0-47b8-9398-607b36c58e36,cust_319,2025-11-22T10:05:00.047621,132.69,prod_159,3,44.23
9bb3a10d-c786-49ab-8bb4-2b67abb94231,cust_210,2025-09-04T01:14:48.047621,509.46,prod_9,3,169.82
596a9c0b-0a1e-4d88-8a0e-9102e04eb266,cust_101,2025-05-14T14:05:38.047621,119.9,prod_103,1,119.9
baa23a61-9a03-4810-9d2e-2b8b0a661863,cust_89,2025-05-23T20:20:01.047621,261.74,prod_36,2,130.87
70b1b376-f093-4a24-88bc-5c4fe1d3f4de,cust_484,2025-09-11T09:05:10.047621,220.41,prod_79,3,73.47
4ecff7e3-d7c9-4c67-a9d8-6f0ae9eb5f65,cust_149,2025-08-04T09:31:54.047621,114.52,prod_155,2,57.26
d7fe46d6-fa99-4a78-9abd-015234722473,cust_51,2025-06-12T13:54:15.047621,25.34,prod_113,2,12.67
b19db1ef-9f58-49e4-9301-27cd9af06a19,cust_7,2026-01-04T08:54:47.047621,150.72,prod_11,1,150.72
87713674-de8c-4267-891c-92d9492e59f9,cust_13,2025-08-17T00:33:11.047621,496.17,prod_197,3,165.39
ab01f14a-58e7-48ed-984c-b6b0499e358c,cust_241,2025-03-20T09:36:38.047621,197.31,prod_173,3,65.77
7f73233c-12de-497c-9254-0b9ff77db0b9,cust_156,2025-09-14T08:56:07.047621,44.07,prod_199,1,44.07
be011f2b-961e-40fc-b7ed-54f1ff7e72f4,cust_300,2025-09-17T05:02:27.047621,238.08,prod_136,3,79.36
ceecc8de-12c9-4981-8fab-46366d2279a6,cust_294,2025-03-08T18:52:31.047621,254.7,prod_47,3,84.9
4d5f8bbb-893c-43a2-9500-49528deea1aa,cust_102,2025-12-31T08:40:46.047621,52.16,prod_22,2,26.08
4a5edeac-2114-44be-bce7-c492d65857b8,cust_475,2025-06-06T00:27:18.047621,537.12,prod_146,3,179.04
7f2263e0-48aa-4483-b712-6ce5e327bf19,cust_489,2026-02-01T00:31:13.047621,77.14,prod_161,1,77.14
92a7cdef-322e-465e-b409-91e5aa1dcdb4,cust_28,2025-03-12T12:09:43.047621,22.63,prod_138,1,22.63
f3a83624-6da9-47d9-b853-4e87c975ac57,cust_284,2025-06-21T11:00:23.047621,145.74,prod_143,3,48.58
694a6e41-d19d-4921-9367-a0e59660b21f,cust_455,2025-11-06T00:57:41.047621,33.9,prod_45,3,11.3
13f736f7-ba8e-489b-b4e3-8a6a8dab6c66,cust_51,2025-12-21T23:53:36.047621,83.55,prod_61,3,27.85
c7c8f971-b2cc-4fd9-9dce-a4a69110c83e,cust_69,2025-04-14T20:42:42.047621,15.38,prod_141,2,7.69
f75b4250-f31b-450d-9334-92583f8b0a79,cust_172,2025-09-09T22:45:56.047621,125.04,prod_63,1,125.04
35a0a7db-9aea-4fa7-a2f2-966fe872e000,cust_228,2025-03-15T17:17:14.047621,145.45,prod_112,1,145.45
4c1cd521-b1f4-457a-8bad-6b8d263e5660,cust_350,2025-07-07T16:11:12.047621,298.8,prod_162,3,99.6
61304946-6bed-40b2-b0a1-6c9407d0ea8f,cust_121,2025-06-17T19:19:56.047621,197.31,prod_173,3,65.77
93d91124-c4c2-45c4-861d-55cf1daeab36,cust_36,2025-09-20T22:37:58.047621,261.74,prod_36,2,130.87
b92b4310-123a-4589-a481-3fc0c4387a01,cust_205,2025-03-01T16:26:48.047621,132.21,prod_199,3,44.07
c25e811c-53c3-4dc5-bd77-33e9047f6014,cust_377,2026-01-02T02:52:40.047621,46.84,prod_108,1,46.84
70c0a0c8-2492-4dc1-b0a1-440d93087680,cust_82,2025-06-24T02:01:18.047621,91.63,prod_184,1,91.63
a502cf7a-8346-4c9b-9e3c-1fbc6b2b144f,cust_56,2025-06-08T07:36:49.047621,106.68,prod_46,1,106.68
760511b8-bea1-4c21-89f4-a01d7cae584f,cust_61,2026-01-26T07:41:34.047621,240.54,prod_122,2,120.27
7ef54891-9fa8-4ba7-a03c-8f94fdab529b,cust_37,2025-09-20T05:06:51.047621,12.67,prod_113,1,12.67
7053c3f8-fc27-4f1d-baaf-2f142c0182ce,cust_393,2025-08-31T00:10:44.047621,298.76,prod_24,2,149.38
9ff6b2a7-7866-471f-8f4c-abaf1d7277f4,cust_18,2025-12-23T14:08:08.047621,58.58,prod_98,2,29.29
e9803008-f00a-4d53-bd72-e2ca92d5daf5,cust_200,2025-02-17T19:09:54.047621,6.93,prod_60,1,6.93
f61d6ddf-d685-4198-a35b-ef4e5e7b0bbc,cust_273,2025-02-17T12:19:26.047621,129.93,prod_32,1,129.93
78787f58-a3d3-4aca-a71f-8990e9a5aa03,cust_137,2025-07-15T11:02:55.047621,185.16,prod_156,1,185.16
523bbb16-5664-4851-8432-4b4448fa9d06,cust_219,2025-06-15T03:31:47.047621,27.85,prod_61,1,27.85
f7b5256c-f504-43e4-8a33-bdf5ab994d77,cust_68,2025-05-20T23:44:30.047621,238.68,prod_49,2,119.34
8a4fc7ad-12e1-4795-a189-06e3e923f67f,cust_303,2025-08-09T04:53:29.047621,291.94,prod_20,2,145.97
3c74f72e-7a77-4e77-b5b9-ed22ce0c1f5e,cust_397,2025-02-26T11:14:48.047621,541.86,prod_56,3,180.62
4aee23bf-304e-40bf-a26d-c7b900ec9dae,cust_71,2025-12-21T16:57:30.047621,153.4,prod_35,2,76.7
34f82ca4-2847-42fe-8d1d-2d1dfe8b0398,cust_98,2025-06-27T17:29:13.047621,77.74,prod_84,1,77.74
c9e72272-5b6d-4948-bff6-093156c5712e,cust_376,2025-04-09T23:18:41.047621,370.32,prod_156,2,185.16
b6b1072d-7a62-4fd0-a618-2fbb128355f5,cust_121,2026-01-17T14:24:32.047621,78.54,prod_163,2,39.27
b87d59ec-a5a6-4c7a-a5bc-fa0e945f2aec,cust_52,2025-08-16T06:39:30.047621,40.16,prod_64,1,40.16
f21a300e-a484-457c-b153-66cff49b7b10,cust_205,2026-01-02T01:32:27.047621,239.31,prod_42,3,79.77
3d6caa05-5fa4-4907-b4ea-1a690a9c0ba6,cust_76,2025-05-28T03:51:38.047621,539.55,prod_74,3,179.85
75b3f8ea-32ee-4d7f-964b-027481cf28d6,cust_320,2025-10-30T17:15:08.047621,130.71,prod_124,1,130.71
2f62bde8-2fc4-4738-94bd-05e765479260,cust_469,2025-05-18T11:23:15.047621,318.62,prod_28,2,159.31
79540fd7-3a48-4302-8c21-63c3290ad4f4,cust_340,2025-03-11T07:00:11.047621,129.93,prod_32,1,129.93
8803a624-c770-400c-b271-38ceb724813c,cust_260,2025-07-28T02:11:05.047621,495.18,prod_192,3,165.06
b43fb7ce-d296-4360-b7d1-aeea93b5261d,cust_87,2025-12-26T16:35:14.047621,26.08,prod_22,1,26.08
179b9cc1-ee62-4b26-921d-3381d2f36d91,cust_306,2025-10-06T19:33:24.047621,159.9,prod_93,3,53.3
509aaa85-ab9c-4af0-aa52-db258e0e1de7,cust_143,2025-04-12T12:39:45.047621,30.58,prod_137,1,30.58
b30e3893-e8a3-4cba-83d6-b1ea08151810,cust_91,2025-12-27T14:14:32.047621,467.25,prod_177,3,155.75
f4825a1d-d0e5-4d48-81d0-a25b21e3d391,cust_64,2025-07-27T05:42:33.047621,178.82,prod_21,2,89.41
be4affe5-fded-4da9-90fb-513eec240efc,cust_350,2025-10-06T06:22:23.047621,241.72,prod_7,2,120.86
2ec7e732-61b6-463a-ab54-eedeaaa26b88,cust_369,2025-06-23T08:20:36.047621,79.54,prod_150,1,79.54
24e27bf0-5307-4e9d-9a48-9a528a7ee59a,cust_106,2025-07-21T23:23:51.047621,132.7,prod_1,2,66.35
7a897312-bcb3-42b0-915e-8ceefef03b1f,cust_347,2026-01-05T07:30:10.047621,293.7,prod_115,3,97.9
8d4f1967-d03e-43cd-96f6-f881517bda2f,cust_310,2025-11-17T15:47:54.047621,88.14,prod_199,2,44.07
195bb845-d88e-499b-9181-9e71495a8fed,cust_195,2025-12-25T11:24:12.047621,53.8,prod_176,2,26.9
468a3851-43ed-4bdd-b376-e0430019fe76,cust_14,2025-12-18T10:23:07.047621,579.18,prod_25,3,193.06
96e4fcc2-f43e-427a-b49a-d4a2f3b2097b,cust_96,2025-02-11T18:32:59.047621,161.88,prod_109,2,80.94
3b1342f1-7372-4d32-a196-92607cfe4f2a,cust_183,2025-03-28T09:48:44.047621,539.04,prod_142,3,179.68
fea296ab-57fe-4145-94c4-3258c5fbf33c,cust_177,2025-05-14T23:52:54.047621,244.98,prod_178,3,81.66
10672940-4fe0-4de0-bfed-17e3787b6610,cust_430,2025-02-23T03:32:13.047621,38.01,prod_113,3,12.67
85324c39-68cd-400b-95f9-288a74cff5d5,cust_299,2025-09-15T12:27:35.047621,461.46,prod_88,3,153.82
58d770fc-6d24-4cb0-92db-591d5fa37ee4,cust_317,2025-06-25T04:45:50.047621,29.16,prod_165,1,29.16
db7ef75c-ff9d-406e-a13c-34b5d0b3817f,cust_129,2025-11-10T23:09:19.047621,474.39,prod_69,3,158.13
cf596c3f-eff3-4b0e-817d-7a27b4d41999,cust_277,2026-01-02T05:52:08.047621,371.76,prod_181,3,123.92
3e1317e1-2582-443e-95bd-14baa11aa3b6,cust_244,2026-01-30T23:51:14.047621,57.62,prod_167,1,57.62
945f4916-3807-4657-bc3a-35c4c2b70d0c,cust_481,2025-11-13T02:36:57.047621,46.89,prod_54,1,46.89
73205833-f8b9-41a4-b477-8c4ea18810e7,cust_366,2025-05-28T23:15:34.047621,291.24,prod_12,2,145.62
22b60124-e8a6-4322-8680-3442a6f408ff,cust_166,2025-06-22T23:45:15.047621,291.24,prod_12,2,145.62
3808b765-0def-4e3c-917f-1fb383d86e85,cust_259,2025-03-21T22:38:20.047621,81.34,prod_53,2,40.67
aa844559-56d3-41d2-9fa3-36e2a3b2782c,cust_442,2025-02-05T01:23:50.047621,270.08,prod_175,2,135.04
0d6f1496-68c8-4feb-96d0-4f2870090296,cust_177,2025-05-28T06:05:54.047621,376.0,prod_94,2,188.0
31ae2cc7-3498-4534-b63c-b38e7391b783,cust_133,2025-09-21T06:57:51.047621,185.28,prod_52,1,185.28
2b579e0d-172c-4226-9f57-7bb320122136,cust_25,2025-04-20T20:03:28.047621,188.3,prod_134,2,94.15
5b57f384-dc9e-4cbb-af75-c4e531dff01b,cust_335,2025-04-17T05:10:40.047621,159.33,prod_23,3,53.11
9b5d7b71-0fb9-423f-abbc-317e35d4e493,cust_487,2025-12-02T13:41:11.047621,301.44,prod_11,2,150.72
7f30da0f-f22a-44a4-809e-0b0368893996,cust_31,2025-11-29T23:45:43.047621,62.46,prod_76,3,20.82
d9c3eb2d-820a-4163-a958-d4991126269b,cust_106,2025-09-13T17:31:56.047621,88.46,prod_159,2,44.23
39620c19-e5d4-478c-9683-96241646f22b,cust_146,2025-09-16T17:22:23.047621,409.29,prod_17,3,136.43
6de2d828-925e-4f10-b2bd-f88ba5b9b799,cust_18,2025-08-16T01:25:11.047621,123.92,prod_181,1,123.92
7d400db3-c81d-4f66-9bb9-c32145853fff,cust_60,2026-01-03T23:35:05.047621,272.86,prod_17,2,136.43
40c47ff2-d095-475a-a653-13b1d5a52ee2,cust_114,2025-12-19T06:56:49.047621,26.9,prod_176,1,26.9
e2ed86b6-6269-476c-8886-f01012be4212,cust_301,2025-03-31T19:29:14.047621,51.26,prod_121,2,25.63
e6912be5-f365-4f72-a124-f5e8ce5aa773,cust_128,2025-06-14T04:32:20.047621,76.58,prod_195,2,38.29
1280df6c-4433-47c9-9a3f-998f9ab82562,cust_481,2025-09-23T15:40:59.047621,114.87,prod_195,3,38.29
ff918538-e96a-4810-bc51-a6e580e15160,cust_138,2025-05-02T02:55:03.047621,76.15,prod_87,1,76.15
b2c708dc-18aa-4f47-9bf5-d547e82ed08d,cust_444,2025-03-15T16:05:06.047621,552.39,prod_200,3,184.13
fa2086cb-af01-45ff-ac85-07b826e459e0,cust_332,2025-10-16T01:03:44.047621,213.36,prod_44,2,106.68
90ef497f-92aa-4cf8-ab7d-67f4d3335ad9,cust_259,2025-06-24T20:16:40.047621,133.8,prod_68,3,44.6
ab617493-d7ae-494b-9106-2269d8fed10b,cust_279,2025-04-08T08:58:43.047621,482.34,prod_34,3,160.78
e6d109f1-1441-4c96-9cda-14979fc68918,cust_103,2025-11-04T21:16:34.047621,75.98,prod_128,1,75.98
1da9c8a2-3274-4436-9438-1bc0f1f3e64b,cust_32,2025-05-08T17:02:08.047621,474.39,prod_69,3,158.13
86649a03-7530-4669-a723-1f8ad9719306,cust_334,2025-12-29T01:55:38.047621,65.52,prod_27,1,65.52
b19e8e97-df28-45ff-9d0f-4be9c61d32ba,cust_26,2025-07-09T14:24:15.047621,59.92,prod_13,1,59.92
9e32353c-7e76-407a-85f1-05237b3f3ccd,cust_312,2025-05-27T23:30:38.047621,97.58,prod_100,2,48.79
9a864d4a-e4e2-4c96-b5ba-7614d17d331f,cust_297,2025-08-24T06:00:04.047621,135.04,prod_175,1,135.04
dc8cec0c-1738-4cd0-8240-d3a301af47ae,cust_241,2025-05-18T06:09:54.047621,316.26,prod_69,2,158.13
0fdaede3-4c14-40cc-9fcd-f55c8ea18e3b,cust_210,2025-07-11T00:44:03.047621,402.78,prod_5,3,134.26
18493f0c-d656-4907-8ea9-e71e291697f9,cust_177,2025-07-26T02:15:49.047621,60.32,prod_6,2,30.16
c6133948-b54e-40ed-9cf7-a34d2c72d239,cust_252,2025-07-30T02:40:16.047621,376.0,prod_94,2,188.0
cf7cbbc9-e06d-40a2-b5a0-04ce2d7495ed,cust_48,2025-05-22T22:34:06.047621,330.78,prod_197,2,165.39
28721af0-a5cd-4946-9113-015c91d9af81,cust_325,2025-09-09T06:02:12.047621,373.3,prod_154,2,186.65
eac7cad4-2402-437b-8d43-1827fe94b675,cust_494,2025-04-20T09:29:04.047621,273.45,prod_102,3,91.15
be945b21-5ff0-4ddc-aaf4-e33f98925aeb,cust_85,2025-10-17T06:13:47.047621,180.62,prod_56,1,180.62
b7e7dd9b-929d-415e-8ebf-8fa036788690,cust_348,2025-11-15T07:52:55.047621,123.94,prod_29,2,61.97
eb2d0063-43b0-4043-a260-9d94e6c44f93,cust_442,2025-02-14T22:10:33.047621,362.58,prod_7,3,120.86
76983d93-6f36-4b26-ac74-5dce1ca3ca09,cust_451,2025-03-22T09:25:27.047621,272.86,prod_17,2,136.43
fe7301c3-5d21-438c-a9bf-a1201328c633,cust_327,2026-01-23T22:38:45.047621,291.94,prod_20,2,145.97
f2a87f8e-8f7f-4e1a-b0ff-09396f504afa,cust_432,2025-12-27T23:38:40.047621,409.29,prod_17,3,136.43
d14a7775-ce21-4183-9205-aeb3daf3bcc0,cust_289,2025-06-26T12:31:48.047621,173.84,prod_40,1,173.84
b05e14d3-9a1d-41b9-bb81-b4edbb7c173c,cust_78,2025-04-23T11:11:23.047621,153.94,prod_80,1,153.94
7d25574c-2d0d-4bed-8ec3-2f12115c426e,cust_105,2025-09-26T17:57:28.047621,156.76,prod_41,2,78.38
5c582f20-6d45-478b-841b-283ae9322a53,cust_396,2025-05-02T19:03:59.047621,87.87,prod_98,3,29.29
1847f91e-c956-4b51-a7f7-bc7adab2d67e,cust_10,2025-10-22T18:55:34.047621,214.68,prod_190,3,71.56
b2ea5d61-11c8-4036-b09c-fdd92731a347,cust_339,2025-09-11T15:44:58.047621,144.98,prod_71,2,72.49
5276b9d6-9114-4d0f-ab13-7bbc21aa5434,cust_69,2026-01-24T15:59:23.047621,106.7,prod_92,1,106.7
8f44d641-90bf-4e13-9312-a67fc1c41c38,cust_256,2025-04-12T13:26:28.047621,57.55,prod_62,1,57.55
d06439f9-b24e-46a7-9026-03aaea2c736c,cust_290,2025-06-21T17:43:46.047621,123.94,prod_29,2,61.97
0d303182-a825-481e-a1ee-0dd3c44c5669,cust_236,2025-08-15T01:31:28.047621,48.58,prod_143,1,48.58
76eebb7c-5dec-4c09-9fbe-28cf29afb557,cust_398,2025-05-28T20:32:15.047621,308.74,prod_66,2,154.37
f20ebaa3-743e-4833-af62-b9f085a04887,cust_13,2025-11-01T19:44:58.047621,368.26,prod_200,2,184.13
25da6014-f071-4e07-844a-e2975c899be6,cust_67,2025-10-01T12:25:37.047621,183.82,prod_105,2,91.91
c0c196b9-4ad9-43f2-8457-236fa856d207,cust_173,2025-03-12T07:39:29.047621,119.34,prod_49,1,119.34
cf2a0ddf-ed51-490b-840f-dfacbac3302e,cust_192,2025-05-18T01:27:43.047621,329.04,prod_65,2,164.52
1a7044eb-b81e-42ab-8248-7aaf04cb228c,cust_8,2026-01-23T08:08:57.047621,260.43,prod_123,3,86.81
ade3a403-7bcd-4bda-89e4-e342c4736b55,cust_290,2025-06-29T17:46:26.047621,307.88,prod_80,2,153.94
61c98fe8-4047-4038-978a-aaa5d35a6926,cust_146,2025-08-18T10:16:15.047621,323.43,prod_57,3,107.81
8b47d635-ec74-4dee-8c40-1856286dfaf0,cust_130,2025-11-11T03:48:00.047621,270.08,prod_175,2,135.04
a5746221-ec54-48a5-893b-54392a41f743,cust_198,2025-12-18T18:49:56.047621,11.3,prod_45,1,11.3
8cf193d2-f372-4aea-bf70-7c3ab8282f75,cust_305,2025-09-29T14:41:57.047621,354.46,prod_164,2,177.23
59d54227-7fda-46ac-bb40-f0922f2daa32,cust_283,2025-04-29T16:54:51.047621,330.78,prod_197,2,165.39
c5f3cfed-5210-44b3-9d2a-7365ed75ae5e,cust_323,2025-06-01T19:59:28.047621,213.36,prod_44,2,106.68
0bd29634-f750-412f-9b3a-5b3613caf2ed,cust_397,2025-03-04T14:54:07.047621,91.15,prod_102,1,91.15
21590c3c-c1dc-4ba6-a043-8b61a784f9a8,cust_482,2025-06-04T03:58:36.047621,217.47,prod_71,3,72.49
c542521b-1740-4b5e-aacf-639268b062b8,cust_162,2025-04-30T13:35:50.047621,355.86,prod_72,2,177.93
5b293f56-c6e2-4e56-8776-92147bd2fdc6,cust_28,2025-09-13T18:15:47.047621,45.26,prod_138,2,22.63
55cce881-7b0c-40ff-9a0a-074e10ff196e,cust_171,2025-07-03T21:28:38.047621,71.55,prod_169,1,71.55
2ecc3277-1fcf-4e84-92ae-8129292aa79a,cust_175,2026-01-24T03:55:22.047621,82.58,prod_179,1,82.58
16b658a3-255d-44dc-943b-429bcb60ccb3,cust_181,2025-12-06T00:06:14.047621,22.63,prod_138,1,22.63
4aab8259-5563-4c34-ae05-1749268b770a,cust_388,2025-10-03T14:52:13.047621,271.3,prod_38,2,135.65
c45b66b0-7293-48d4-a7bd-da179c90079d,cust_320,2025-08-09T03:40:55.047621,191.41,prod_26,1,191.41
5769bc6d-0cb9-42b8-843a-a9f2e3616fee,cust_419,2025-03-31T22:58:55.047621,38.01,prod_113,3,12.67
c666bed4-8f21-4231-9447-61192f6d95dc,cust_150,2025-09-09T12:27:01.047621,119.34,prod_49,1,119.34
b59126ba-c630-4c3c-9b21-b5db74f367e7,cust_42,2025-10-21T16:26:01.047621,119.34,prod_49,1,119.34
57d26ba2-ee8b-4994-b1a5-69603b0ce2e5,cust_472,2025-11-18T19:47:23.047621,185.91,prod_29,3,61.97
c036c6f0-328a-4824-a18e-8300603905c4,cust_163,2025-04-01T12:17:11.047621,594.24,prod_78,3,198.08
c81b1bb8-53f4-4369-b8d1-5b07d9ad7858,cust_419,2025-03-01T07:18:10.047621,507.9,prod_188,3,169.3
932e3088-5a45-4756-bdc7-fdb911d8c9cf,cust_127,2025-04-09T04:19:23.047621,181.2,prod_43,2,90.6
6a01c5ae-07ed-426f-ab24-27381a5235df,cust_170,2025-08-27T21:34:13.047621,143.12,prod_190,2,71.56
9d1a93ff-7329-43a4-a98a-799cad407562,cust_300,2025-11-17T15:56:14.047621,167.67,prod_135,3,55.89
330aafd7-a083-43b9-93ce-7c807ee7c3a5,cust_326,2025-08-30T13:30:12.047621,30.16,prod_6,1,30.16
f902de39-4d0c-49d7-a346-76cd19ad4562,cust_401,2025-05-25T22:43:42.047621,30.58,prod_137,1,30.58
31b7037d-85ec-42d0-ba6c-e9da001a4a19,cust_105,2025-10-24T15:37:37.047621,143.12,prod_190,2,71.56
572c4aaa-e0f6-414c-9686-d9e95fc8330f,cust_347,2025-10-29T21:27:28.047621,57.55,prod_62,1,57.55
33f79a07-bf23-4221-9138-0e57bc7a064e,cust_232,2025-12-14T13:25:59.047621,347.68,prod_40,2,173.84
1293621e-134d-4283-bb70-6c8f4bfb2241,cust_94,2025-12-02T15:38:18.047621,325.28,prod_4,2,162.64
6bd0d77f-ead6-4415-be17-d97bb0ef8f5d,cust_411,2025-06-07T13:40:48.047621,275.73,prod_105,3,91.91
bc0da93e-8336-4674-b764-0885704c7ea3,cust_110,2025-07-31T16:06:07.047621,158.13,prod_69,1,158.13
ae81f90d-bae5-426b-b9da-a3ef82fc5383,cust_32,2025-02-22T17:51:04.047621,31.26,prod_127,2,15.63
b9c6c941-2118-4a4a-8a14-7f3bb593767c,cust_38,2025-10-01T00:05:38.047621,117.81,prod_163,3,39.27
292ee2d1-d48f-4204-a8e2-308de9431cd5,cust_42,2025-08-12T00:49:06.047621,301.44,prod_11,2,150.72
ffcd9583-456a-4df1-b2bc-fe2d2ae24843,cust_188,2025-11-05T12:05:38.047621,214.68,prod_190,3,71.56
de18e9f4-6e5d-487c-bc76-187620408cd8,cust_333,2025-05-08T21:17:57.047621,61.97,prod_29,1,61.97
24ea0814-28a6-4a36-a6ff-c8e886b51fda,cust_34,2025-04-23T11:05:29.047621,89.49,prod_59,3,29.83
5f09f5cd-7e9e-482d-ab60-80f8bc0a9819,cust_314,2025-12-23T14:56:32.047621,266.14,prod_119,2,133.07
df06c621-c123-4633-ab0c-64087780f9f3,cust_115,2025-03-10T20:04:45.047621,398.55,prod_37,3,132.85
41030e72-9b64-46ec-862b-d99e8f8de27c,cust_244,2025-02-03T04:30:10.047621,359.44,prod_51,2,179.72
7181ca7c-a839-4895-8465-2ad737595f83,cust_111,2025-09-27T20:41:18.047621,159.31,prod_28,1,159.31
1570fe71-ed4a-4b0b-b3a3-cbbfea29c95c,cust_389,2025-03-15T20:51:28.047621,51.02,prod_14,2,25.51
aee01a94-334b-465f-8ebf-2e74b04de7cb,cust_389,2025-09-12T05:12:52.047621,119.9,prod_103,1,119.9
337e97f1-c640-4dd7-ac54-c99af916e589,cust_405,2025-08-09T14:34:29.047621,206.4,prod_70,2,103.2
dde0b221-e250-4576-9464-e52956e9ac92,cust_52,2025-07-22T06:45:53.047621,74.68,prod_55,1,74.68
68e2649e-05e1-4e55-ad73-5d012a77f677,cust_225,2025-04-24T11:14:58.047621,180.28,prod_193,1,180.28
5279412f-b117-4b97-9c36-3a240e24fd5d,cust_448,2025-07-24T13:57:33.047621,127.23,prod_140,3,42.41
42e385fc-d352-4b61-9456-03dc3b22768f,cust_417,2025-03-04T19:28:43.047621,376.0,prod_94,2,188.0
e225a206-c34b-4cd4-8ec7-3fdfe1f11988,cust_290,2025-04-03T00:49:33.047621,177.23,prod_164,1,177.23
d1d063e2-79df-446a-bde1-21a6c5035594,cust_8,2025-03-15T19:56:24.047621,274.89,prod_184,3,91.63
e5188560-4c1a-4464-a202-421f1d587af3,cust_414,2025-02-09T10:37:44.047621,46.27,prod_10,1,46.27
b65bcff6-17a6-4bb8-bd1e-969c76c4c405,cust_29,2025-10-20T17:49:26.047621,103.2,prod_70,1,103.2
f37a54fb-2a99-4726-9a0e-91edf492ab4a,cust_361,2025-09-28T02:05:48.047621,93.84,prod_96,2,46.92
0c88988a-6908-4f3d-8146-f5ef72f0a3cc,cust_64,2025-03-13T12:55:40.047621,464.88,prod_152,3,154.96
26472f9c-e06e-43bf-9b0c-0beaa62a4b9a,cust_43,2025-08-09T01:22:33.047621,142.48,prod_191,2,71.24
86b94bf2-4e59-485b-bbda-1e0570d6638c,cust_316,2025-11-30T23:46:47.047621,540.84,prod_193,3,180.28
f58cbd5a-2fe0-440b-b17b-7a513ee454c6,cust_164,2025-10-06T19:10:01.047621,172.86,prod_167,3,57.62
809c750a-9585-4f8a-b9a3-03af47e72142,cust_269,2025-06-01T01:12:37.047621,246.8,prod_89,2,123.4
c6e15125-9e3f-412f-bebe-adc030176126,cust_56,2026-01-16T23:16:42.047621,180.28,prod_193,1,180.28
cb10a882-433b-414f-9060-5618aff6b4e3,cust_352,2025-05-08T11:47:17.047621,76.53,prod_14,3,25.51
223b5c9d-8e34-4008-bb10-7af8a593b9be,cust_216,2025-12-31T09:08:08.047621,76.76,prod_196,1,76.76
b6277581-9b6e-40c7-9459-62b02005b72a,cust_185,2025-04-06T17:25:33.047621,120.27,prod_122,1,120.27
309d722d-4150-4323-983a-24c9f6c4c9d4,cust_422,2025-05-24T16:06:32.047621,54.75,prod_182,3,18.25
1992c544-631d-44b3-ae24-575c9f00e415,cust_37,2025-11-10T06:34:44.047621,15.38,prod_141,2,7.69
3f815d11-48b8-41f9-bb25-6db5b69dd109,cust_48,2025-03-30T00:59:29.047621,146.53,prod_99,1,146.53
9d1c45ef-300b-41f0-9434-4cdfbb1dddbe,cust_122,2025-06-20T23:27:49.047621,153.06,prod_107,2,76.53
d00e152e-70b0-4c6e-8c94-641e1e996967,cust_252,2025-07-31T21:04:25.047621,83.8,prod_110,1,83.8
11351f49-622b-4183-bcee-1d548719661f,cust_467,2025-07-20T12:27:59.047621,166.74,prod_111,2,83.37
a6950e35-faf5-49ae-8d33-adb5d7f84867,cust_6,2025-12-13T02:25:34.047621,461.82,prod_80,3,153.94
a95db503-17e8-46af-87ea-7657dbad86ec,cust_28,2025-08-16T09:08:57.047621,88.58,prod_194,2,44.29
3ff24b7a-a46c-47c4-853f-6299fbc1a75a,cust_476,2025-12-17T11:45:23.047621,398.55,prod_37,3,132.85
2a0e159b-fb02-4c3e-b267-8d2af1c6c158,cust_358,2025-10-14T03:06:55.047621,117.19,prod_18,1,117.19
977c378b-9e7e-4f0a-80d8-0d14455f996f,cust_488,2025-07-22T00:43:01.047621,115.1,prod_62,2,57.55
db526bc0-d9f5-4d8b-9af0-c26906b0c7de,cust_452,2025-11-26T09:58:31.047621,195.8,prod_115,2,97.9
261a0194-f166-4762-8f5f-cbeae58651be,cust_40,2025-09-07T23:21:32.047621,92.54,prod_10,2,46.27
27a1e942-e61d-41a0-9d3a-290ad4905e0a,cust_467,2025-07-24T07:32:34.047621,123.84,prod_147,1,123.84
f2edc466-a5eb-4abc-a95e-23f1519632ef,cust_289,2026-01-27T05:24:00.047621,137.52,prod_160,3,45.84
693103a4-10cd-4a7e-a20a-9e6aa8ef9ea1,cust_99,2025-05-22T23:05:45.047621,90.48,prod_6,3,30.16
37c84011-13c1-40f8-8929-d50e9cd405df,cust_305,2025-09-29T12:06:43.047621,215.62,prod_57,2,107.81
b6dea2de-f087-43ce-9bf2-a9058f8f1575,cust_14,2025-04-25T16:41:00.047621,76.89,prod_121,3,25.63
c59518c1-9c33-48eb-9b53-1ee18cc43aa8,cust_190,2025-12-13T00:58:59.047621,120.86,prod_7,1,120.86
8d9f5218-4ba0-46e0-9b57-bf041f8d28e5,cust_446,2025-08-05T15:44:22.047621,359.44,prod_51,2,179.72
03af8225-b6e3-49c4-a514-7c6f6f98d477,cust_36,2025-05-30T07:56:53.047621,496.17,prod_197,3,165.39
e67e103f-1ebf-481d-ac95-268d41a1a9bf,cust_106,2025-03-30T22:20:09.047621,102.84,prod_189,1,102.84
5f9df4f1-0c9e-4f5c-b433-85e604b0efa8,cust_278,2025-12-13T21:56:18.047621,295.26,prod_67,3,98.42
14225c36-ca9a-421f-b41a-a798111a4fba,cust_441,2025-11-09T12:37:10.047621,133.07,prod_119,1,133.07
8c8a7dfd-ccc1-4830-95f1-8bf39c15c522,cust_487,2025-09-06T17:25:55.047621,91.15,prod_102,1,91.15
6375bab1-262a-4033-8826-1771f2c46055,cust_460,2025-07-03T05:07:40.047621,132.69,prod_159,3,44.23
9516c0dc-70c4-4e30-ba03-9f9f3f73d5a5,cust_221,2026-01-24T13:14:37.047621,323.43,prod_57,3,107.81
4d997585-d17f-480c-9042-e5ecf6f09286,cust_362,2025-06-30T02:37:17.047621,309.92,prod_152,2,154.96
b563542d-1daa-4207-b80e-56e5d981f42a,cust_212,2025-06-01T21:55:54.047621,123.94,prod_29,2,61.97
32901e19-eeb8-4ca5-8fbf-90dd01f53e8c,cust_313,2025-07-20T11:25:03.047621,373.26,prod_2,2,186.63
f3dbfa3c-3e22-499b-9db8-aaf1ef627c22,cust_37,2025-05-22T14:05:09.047621,436.86,prod_12,3,145.62
f7affda3-2547-4771-837d-1b522d55ef83,cust_333,2025-11-26T05:09:24.047621,46.27,prod_10,1,46.27
298ad319-896d-4025-83e1-d1dc455c706b,cust_261,2026-01-09T11:41:02.047621,491.34,prod_15,3,163.78
956544e2-5840-4bc2-81a2-1c0864b24f8a,cust_154,2025-11-17T07:27:21.047621,33.98,prod_116,1,33.98
c6ee51ad-6643-4193-a283-8604214c1166,cust_3,2025-02-12T14:05:17.047621,271.08,prod_75,3,90.36
cc390c69-1584-4c02-8b9f-c070357bce24,cust_256,2025-09-05T00:11:03.047621,71.55,prod_169,1,71.55
fa9f21e4-3658-4787-a958-e3b4ecceaed7,cust_93,2025-03-03T14:13:15.047621,133.8,prod_68,3,44.6
0f333716-cb16-41f1-b7cd-51d0fa1def55,cust_385,2025-06-23T23:01:57.047621,131.69,prod_86,1,131.69
ed2b7b3e-2074-4563-8c90-ec42064bf199,cust_95,2025-05-01T20:51:39.047621,120.86,prod_7,1,120.86
85731a77-d1b6-410a-802f-19fed8c9240a,cust_393,2026-01-30T10:38:10.047621,76.68,prod_183,1,76.68
1cbce03a-cb05-4384-8c73-9cb51c17483b,cust_193,2025-03-22T21:53:54.047621,56.62,prod_91,1,56.62
01c5b8bb-a909-49e0-8a51-901561b2f59c,cust_454,2025-02-15T05:44:54.047621,235.14,prod_41,3,78.38
33aaed7e-bef4-43f7-bb30-e9d7dbaad0e2,cust_121,2025-06-06T09:33:30.047621,97.16,prod_143,2,48.58
5296a290-d828-4585-a12d-332d32fea19c,cust_498,2025-08-03T19:58:41.047621,436.35,prod_112,3,145.45
1d144ca4-49ee-4b50-bd04-e1561a34e887,cust_343,2025-04-30T00:46:10.047621,398.55,prod_37,3,132.85
2058cb69-8334-47da-ad37-7bc78c418180,cust_260,2025-04-13T03:09:45.047621,392.61,prod_36,3,130.87
362d908e-d175-4812-a2ca-ffbf53cce545,cust_337,2025-12-04T19:45:45.047621,539.16,prod_51,3,179.72
5b9d7f77-201a-4c2a-970f-40df79e3089d,cust_425,2025-08-19T20:59:22.047621,94.15,prod_134,1,94.15
a351f962-d922-4fa7-955b-7c42f4495e1f,cust_457,2026-01-15T17:30:58.047621,250.08,prod_63,2,125.04
0c4af076-9069-4788-8cb0-464c7dd66a6e,cust_219,2026-01-13T03:47:22.047621,31.26,prod_127,2,15.63
f749a436-261a-48ea-bad1-adda331e0bad,cust_15,2025-11-24T05:29:10.047621,227.94,prod_128,3,75.98
354ac383-80d9-44c7-98ae-45c19f8aab16,cust_416,2025-09-16T19:36:06.047621,101.18,prod_83,2,50.59
21ae1f68-7e86-4650-b0d9-91792aa69889,cust_34,2025-06-16T02:41:31.047621,106.68,prod_46,1,106.68
42bcece6-0571-43ca-ad59-cb5c6e748fcd,cust_33,2026-01-04T01:07:58.047621,180.72,prod_75,2,90.36
bda3361f-e1d0-4e35-9c04-f78038182b29,cust_232,2025-08-27T08:59:54.047621,371.52,prod_147,3,123.84
304b166f-52ae-4fc2-ab3a-a0313030138a,cust_102,2025-11-06T06:56:45.047621,177.93,prod_72,1,177.93
276cb356-bee5-4e4a-8f41-fd5b045ac414,cust_264,2025-12-12T06:54:42.047621,22.95,prod_120,3,7.65
10e94b21-9660-4807-871f-4b78afa94bef,cust_115,2025-05-07T02:12:54.047621,107.56,prod_149,2,53.78
a5dc52cb-7d2d-4572-9d71-db1d838650a5,cust_73,2025-03-23T21:56:28.047621,119.84,prod_13,2,59.92
c18108c3-0058-4679-ad81-61aa36beb818,cust_317,2025-07-05T18:24:51.047621,179.56,prod_171,2,89.78
491a8c97-c788-4da6-b30d-5b58e6616e92,cust_500,2025-07-07T18:04:20.047621,38.81,prod_16,1,38.81
0b3c0d5a-abb9-465b-8c05-3be1a6aaaef4,cust_104,2025-12-20T03:14:49.047621,188.0,prod_94,1,188.0
75acd09d-1f0c-497e-b75e-89e007e4864c,cust_151,2025-08-07T05:10:20.047621,110.28,prod_174,3,36.76
6c5b7d84-d57a-463c-a160-df7337cc6630,cust_468,2025-09-25T10:54:20.047621,185.16,prod_156,1,185.16
769b82c5-bcde-4fa4-82aa-a4fd1cf34b67,cust_424,2025-12-03T09:52:19.047621,93.78,prod_54,2,46.89
728b1cd4-578d-4960-a5b5-e34ef393063f,cust_332,2025-12-05T22:35:57.047621,98.42,prod_67,1,98.42
ce7ec95a-8083-4f6a-888e-986ddec70336,cust_222,2025-05-24T02:47:35.047621,40.81,prod_144,1,40.81
4425f281-a70c-4ca7-a5cf-fd7a2b1a3352,cust_87,2025-07-15T02:28:18.047621,101.59,prod_125,1,101.59
bb3765f6-87b3-4007-9f85-60cd5a04c9d9,cust_1,2025-05-29T16:28:34.047621,365.04,prod_133,3,121.68
a7fb07be-a387-4c14-ba86-0fa700d6a428,cust_26,2026-01-08T03:25:16.047621,123.4,prod_89,1,123.4
23e8bc4e-58a6-4042-a76b-cbe875281ee4,cust_67,2025-03-07T06:58:02.047621,179.72,prod_51,1,179.72
4f02a306-fd00-4be4-aa31-d490a471b8a3,cust_470,2025-11-06T09:02:34.047621,48.58,prod_143,1,48.58
ed72090b-4802-4444-b47c-e5e9ebaf9768,cust_459,2026-01-15T00:35:40.047621,46.92,prod_39,1,46.92
ebbca5e0-bee0-44e7-90ba-f60774b6fe2a,cust_27,2025-07-07T23:48:43.047621,179.76,prod_13,3,59.92
383801bf-8421-4025-b958-e1074b46f042,cust_44,2025-07-14T19:29:02.047621,307.64,prod_88,2,153.82
102926e6-d824-4f2c-ad33-5092945409d5,cust_134,2025-12-09T05:07:19.047621,114.87,prod_195,3,38.29
598e738c-7133-4548-a7a9-4d91bb95e74e,cust_413,2025-06-20T11:43:18.047621,57.55,prod_62,1,57.55
f01246a7-158b-4e4d-8eb3-2df259df2115,cust_326,2025-12-20T11:35:07.047621,231.42,prod_161,3,77.14
caf921b2-5b8e-4e51-b2c0-3248034f0574,cust_90,2025-11-06T10:25:52.047621,131.54,prod_173,2,65.77
950afcb2-43ba-44fd-adb3-93f1b1bede1e,cust_44,2025-05-12T10:07:55.047621,389.79,prod_32,3,129.93
e8e34e2b-66db-4b61-8956-22791392a22c,cust_314,2025-03-21T11:10:50.047621,57.26,prod_155,1,57.26
ddb0d977-bf11-4ee9-bedd-af3cac234489,cust_346,2025-03-09T23:59:29.047621,477.93,prod_28,3,159.31
91a8f016-c0f4-4c08-a959-1eeeded486ca,cust_353,2025-07-19T10:22:07.047621,182.13,prod_168,3,60.71
b796c05a-feae-4485-b1b3-54802923db28,cust_481,2025-08-18T21:44:59.047621,30.16,prod_6,1,30.16
7ebc6c93-3ad0-4976-a3f1-8962d20f3e4a,cust_432,2025-03-04T19:31:32.047621,291.94,prod_20,2,145.97
3351939a-1cb7-4c80-86a5-0ae7add82c37,cust_354,2025-10-24T10:26:57.047621,293.7,prod_115,3,97.9
53168814-79ba-4515-9a12-1fd879046f0e,cust_312,2025-07-02T13:21:53.047621,229.59,prod_107,3,76.53
bf50c77d-2ca9-4a9d-a7f2-4aff8b025c20,cust_27,2025-09-26T10:07:03.047621,128.66,prod_131,2,64.33
4844c205-8a69-4edf-8fe3-e49ef4d67cd2,cust_166,2025-04-02T00:56:47.047621,195.8,prod_115,2,97.9
6a54b926-2625-4ef7-998e-15df7b16d9a0,cust_56,2025-05-13T03:45:43.047621,321.04,prod_157,2,160.52
93ff3641-f43d-4660-ac14-4c7ed00010f5,cust_143,2025-02-03T20:33:26.047621,16.48,prod_172,2,8.24
891fd479-b7ec-4f8c-933a-57f61f78e2c6,cust_209,2025-11-28T19:08:12.047621,385.47,prod_58,3,128.49
1a3a4f87-49b7-4daa-b281-1df10244181a,cust_209,2025-05-04T16:41:57.047621,140.52,prod_108,3,46.84
74e08035-69b9-4b87-a661-50ed76e5e3b2,cust_16,2025-10-09T04:24:33.047621,119.34,prod_49,1,119.34
42c24ea8-a5b0-41dd-817a-fb9c74dd7724,cust_257,2026-01-18T01:58:41.047621,167.67,prod_135,3,55.89
20657d4b-9a1e-4fa3-ab73-fc3136e048c2,cust_10,2025-10-11T00:24:49.047621,40.81,prod_144,1,40.81
b0f5525e-5e9a-41d9-9912-f1b20a3a2f6b,cust_361,2025-12-16T13:38:10.047621,524.1,prod_3,3,174.7
d8756c6c-67c8-4561-adbb-dacfa10069e4,cust_400,2025-10-14T21:35:34.047621,29.29,prod_98,1,29.29
b09d925c-2dd5-48b6-8736-07cb5bd02453,cust_410,2025-03-17T10:38:42.047621,162.64,prod_4,1,162.64
124ea174-6d84-4ae9-8880-bbfbb0e6650e,cust_266,2026-02-01T01:05:28.047621,88.59,prod_85,3,29.53
05d18a54-a5e2-42e3-97c4-056727558c7e,cust_278,2026-01-06T03:29:44.047621,107.84,prod_114,1,107.84
c9cf0e50-9ce7-4ce8-895f-c29fbdf5a8ad,cust_186,2025-05-20T10:21:29.047621,90.48,prod_6,3,30.16
0bbfb6c9-1b67-47cc-9cd4-953e941b7b8d,cust_364,2025-03-05T06:07:14.047621,83.8,prod_110,1,83.8
88e95fce-708b-4955-b0d4-6b8cbb6d7616,cust_52,2025-08-10T03:20:54.047621,153.52,prod_196,2,76.76
1cac4bbc-0dd3-41de-926c-d85bb6ff1bc6,cust_486,2026-01-31T20:03:00.047621,371.52,prod_147,3,123.84
e0c9c2b1-8418-445e-8b2b-f7f93b75ecf4,cust_40,2025-10-06T10:27:17.047621,293.06,prod_99,2,146.53
f9aeb068-837b-4a0b-b565-9c3cdf2d31ee,cust_488,2025-12-25T11:14:32.047621,316.26,prod_69,2,158.13
7d6a697a-ecaa-4280-85d0-3abc53df1f82,cust_282,2025-06-19T09:46:26.047621,88.58,prod_194,2,44.29
1e867355-9c15-48d0-b37e-4d66bf9a966d,cust_248,2025-08-27T01:11:07.047621,311.61,prod_126,3,103.87
2fda1465-488c-425a-82f5-0a6650501025,cust_44,2025-09-17T15:07:39.047621,106.6,prod_93,2,53.3
d27905c0-e072-40b1-92cb-b89f0eff642c,cust_302,2025-08-31T13:18:59.047621,45.6,prod_186,1,45.6
2e9ac076-49af-4233-9a07-28363e133916,cust_473,2025-05-23T20:48:34.047621,55.7,prod_61,2,27.85
554d5479-e9c4-4438-9f9c-29ee932336d5,cust_291,2025-05-20T07:31:23.047621,187.38,prod_148,1,187.38
c1c3307a-9039-4241-ac04-1d868c000772,cust_305,2025-07-21T04:14:02.047621,54.75,prod_182,3,18.25
173a6377-54f9-469b-ae11-6a41677468c7,cust_495,2025-10-18T11:37:34.047621,149.38,prod_24,1,149.38
cabb25f9-b281-44c2-b0c3-0b46299a706e,cust_72,2026-01-18T21:17:00.047621,7.69,prod_141,1,7.69
1cd2952b-c9d1-4339-94d1-155c1ee586eb,cust_182,2025-08-19T21:49:15.047621,76.53,prod_107,1,76.53
62624c8f-a5f2-487f-8344-70ba542b8886,cust_204,2026-01-26T16:39:36.047621,205.68,prod_189,2,102.84
6be8f846-a1d9-4e45-96b0-213e37f797b3,cust_37,2025-11-20T14:58:42.047621,214.68,prod_190,3,71.56
420ba6c3-ded9-4489-bb8b-b0bf0ae28a5f,cust_302,2025-03-06T00:46:33.047621,81.34,prod_53,2,40.67
6e91d07e-6803-4c9b-8c7b-50d214a560db,cust_54,2025-12-27T04:06:08.047621,101.59,prod_125,1,101.59
00422f53-2d1a-4d77-9ae3-b4b62ac5aea9,cust_45,2025-06-08T11:08:57.047621,540.84,prod_193,3,180.28
3b41cd0a-99ca-415e-9814-435389aa4c1c,cust_48,2025-10-08T03:48:21.047621,386.12,prod_25,2,193.06
753f99a8-d187-4b56-8f68-b515160277a2,cust_103,2025-07-21T19:33:15.047621,376.05,prod_77,3,125.35
10056a9f-83a9-4766-96ba-5dc99854922f,cust_421,2026-01-08T21:44:56.047621,250.11,prod_111,3,83.37
4c75bb9b-7405-474d-8786-b752ee176541,cust_500,2025-08-11T15:06:49.047621,55.89,prod_135,1,55.89
47bff8f8-75ba-4a82-b314-5ffb35891930,cust_254,2025-06-07T01:34:54.047621,184.13,prod_200,1,184.13
66727280-835d-4811-91cc-04ded2ea0d59,cust_30,2026-01-23T04:45:27.047621,137.52,prod_160,3,45.84
05cc258e-8cfc-4daa-87b4-f4b7cf5f2932,cust_416,2025-08-12T15:58:40.047621,44.29,prod_194,1,44.29
a535be72-6a70-4422-abc0-f0fb4d3442e6,cust_137,2025-03-23T21:30:45.047621,145.45,prod_112,1,145.45
82421aec-6b1c-43fe-8522-7598a4efe402,cust_401,2025-04-04T01:13:07.047621,370.32,prod_156,2,185.16
0ea4d50b-6b2c-4184-865a-9f1212790581,cust_392,2025-11-07T22:38:10.047621,316.26,prod_69,2,158.13
2f936db5-5212-416b-b759-9f5494ef7269,cust_266,2025-10-28T02:09:23.047621,40.33,prod_106,1,40.33
0e44e179-f60e-486f-9948-a9e16fb3f8e1,cust_460,2025-02-12T03:47:11.047621,559.95,prod_154,3,186.65
60a15fd6-f0ab-42e8-a41c-e1c17b46d48c,cust_311,2025-08-15T04:58:04.047621,29.53,prod_85,1,29.53
5eabeaff-3ca0-4c1d-a7ce-cf32c921da2c,cust_183,2026-01-09T05:26:53.047621,83.55,prod_61,3,27.85
fe1a62e0-a98c-47bc-b816-a2ca5c6d3620,cust_8,2025-05-11T19:18:45.047621,46.84,prod_108,1,46.84
fb075166-b2a0-4880-bffb-933843918916,cust_253,2025-06-28T15:15:16.047621,93.68,prod_108,2,46.84
f9fe8496-660a-4c8c-bfaa-e15858e83807,cust_382,2026-01-12T14:13:28.047621,174.7,prod_3,1,174.7
a27a9a9c-299b-49ea-b925-d08e8f73c4f7,cust_156,2025-12-08T20:22:24.047621,46.92,prod_96,1,46.92
adbcaacc-ef1a-4133-853f-cbc642fecef6,cust_442,2025-02-12T16:13:17.047621,492.48,prod_101,3,164.16
a9190827-5fb8-456c-9dcc-6f15519ffa12,cust_282,2025-10-21T10:34:17.047621,117.19,prod_18,1,117.19
5bc9586f-311d-40d4-ab58-6ad04d35e4af,cust_495,2025-02-01T07:39:47.047621,95.6,prod_180,2,47.8
0f947c39-9c24-46f3-bdff-cb8adf95273e,cust_128,2025-10-21T12:52:48.047621,320.04,prod_46,3,106.68
d66f1220-ba20-4e27-b65e-a126c84cda5d,cust_436,2025-02-18T16:22:51.047621,291.06,prod_97,3,97.02
b9427f84-cb32-4c54-bfcd-ad7b84198f22,cust_96,2025-07-05T23:59:24.047621,160.52,prod_157,1,160.52
eec2d08f-4d14-4e99-b10c-3d17a1052241,cust_395,2026-01-23T10:59:44.047621,71.24,prod_191,1,71.24
2b2a87cb-9308-47cf-918b-e0e5db969537,cust_307,2025-07-31T19:22:21.047621,132.85,prod_37,1,132.85
e7e34089-f664-4979-ae24-72ff79e395b0,cust_102,2025-09-16T23:15:44.047621,12.67,prod_113,1,12.67
e97a82c7-eee8-4d73-9223-59ed50b52c9e,cust_279,2025-10-12T06:04:32.047621,54.75,prod_182,3,18.25
fb5940f2-da95-426c-80ad-a974dc7af0be,cust_134,2025-09-10T23:00:42.047621,315.87,prod_19,3,105.29
3cb171b1-9ed1-4e52-878c-a51f6fd2a322,cust_124,2025-11-08T10:43:58.047621,266.14,prod_119,2,133.07
8c001ea3-f7ee-4c80-a57b-8484b8ea953a,cust_239,2025-10-18T02:46:43.047621,185.16,prod_156,1,185.16
067ba1aa-b036-420a-83ec-eddace26a82f,cust_401,2025-10-11T04:00:47.047621,86.81,prod_123,1,86.81
efa29e6f-cb1d-43c0-b090-4944483f9338,cust_418,2025-08-24T18:56:53.047621,15.63,prod_127,1,15.63
0a319983-607d-461e-88fe-7eeb45f1519f,cust_495,2025-05-06T23:03:43.047621,329.04,prod_65,2,164.52
a09d6a7e-4d78-4952-9103-5bc4e74346bf,cust_123,2025-10-22T13:09:17.047621,140.76,prod_96,3,46.92
e81b557a-b31d-4f02-b4a4-d52c40218e35,cust_59,2025-06-08T10:48:01.047621,251.76,prod_95,3,83.92
6d3ed955-be66-4276-9fd8-5288ebd2e0ed,cust_409,2025-11-10T04:14:07.047621,180.64,prod_117,2,90.32
97f5ee27-e8b7-4dc2-ab3c-654fa2be51c5,cust_437,2025-03-14T19:38:36.047621,234.38,prod_18,2,117.19
fde49483-d6f6-4b7a-a4d9-fe14c6fc1bbb,cust_372,2025-08-25T01:15:09.047621,311.5,prod_177,2,155.75
9cf6e5be-7f7e-463d-9ea2-00101e1c3852,cust_193,2025-05-25T16:03:22.047621,298.76,prod_24,2,149.38
d05102d4-2e52-4f60-81b3-96ba6311edee,cust_10,2025-12-04T16:35:06.047621,130.14,prod_104,3,43.38
d5c1e73f-28ff-4eb2-80c0-7cf855b163b4,cust_359,2025-11-22T11:48:20.047621,448.14,prod_24,3,149.38
caddcb65-c34a-40e3-bae8-225b482842b2,cust_316,2025-12-20T04:32:18.047621,105.29,prod_19,1,105.29
db0fd907-5127-4d88-9eae-26a41770e436,cust_483,2025-11-13T03:09:49.047621,328.32,prod_101,2,164.16
930e3b2f-a32f-4539-a8da-3812c682078b,cust_154,2025-07-11T13:10:06.047621,91.63,prod_184,1,91.63
c25e27fb-83bc-4424-9644-d935d6a84687,cust_434,2025-12-22T20:38:20.047621,452.16,prod_11,3,150.72
1c091fa3-c856-48dc-b2b7-6a283ca57785,cust_313,2025-12-24T05:17:12.047621,118.36,prod_153,1,118.36
d333e13a-8ee1-4992-8b15-fecfaba4a818,cust_111,2025-07-06T10:00:29.047621,579.18,prod_25,3,193.06
bbe41f18-a554-4af1-85b3-b47c2b65d47f,cust_326,2025-11-25T11:22:19.047621,97.02,prod_97,1,97.02
d5dfd53e-673d-4fb1-ba30-c4f9c1e85f7b,cust_51,2025-12-18T03:25:30.047621,151.77,prod_83,3,50.59
9502cef6-8414-44df-89da-0968ece515b5,cust_232,2025-05-25T11:17:46.047621,246.8,prod_89,2,123.4
74566542-cbf4-4319-a805-77fb2d229d52,cust_102,2025-06-12T23:16:18.047621,156.76,prod_41,2,78.38
6e3cc7c8-d71a-484d-89e5-49761ba31dfd,cust_179,2025-12-09T03:44:01.047621,25.63,prod_121,1,25.63
dea939a7-f065-4828-ad54-c997ca9f193e,cust_43,2025-07-22T20:26:12.047621,272.86,prod_17,2,136.43
f65a815b-22d3-450c-9840-c4d9c0b5e411,cust_18,2025-09-05T04:05:07.047621,214.65,prod_169,3,71.55
0e6a347a-a2be-4d2c-a4d7-b33b3d011f38,cust_201,2025-09-24T15:20:36.047621,15.3,prod_120,2,7.65
1f8b2cef-6142-4c53-976e-d96af25993dc,cust_372,2025-05-23T18:30:33.047621,364.28,prod_130,2,182.14
1058d8dd-55f2-4817-be39-ee20a1328591,cust_136,2025-10-26T05:47:57.047621,76.7,prod_35,1,76.7
cc764576-904e-4e30-9a01-6181fbc06b8c,cust_154,2025-05-29T22:23:05.047621,349.08,prod_151,2,174.54
069851dd-c8e6-47e4-92a7-bd6e719bb745,cust_92,2025-11-30T13:43:35.047621,33.98,prod_116,1,33.98
28bccdbc-6813-42ed-a8ec-f50be67ead63,cust_127,2025-04-15T13:30:25.047621,16.48,prod_172,2,8.24
c0aa1e62-4bef-4599-ad1d-2dac478bc8e2,cust_430,2025-07-31T11:54:03.047621,263.38,prod_86,2,131.69
a9a9f5ad-3a6b-431c-91d8-1f8bc1ad5f7c,cust_293,2025-08-24T17:41:46.047621,48.58,prod_143,1,48.58
416903bf-49b3-4de7-be00-8baaeb6bd785,cust_87,2025-02-16T15:48:47.047621,523.62,prod_151,3,174.54
7da032fd-aa8d-428c-8b72-f5a373d3e6f6,cust_295,2025-03-30T03:52:58.047621,65.77,prod_173,1,65.77
8e943854-f7a3-4259-8a27-af3bafe85926,cust_337,2025-12-30T19:16:14.047621,6.93,prod_60,1,6.93
0de7dbf6-b19e-41da-94bb-1bc1c0822d3b,cust_456,2025-10-15T11:54:24.047621,474.39,prod_69,3,158.13
9cb01bc3-e69c-46a9-a1e2-e8e69e4c8ecf,cust_427,2025-12-14T20:53:50.047621,44.29,prod_194,1,44.29
b59198f5-5580-461a-9d96-9c41d5921f40,cust_35,2025-08-24T00:21:10.047621,68.43,prod_145,3,22.81
84e61440-4d19-4d82-8386-8799fb3b52cd,cust_77,2026-01-26T12:36:40.047621,555.84,prod_52,3,185.28
eb4e4b0d-ce56-4ec9-9ee3-43aded459386,cust_19,2025-06-03T00:10:43.047621,134.26,prod_5,1,134.26
10ba0896-445d-468e-9f75-9de98e98117d,cust_301,2025-10-16T16:54:55.047621,246.8,prod_89,2,123.4
ee7e5703-fcc1-44b6-b4c8-07b3bfd1c64c,cust_198,2025-06-23T22:58:10.047621,167.6,prod_110,2,83.8
d30f8fd1-1190-4e3c-99fd-398174b83730,cust_205,2025-12-03T03:32:36.047621,374.76,prod_148,2,187.38
822fd019-a0ff-4b3c-a027-a1c1f21c318f,cust_486,2025-11-18T22:03:49.047621,244.98,prod_178,3,81.66
52406170-81e1-410a-8c9b-296a36d48dd4,cust_79,2025-11-29T06:45:23.047621,383.3,prod_185,2,191.65
adb7d80a-8625-489c-990e-90c5025f9311,cust_70,2025-09-16T18:58:19.047621,260.43,prod_123,3,86.81
28073c10-168a-4597-b31b-50bde89db5f6,cust_109,2025-09-25T15:55:28.047621,574.23,prod_26,3,191.41
2940829d-9b7b-402f-a693-d667751e9b7b,cust_298,2025-03-27T06:16:14.047621,114.52,prod_155,2,57.26
26751fd5-b872-4cb0-bf54-21babb8d5fee,cust_418,2026-01-07T23:17:28.047621,290.9,prod_112,2,145.45
2a3b82e0-09d5-4ee3-a022-a18ee15a210b,cust_313,2025-12-06T14:56:47.047621,307.64,prod_88,2,153.82
6bf5f8ad-f9f2-4234-930a-587e12f9822d,cust_48,2025-12-21T18:29:58.047621,59.66,prod_59,2,29.83
8c392529-1c80-458b-bb2b-d659d7601fc0,cust_77,2025-07-07T04:22:41.047621,320.04,prod_46,3,106.68
4de5b053-06ac-427c-acf2-ca517c6739f7,cust_216,2025-08-16T00:05:01.047621,82.58,prod_179,1,82.58
37c60c52-4223-4e38-b2cd-fcd265028d29,cust_426,2026-01-06T21:45:02.047621,38.01,prod_113,3,12.67
e2f16b54-a0b9-4190-b5ee-9ede1c3b9cf4,cust_316,2025-11-11T23:14:33.047621,132.69,prod_159,3,44.23
a016e06c-1317-42eb-b9fc-9fd8ef89b74b,cust_59,2025-06-06T22:09:48.047621,121.68,prod_133,1,121.68
0daf52b6-1e5b-4955-b233-f69dff11c764,cust_190,2025-04-04T10:20:39.047621,86.81,prod_123,1,86.81
d5514d26-2098-4b1b-8c44-a9ac3d53ccc6,cust_361,2025-12-03T01:04:38.047621,579.18,prod_25,3,193.06
18f89858-d2c2-441e-83e8-ec81eba2d3f7,cust_449,2025-02-21T00:15:25.047621,487.92,prod_4,3,162.64
632aea71-fd3b-4ac6-8e29-3d5eac0d2b20,cust_357,2025-04-25T16:57:46.047621,15.63,prod_127,1,15.63
2bb82518-569a-4d6d-a71f-27db277815ac,cust_437,2025-06-01T17:20:09.047621,130.87,prod_36,1,130.87
d20689db-b199-41fa-844b-7109a64c38b9,cust_88,2025-07-21T05:03:01.047621,80.66,prod_106,2,40.33
4f7f9e0f-e480-4c03-990d-bbe019171499,cust_385,2025-06-19T15:42:31.047621,86.81,prod_123,1,86.81
b7e31384-e850-447c-aa22-272e9149e51e,cust_473,2025-10-16T17:25:08.047621,358.02,prod_49,3,119.34
0d91876e-3771-4798-b575-51ede0456f5d,cust_45,2025-11-18T18:32:57.047621,159.9,prod_93,3,53.3
45fb3492-94a4-4bbd-8c70-38b2a6a8d024,cust_177,2025-12-03T07:07:56.047621,118.36,prod_153,1,118.36
a96deda0-826a-492e-873c-0be51788bfc8,cust_106,2025-10-21T12:49:09.047621,88.14,prod_199,2,44.07
d7db5334-aab2-48d8-98ee-2cc894a1a16b,cust_192,2025-09-20T18:30:34.047621,77.14,prod_161,1,77.14
58ebf142-14de-4bad-8aba-1fcfc910b8e1,cust_251,2025-07-04T07:40:46.047621,376.0,prod_94,2,188.0
a2d94858-aaf6-423d-96ea-e21c4ca8e397,cust_316,2026-01-02T11:44:29.047621,155.48,prod_84,2,77.74
b297a5fc-40e0-4e5e-a397-d648456ad2ac,cust_174,2025-09-29T03:10:07.047621,71.24,prod_191,1,71.24
6daf9472-9138-46f6-a76d-c6f832c0fde6,cust_417,2025-09-26T23:45:18.047621,307.88,prod_80,2,153.94
8de1c63f-6535-4a89-91f5-807dbf962b71,cust_430,2025-08-20T16:30:42.047621,138.81,prod_10,3,46.27
cbec3d09-f683-4dfd-9590-9d88c0e27493,cust_10,2025-03-02T22:07:49.047621,537.12,prod_146,3,179.04
de99e022-5a33-4b71-bdc5-c534449a3bf7,cust_273,2025-10-17T18:36:56.047621,111.78,prod_135,2,55.89
9ccf294d-34eb-46d0-b69b-4552062b23a8,cust_133,2025-06-22T19:05:23.047621,376.0,prod_94,2,188.0
f149e9df-81fb-442f-8d6f-3076dd6d6e4e,cust_317,2025-06-12T11:30:02.047621,114.87,prod_195,3,38.29
15ba634e-bb19-49ab-b828-15eed1c01f11,cust_375,2026-01-06T14:00:39.047621,340.08,prod_132,3,113.36
25861423-7203-4df9-b844-06740a70dfa0,cust_496,2025-07-10T04:58:20.047621,60.71,prod_168,1,60.71
ebaab44e-f396-4320-9acc-a1b12d1afd19,cust_20,2025-12-22T01:03:55.047621,103.17,prod_8,3,34.39
06953201-3dc9-4dfd-9ea7-4bef4a31b937,cust_1,2025-09-30T20:55:52.047621,46.92,prod_96,1,46.92
5203dcda-57f2-4945-9937-9126f757822e,cust_329,2025-01-31T12:53:38.047621,146.53,prod_99,1,146.53
126e8799-8e19-47f6-844f-866b7a860282,cust_90,2025-12-14T23:12:50.047621,360.81,prod_122,3,120.27
9f3011f6-a9d0-454c-9b04-4e12ba98aca1,cust_142,2025-06-04T08:39:22.047621,68.78,prod_8,2,34.39
f57d777e-c70c-4cef-b508-1c4060bda010,cust_383,2025-10-01T17:22:39.047621,155.16,prod_81,2,77.58
c58e22f8-ffdb-4403-aaf2-d492474e4caf,cust_438,2025-10-12T14:07:49.047621,237.39,prod_50,3,79.13
7a714f33-cbbd-4b05-b261-14a19ed97b34,cust_303,2025-10-20T22:37:09.047621,48.79,prod_100,1,48.79
fb2a5e2c-8c43-4b18-979f-d915a404de3f,cust_486,2025-02-03T12:03:54.047621,192.99,prod_131,3,64.33
0729866c-b60f-4a7d-a54a-b9b5036e89b6,cust_151,2025-05-09T08:58:29.047621,29.16,prod_165,1,29.16
f443fb52-11bf-469c-833f-23b0b6f576ea,cust_260,2025-03-27T22:01:10.047621,476.79,prod_48,3,158.93
aa29b81b-3a66-4285-b9e5-935fe5320710,cust_171,2025-05-27T18:09:36.047621,146.53,prod_99,1,146.53
0cf2bd6e-70b9-4b19-8de6-9a603789afc9,cust_260,2025-08-04T05:00:09.047621,76.89,prod_121,3,25.63
04838960-5c13-41dd-b367-d7faadd57a3b,cust_53,2026-01-02T09:05:15.047621,67.89,prod_138,3,22.63
0309a65d-8a24-4e74-9a6e-87f9ffdd8d85,cust_428,2025-06-10T11:13:44.047621,65.52,prod_27,1,65.52
1394c005-fe1a-47d5-a53c-90f3f2e7b84c,cust_264,2025-03-18T09:32:46.047621,52.71,prod_31,1,52.71
e4dc3aec-6212-4ab8-a055-5afabf88c8ab,cust_476,2026-01-13T03:53:46.047621,93.84,prod_96,2,46.92
3b6cf2fc-903b-437f-9b31-f6e1c571a06b,cust_311,2025-08-27T11:54:57.047621,251.4,prod_110,3,83.8
6e0564ba-43f8-496a-8937-04b0a3946f02,cust_188,2025-04-25T12:01:37.047621,238.68,prod_49,2,119.34
52360173-52ad-4c7f-ba9b-71b42a5ff573,cust_492,2025-10-01T11:41:07.047621,156.76,prod_41,2,78.38
2eaa0a3b-b913-4f8c-bc8f-1242bdc71cbd,cust_304,2025-05-24T00:46:13.047621,57.38,prod_30,1,57.38
e60e89fc-4e9c-432f-8542-ead99e5edcc4,cust_188,2025-06-04T03:24:31.047621,269.34,prod_171,3,89.78
a060ca4c-328f-4efd-8952-e177ee0d8dda,cust_340,2025-09-06T19:49:50.047621,395.07,prod_86,3,131.69
f010b26c-b842-427e-a9a7-9724f3a25f02,cust_377,2025-03-08T09:10:18.047621,146.37,prod_100,3,48.79
70161928-fa7c-4823-968f-a943a339105b,cust_162,2025-09-06T05:19:08.047621,271.08,prod_75,3,90.36
e3a84265-14d5-4d30-920b-ca2dedc15c9e,cust_171,2025-10-21T16:34:08.047621,564.0,prod_94,3,188.0
d7b01fcd-6595-443c-bff1-5b6d8dc013d8,cust_22,2025-05-11T02:24:21.047621,91.74,prod_137,3,30.58
91b47c39-8c9b-4967-81b4-e569a4a36bae,cust_164,2025-10-05T13:23:37.047621,159.9,prod_93,3,53.3
f09323ab-945c-4cd6-ac8d-7ea94210baed,cust_440,2025-04-21T10:25:09.047621,540.9,prod_33,3,180.3
555885b4-7a2f-4aaf-8d4e-d0e281a2c50a,cust_358,2025-04-23T18:58:46.047621,234.38,prod_18,2,117.19
62dbd053-4b0f-4d55-8486-e01e4a061bbc,cust_436,2026-01-23T08:56:07.047621,82.58,prod_179,1,82.58
05acda23-1a7b-470b-aa7f-b5e57a86e8ed,cust_274,2025-02-06T16:19:24.047621,354.46,prod_164,2,177.23
50ee1837-33c2-4ece-8d04-f141b7f141a8,cust_475,2025-07-29T08:04:07.047621,117.81,prod_163,3,39.27
42f63eb6-4a76-4200-a4fc-34bf6a733a76,cust_11,2026-01-24T07:34:44.047621,228.45,prod_87,3,76.15
06e95360-195a-4c8f-8305-de21a27ec675,cust_492,2025-04-05T05:12:08.047621,167.84,prod_95,2,83.92
5a0354dc-7e6b-49b7-9c26-d0d731a2e045,cust_249,2025-11-02T11:31:06.047621,215.62,prod_57,2,107.81
249d3296-9daf-4a8c-8ae6-cafa2c8b3f4b,cust_188,2025-04-06T03:18:43.047621,151.96,prod_128,2,75.98
779810b0-136f-47e8-9bda-b1a39eecd3ea,cust_300,2025-11-26T12:12:08.047621,309.6,prod_70,3,103.2
37d4ef63-7900-46d0-8cd4-7b318bc04559,cust_345,2025-10-21T10:40:37.047621,159.31,prod_28,1,159.31
f42d96d0-ab80-47d6-b81b-39a1ffc78a2f,cust_145,2025-08-19T13:46:55.047621,59.92,prod_13,1,59.92
3a62ca64-073f-4071-aa78-5492ff3953c1,cust_247,2025-07-16T03:40:33.047621,159.08,prod_150,2,79.54
02b7d3ba-a650-4081-a356-866dfa1fa73c,cust_6,2025-05-16T20:41:06.047621,143.1,prod_169,2,71.55
d93cc949-f4be-420b-a96d-430c099cb9b7,cust_129,2025-11-20T14:31:02.047621,339.64,prod_9,2,169.82
728c3cc8-9cc1-4fa7-b37a-45aec55d8a2c,cust_179,2025-11-26T17:09:29.047621,207.74,prod_126,2,103.87
c37a3519-b486-4863-b06a-19e93b50a553,cust_256,2025-08-31T10:24:06.047621,183.26,prod_184,2,91.63
6d40d0ed-8d96-4318-adb6-ffe3a2cd1ae3,cust_374,2025-06-01T04:33:10.047621,354.46,prod_164,2,177.23
7499fef7-85e6-4389-b3e4-bc4656b13d58,cust_187,2025-11-15T08:22:14.047621,143.12,prod_190,2,71.56
cd17216b-7daf-4a16-826e-78f210ae456c,cust_460,2025-03-31T19:28:23.047621,129.93,prod_32,1,129.93
aed7f412-2132-41b0-a351-d4e928dbffba,cust_341,2025-09-10T02:35:56.047621,392.13,prod_124,3,130.71
6c54b2f2-87c3-4ac5-8aef-a87b397c2440,cust_102,2025-02-10T12:47:07.047621,73.11,prod_187,1,73.11
83bca599-5a34-4afb-9688-06aa294d63bb,cust_244,2025-03-23T01:41:17.047621,246.15,prod_129,3,82.05
8e8d58cc-b519-44fb-b45f-24c08651a70a,cust_370,2025-12-23T22:04:32.047621,153.94,prod_80,1,153.94
b28844d3-4efe-4190-a1d6-95874c015672,cust_219,2025-11-20T09:51:10.047621,327.56,prod_15,2,163.78
0744519c-314f-42e7-8e35-e6f9a57ca406,cust_150,2025-12-19T06:25:50.047621,261.42,prod_124,2,130.71
e44df56f-993c-487a-a4ab-cc8d0365c018,cust_218,2025-11-14T04:57:44.047621,45.84,prod_160,1,45.84
dfefaa4e-1ad7-4587-99a8-c8bf9247dc5f,cust_474,2025-05-20T15:29:29.047621,261.42,prod_124,2,130.71
25f855af-325c-4f4d-a492-28307cc10a24,cust_338,2025-02-18T21:22:11.047621,120.86,prod_7,1,120.86
ec55889d-9ead-43f7-831c-21c6cce3daf0,cust_112,2025-04-25T04:53:36.047621,371.52,prod_147,3,123.84
21a9fc30-5470-4228-80b4-f79e6a3d6e00,cust_186,2025-05-29T07:57:45.047621,177.23,prod_164,1,177.23
539ed409-9add-455a-b38e-a8e4edba2174,cust_470,2025-09-25T04:39:04.047621,371.76,prod_181,3,123.92
481d5b5d-a28c-4847-af8a-aad657452923,cust_387,2025-10-28T12:20:08.047621,66.35,prod_1,1,66.35
e2e573ec-c6e2-4d2e-b6a3-e6c7b847ee40,cust_158,2025-04-11T08:41:13.047621,45.6,prod_186,1,45.6
7ecaffd3-3c0d-411c-9d61-4f4e10541a69,cust_302,2025-12-20T08:14:52.047621,359.7,prod_103,3,119.9
3236bb5b-8ed2-4953-87a0-3fcc2ceae6fb,cust_480,2025-09-12T14:02:49.047621,172.86,prod_167,3,57.62
598da16e-8629-45ee-bc3a-96cb799519ac,cust_270,2025-01-31T18:38:21.047621,20.79,prod_60,3,6.93
31a96c09-87d8-488f-b35f-ec299cec8ce5,cust_396,2025-02-23T18:23:13.047621,259.86,prod_32,2,129.93
bd0928a4-e1d5-4d55-b61c-522b6bb06f9b,cust_215,2025-03-09T07:01:37.047621,594.24,prod_78,3,198.08
60b270f5-cb8a-4124-b6df-c1ad8045ac07,cust_193,2025-02-03T01:48:37.047621,172.14,prod_30,3,57.38
72bb58e1-a655-4da1-83aa-ff462b9f0665,cust_62,2025-09-10T22:04:15.047621,166.74,prod_111,2,83.37
20816b92-5c8c-48cd-85d6-eb4e201f9c80,cust_160,2025-12-07T01:57:02.047621,12.67,prod_113,1,12.67
46f11d66-a26e-4880-842a-d44b59456e29,cust_353,2025-07-22T18:52:25.047621,250.98,prod_118,2,125.49
04e65db2-f52e-4aa7-9345-d5f2b4f24067,cust_443,2025-05-25T00:17:46.047621,362.98,prod_90,2,181.49
9863115e-ce79-461d-b81e-82c340cb8bfa,cust_263,2025-04-26T10:24:40.047621,146.37,prod_100,3,48.79
3fdf53d0-789b-45fc-b4ae-75a12d199f46,cust_121,2026-01-12T14:59:03.047621,359.7,prod_74,2,179.85
886792d0-f78d-41b7-a861-ebed7623aed4,cust_457,2025-10-27T05:10:03.047621,232.74,prod_81,3,77.58
fce4d3dc-ee17-41f1-b2b5-1ceceabaa2f1,cust_233,2026-01-06T21:37:31.047621,256.98,prod_58,2,128.49
b6f9b00b-a260-403a-be11-390dc586ab36,cust_369,2025-06-23T22:19:19.047621,135.04,prod_175,1,135.04
d69c0040-6ccc-4318-a43f-50095f2389bd,cust_415,2025-07-29T19:52:27.047621,304.77,prod_125,3,101.59
4498231c-bc46-4180-a0a5-635b91021751,cust_191,2025-07-27T12:52:39.047621,151.77,prod_83,3,50.59
49032f7d-c8bb-4b00-a49f-4e07b8235188,cust_64,2025-04-06T08:52:28.047621,8.92,prod_170,1,8.92
0832f7a0-c498-4fbf-a824-3aeae42b13d2,cust_451,2025-07-23T21:14:40.047621,47.8,prod_180,1,47.8
e8fadfd1-c0a2-41ae-88ee-0451d6a89cec,cust_483,2025-08-21T14:01:04.047621,354.46,prod_164,2,177.23
c9bc01fa-7b0d-4135-849a-a6cfd550b132,cust_305,2025-12-26T09:17:51.047621,128.66,prod_131,2,64.33
0b262c6e-4702-4583-91bf-c2899091f475,cust_32,2025-02-21T03:55:20.047621,63.9,prod_82,3,21.3
ad17f5b2-b8b7-4bc6-8385-41ab6c24c184,cust_277,2025-12-10T13:45:59.047621,159.54,prod_42,2,79.77
07b87b02-23b8-4cff-b54f-774848e2041f,cust_174,2025-03-05T09:21:27.047621,54.75,prod_182,3,18.25
bf42cca7-131e-4cd4-a58e-096dc33086c0,cust_427,2025-06-01T04:13:10.047621,127.23,prod_140,3,42.41
34c43cfd-7eca-4d72-8998-e74bf053d3b6,cust_289,2025-11-27T14:51:37.047621,92.54,prod_10,2,46.27
727ed113-29bc-457b-bb3a-d20339502067,cust_418,2026-01-16T07:12:02.047621,93.84,prod_96,2,46.92
d182f245-9c59-4169-9309-1f29303a5061,cust_98,2025-08-09T17:09:08.047621,493.56,prod_65,3,164.52
ff2de445-367b-41fd-b3a6-49025983d384,cust_47,2025-10-28T06:53:42.047621,349.4,prod_3,2,174.7
b4df6ae3-f0d3-4fb6-a110-caff4b6316d0,cust_354,2025-04-09T09:48:12.047621,238.08,prod_136,3,79.36
6fc02259-b496-4235-b67f-3642e9a97d06,cust_454,2025-02-06T20:49:11.047621,145.97,prod_20,1,145.97
cfecda10-9a7f-41bc-b82d-9cc457789455,cust_312,2025-02-05T03:35:38.047621,93.84,prod_39,2,46.92
19a9a2be-c19e-48ee-836a-b8be9e5b60f2,cust_30,2025-09-12T02:38:00.047621,44.6,prod_68,1,44.6
5d322868-0a33-430a-8939-fcfd8d78be27,cust_192,2025-06-22T06:49:34.047621,290.97,prod_166,3,96.99
1314610e-a136-4883-b526-28b280de6fa5,cust_209,2025-02-08T19:29:29.047621,91.91,prod_105,1,91.91
9fe35cb7-451b-4267-a0a6-732ed6c8afab,cust_481,2025-02-12T14:35:05.047621,385.47,prod_58,3,128.49
0fc36a8e-a674-4116-a6de-b9690f7fc24c,cust_484,2025-05-23T09:38:00.047621,155.16,prod_81,2,77.58
cee249eb-f9af-4fd0-8a2b-52e332696106,cust_173,2026-01-26T10:31:12.047621,374.76,prod_148,2,187.38
dbfdae79-4c27-4f12-86cb-4af61746b8f6,cust_72,2025-03-21T14:20:12.047621,51.26,prod_121,2,25.63
707adaac-a2f0-42b8-8cc6-e846337e08ea,cust_488,2025-09-24T21:08:42.047621,125.35,prod_77,1,125.35
a3d3eaab-fded-4f9b-bf51-5bea4ef01f44,cust_137,2025-03-14T02:43:56.047621,86.81,prod_123,1,86.81
c2c7c0f1-2901-446c-af7a-c0b2819aa72c,cust_139,2025-03-14T12:12:29.047621,17.84,prod_170,2,8.92
fd23163f-75ad-4964-b618-420558f2c187,cust_362,2025-12-16T12:35:05.047621,340.08,prod_132,3,113.36
3ea37084-890d-4253-8ecd-7e32cd83981b,cust_102,2025-03-11T14:48:55.047621,131.69,prod_86,1,131.69
c1bc29d2-c652-403d-b755-ca7677a75b24,cust_229,2025-11-23T09:24:38.047621,291.06,prod_97,3,97.02
625ad5e5-42a1-4d27-a91c-729ecee4ed04,cust_133,2025-04-01T05:24:03.047621,64.33,prod_131,1,64.33
2c0fcb59-8eba-42a4-9d70-9c2277804a31,cust_22,2026-01-21T12:58:13.047621,274.89,prod_184,3,91.63
24132664-0a87-42f2-8fad-2f7bc0803723,cust_83,2025-06-17T13:43:59.047621,43.38,prod_104,1,43.38
d0888501-f62b-432f-8cd7-56fde619e106,cust_318,2025-08-09T00:41:54.047621,196.84,prod_67,2,98.42
872d3e56-34c7-4e83-ac4e-346550b3fbba,cust_300,2025-10-29T01:13:25.047621,57.38,prod_30,1,57.38
d0aae9f6-d2b6-46c0-8a23-cea8702382e1,cust_17,2025-12-20T11:40:51.047621,179.04,prod_146,1,179.04
91e2e791-87e0-4dab-98dc-aa6fd3d9335e,cust_234,2026-01-31T06:11:50.047621,256.98,prod_58,2,128.49
09b0c9de-8edd-4e9b-bf1c-75232bbb0447,cust_44,2025-03-29T14:28:53.047621,452.16,prod_11,3,150.72
2afb84b1-ebfc-4248-9db8-dfa0d1978fcf,cust_52,2025-06-23T20:42:06.047621,193.06,prod_25,1,193.06
51f2ff7e-9e30-4d1c-95f3-7713c2bac327,cust_185,2025-10-09T08:27:35.047621,254.7,prod_47,3,84.9
5ee4ac8d-457f-42d5-a821-193de12ae6a2,cust_190,2025-10-08T02:28:03.047621,196.84,prod_67,2,98.42
e391fb71-4f76-40ba-8fed-8d1c2a74c648,cust_385,2025-09-19T12:23:00.047621,354.46,prod_164,2,177.23
8f49df42-9644-4c63-a55e-24ac7e8abdfc,cust_110,2025-07-05T02:07:15.047621,493.56,prod_65,3,164.52
cf8b4561-f691-4e61-beb1-dc7bb386913b,cust_173,2025-04-26T19:29:40.047621,101.59,prod_125,1,101.59
9d0fc5a6-ef8b-488c-93e5-e804ea1c6f7b,cust_372,2025-02-08T22:09:31.047621,193.98,prod_166,2,96.99
32717595-57b0-451a-9fb6-71e7cec62d2f,cust_408,2025-12-01T15:38:22.047621,320.04,prod_46,3,106.68
be166feb-6120-4299-b0d4-611b1a86722f,cust_411,2025-07-23T05:09:06.047621,75.98,prod_128,1,75.98
54a0c532-fd20-4122-a547-ed8f8d398e9a,cust_23,2025-07-02T10:44:02.047621,199.2,prod_162,2,99.6
4a71935d-d4a2-412e-99f2-0055bca4d5ef,cust_91,2025-08-08T10:28:31.047621,41.64,prod_76,2,20.82
a3e4b39b-ecbe-44a4-87e5-c57c94b527ea,cust_269,2025-06-23T14:21:01.047621,491.34,prod_15,3,163.78
e8c64879-5af2-4503-9a9b-907dbf86f88c,cust_461,2025-04-05T10:05:48.047621,316.26,prod_69,2,158.13
135f061f-88e0-4730-afe8-4cce0e384db8,cust_80,2025-12-04T00:31:14.047621,145.62,prod_12,1,145.62
0b2d5cb6-ddc9-453f-8c4f-8c2f125e7ef9,cust_198,2025-11-29T06:08:32.047621,76.53,prod_14,3,25.51
1a0fd307-c51b-48a5-abb3-03ded1ac9a8d,cust_32,2025-11-10T20:24:39.047621,87.87,prod_98,3,29.29
33b87aa7-0204-4742-ac28-db2318c988e7,cust_402,2025-06-19T10:27:06.047621,76.7,prod_35,1,76.7
0196a951-00b1-4aeb-bd2a-09a1dd26376b,cust_392,2025-08-17T13:11:12.047621,105.29,prod_19,1,105.29
31122ed9-e109-4f6d-abe5-7cb0dd5d8e06,cust_173,2026-01-11T17:03:48.047621,555.48,prod_156,3,185.16
2b702b1a-9034-4cfa-b39a-54d9cc43e1b2,cust_123,2025-05-12T02:00:08.047621,196.56,prod_27,3,65.52
b4b1fe59-b38b-431b-a8e9-48df934e4592,cust_234,2025-10-14T22:40:52.047621,306.93,prod_198,3,102.31
11c886d6-4f54-432f-9096-d1adf98f2b0d,cust_80,2025-04-27T05:35:31.047621,214.68,prod_190,3,71.56
ee813aef-ff04-4298-8938-8cbb98ec9c79,cust_256,2025-07-20T19:33:09.047621,398.55,prod_37,3,132.85
378627a5-8c87-467d-90f9-1dacc686cb91,cust_99,2025-06-27T08:41:11.047621,167.6,prod_110,2,83.8
46fd84f0-4723-4f1b-9137-15c51d86ce13,cust_325,2025-09-26T13:51:59.047621,167.84,prod_95,2,83.92
204fc35b-ada0-4328-b7a8-a4de3cc5149e,cust_390,2026-01-27T20:58:48.047621,102.84,prod_189,1,102.84
2a8ab187-d379-4735-9d35-d22319e35b6e,cust_321,2025-02-24T14:30:09.047621,389.79,prod_32,3,129.93
1a4f3d99-b1ae-4d43-9864-fa45c612cd9b,cust_403,2025-05-08T07:07:09.047621,55.89,prod_135,1,55.89
26d72830-406c-4037-bebf-df02c56680a9,cust_380,2025-08-27T14:15:14.047621,256.98,prod_58,2,128.49
50fddbd9-5dfe-4e18-bb60-99ff85e742ab,cust_129,2026-01-14T14:03:34.047621,531.69,prod_164,3,177.23
2a95406b-41da-42f1-b60e-cac556e43577,cust_228,2025-02-08T08:29:48.047621,177.23,prod_164,1,177.23
07beff75-f116-42bd-a17e-a2b7d4ce93c9,cust_210,2025-03-09T02:56:59.047621,203.18,prod_125,2,101.59
9a9f2483-7e98-4739-8895-6f9cf5b49f85,cust_6,2025-03-13T08:05:47.047621,101.18,prod_83,2,50.59
7ae61961-02d9-494f-8f65-dfa3917e1226,cust_36,2025-02-13T05:00:27.047621,39.27,prod_163,1,39.27
201c015b-af72-4b81-bd5d-994b1ef8f2a1,cust_436,2025-07-09T10:16:09.047621,16.48,prod_172,2,8.24
71a733a3-5e7b-461a-8b09-7978599736d1,cust_37,2025-05-16T19:43:33.047621,308.74,prod_66,2,154.37
6be23a5e-5618-43dd-9750-6150e435202b,cust_326,2026-01-17T14:55:53.047621,186.63,prod_2,1,186.63
eef60cff-ccfa-4ae9-af86-5321f85737eb,cust_9,2025-09-03T06:03:04.047621,213.72,prod_191,3,71.24
754f4151-e28a-4767-b9d6-246091fe4ef1,cust_351,2025-08-21T15:14:54.047621,308.74,prod_66,2,154.37
8c2ec510-5d82-4aba-be53-765944061ee0,cust_197,2025-06-12T15:07:28.047621,113.36,prod_132,1,113.36
b3559d20-a994-464d-b52d-67a68bc4dad3,cust_5,2025-05-22T20:09:39.047621,290.97,prod_166,3,96.99
697382f8-fb24-4b89-9e46-d818c8cf2868,cust_164,2025-12-29T10:43:32.047621,67.96,prod_116,2,33.98
a0ea0ab4-a159-4c5c-81f8-7060e5e53379,cust_285,2025-05-02T03:56:06.047621,105.42,prod_31,2,52.71
328e3565-ad1e-4d22-8a9e-9925fb5c5fd5,cust_447,2025-02-02T15:12:54.047621,78.38,prod_41,1,78.38
a093e41b-d1c6-44f2-9346-50e0cc416f06,cust_482,2025-10-04T01:13:34.047621,180.62,prod_56,1,180.62
01e2c1b7-3f7a-44be-ba90-53eb7a669350,cust_367,2025-05-23T20:57:40.047621,76.53,prod_107,1,76.53
e2e7c94d-f9af-488d-8839-b848c35d355d,cust_171,2025-06-24T02:40:20.047621,270.96,prod_117,3,90.32
44d13154-273c-475c-8221-40021e96313c,cust_193,2025-12-31T18:01:01.047621,374.76,prod_148,2,187.38
f47862f3-7739-4af2-9a79-2b3def199810,cust_490,2025-07-21T07:27:09.047621,132.69,prod_159,3,44.23
bdbb5016-44eb-44a2-bf54-500883c977c2,cust_69,2025-01-31T19:29:50.047621,97.58,prod_100,2,48.79
053b5cbd-29ec-423a-8dce-ea11b1d46bb4,cust_163,2025-05-09T03:08:02.047621,113.24,prod_91,2,56.62
d86d8478-4ef0-4cf6-b063-9fbaec8404fe,cust_473,2025-05-13T12:14:48.047621,137.52,prod_160,3,45.84
97e7e231-2811-4c03-8ba1-06be96cd006d,cust_25,2025-11-02T04:46:21.047621,321.04,prod_157,2,160.52
0b11a122-ed1d-46b1-8fe0-e039e7aa8273,cust_161,2025-02-16T18:00:30.047621,452.16,prod_11,3,150.72
9e52a2bf-5d98-4571-9bcd-1937c93c5680,cust_200,2025-09-20T12:28:32.047621,11.3,prod_45,1,11.3
e86c7c57-63ec-4d9b-a1a9-3d9a3cba213a,cust_63,2025-08-09T18:04:33.047621,106.22,prod_23,2,53.11
678c0d20-16e9-4e39-b0fa-fd451e0fb73c,cust_81,2026-01-03T00:57:44.047621,67.96,prod_116,2,33.98
ca4a17b6-7db2-47c1-abec-cc0d67018958,cust_26,2025-06-23T01:40:17.047621,180.3,prod_33,1,180.3
9ecb737b-75b2-46b1-b824-955d924a5469,cust_373,2025-11-22T21:21:50.047621,182.13,prod_168,3,60.71
2fe5c4b3-0fcf-4674-b8c4-cbf6962b12f5,cust_402,2025-03-28T23:37:45.047621,138.81,prod_10,3,46.27
feef9027-b961-4e7f-b55a-dae8f3224c6f,cust_41,2025-10-17T04:56:20.047621,72.49,prod_71,1,72.49
51d384a2-f899-4104-8627-58a5eb91742d,cust_311,2025-04-15T18:09:08.047621,144.98,prod_71,2,72.49
aba68ba7-0895-4a7f-940d-7b30056fee35,cust_253,2025-07-09T14:15:54.047621,164.16,prod_101,1,164.16
bc562dd7-bc23-465a-b1fe-9c4b19dcaa55,cust_254,2025-09-05T10:24:12.047621,291.06,prod_97,3,97.02
f0ced4de-c6ed-4e21-a949-370606101f5f,cust_86,2025-06-22T01:19:13.047621,329.04,prod_65,2,164.52
56a037b0-c882-4ecd-893b-3b55f180cd7d,cust_413,2025-03-02T14:50:54.047621,122.43,prod_144,3,40.81
007c1677-d75d-43ad-baa7-43bf7dc94bc5,cust_331,2025-11-13T20:20:25.047621,80.32,prod_64,2,40.16
65917afd-7aca-4657-a50f-936cff4efdea,cust_498,2025-12-14T05:12:34.047621,186.65,prod_154,1,186.65
8179fd75-2469-4bb8-8a76-6414b5dacdcb,cust_169,2025-04-30T23:14:21.047621,155.75,prod_177,1,155.75
772e171f-14a9-442c-954a-9e6d0775404f,cust_61,2025-05-13T07:59:08.047621,80.94,prod_109,1,80.94
0670afcb-c31e-4efd-875c-5c772b3e6013,cust_368,2025-09-27T06:21:36.047621,203.18,prod_125,2,101.59
f84b21f5-d801-44f0-9ed1-1f9bae8f4f44,cust_5,2025-05-04T12:50:49.047621,64.33,prod_131,1,64.33
d4c08956-749a-4402-8dfa-efaffe607c8a,cust_454,2025-06-13T04:16:45.047621,318.62,prod_28,2,159.31
6bad3bc0-9881-41e7-a346-79a2e0c394ab,cust_107,2025-11-16T04:34:32.047621,383.3,prod_185,2,191.65
ffc882df-2dde-489c-acac-dbde258f98b6,cust_358,2025-09-24T11:41:14.047621,146.37,prod_100,3,48.79
178dafb3-fbc1-4455-b685-1132ecedd6bb,cust_33,2025-10-25T09:56:56.047621,103.2,prod_70,1,103.2
bd87d6bc-20ab-45ff-abf2-de4305bfc780,cust_230,2025-07-18T20:42:47.047621,405.12,prod_175,3,135.04
ae5959e5-c6f0-40a1-9597-67196b254173,cust_18,2025-06-29T20:07:01.047621,215.62,prod_57,2,107.81
bedfdf52-01c9-4ae3-a46f-c0d3263f7093,cust_32,2025-12-08T17:35:54.047621,86.81,prod_123,1,86.81
2aefe976-2d43-42b5-b5c4-017b4d13c851,cust_313,2025-11-02T04:50:21.047621,537.12,prod_146,3,179.04
bfcb4455-d42d-4f6b-b325-2f2ea9a36284,cust_42,2025-05-13T09:13:56.047621,107.56,prod_149,2,53.78
69ef8d2e-51f3-43e4-a29a-8fff4939c403,cust_382,2025-06-11T04:02:27.047621,39.27,prod_163,1,39.27
85362ace-d8dc-457a-a0d5-1c1b4aee1b78,cust_406,2025-08-07T23:05:08.047621,376.47,prod_118,3,125.49
eef8e7f2-1f12-40bb-ac2e-a3bf9f43131c,cust_55,2025-12-29T06:46:12.047621,315.87,prod_19,3,105.29
a0d63501-03f7-42c3-88db-5f052b6ef8f6,cust_169,2025-10-06T11:11:21.047621,191.65,prod_185,1,191.65
ded087b7-7495-4f08-ac8e-c9b430c6b451,cust_312,2025-03-23T22:37:40.047621,58.32,prod_165,2,29.16
80789963-c89c-41c6-a1a2-ee6632c27973,cust_493,2025-05-15T17:35:59.047621,376.47,prod_118,3,125.49
5940dfef-1917-49db-8590-2a89e144b349,cust_265,2025-12-06T08:45:22.047621,559.95,prod_154,3,186.65
1489c472-0431-472a-8811-a08d33c1a8b6,cust_114,2025-02-14T17:12:45.047621,87.48,prod_165,3,29.16
beafc123-ef10-410e-b7b0-fb91b254a9c2,cust_427,2025-07-05T08:48:37.047621,57.55,prod_62,1,57.55
2532d637-6e5e-4764-84f1-3e7cb05072f3,cust_457,2025-12-10T08:28:31.047621,355.86,prod_72,2,177.93
8ea78224-b60d-4698-8959-f99d33093b8d,cust_184,2025-10-24T23:11:43.047621,82.58,prod_179,1,82.58
be19b346-f552-4939-a0a6-5fee08df9a3e,cust_90,2025-11-08T15:26:26.047621,33.9,prod_45,3,11.3
cbe77fd1-39d2-44d0-8363-aa462baec74c,cust_46,2026-01-07T12:31:57.047621,227.94,prod_128,3,75.98
59e8855f-df2e-4345-9049-783130f3f1d0,cust_223,2025-05-29T12:17:04.047621,533.79,prod_72,3,177.93
001c2f5f-4f7f-4bde-847a-a378367432f5,cust_339,2025-02-10T15:42:24.047621,117.19,prod_18,1,117.19
a0201ba3-a567-4abd-8b1c-e0d2e188e55c,cust_274,2025-08-02T05:06:19.047621,86.81,prod_123,1,86.81
f52a54c7-0151-4a3f-8cd2-14ab94634c87,cust_283,2025-03-30T10:54:17.047621,246.15,prod_129,3,82.05
dec3fb51-fd59-404c-bfff-e930e26f6929,cust_313,2025-06-16T15:07:02.047621,295.26,prod_67,3,98.42
bc491051-33f0-4c52-9a70-e728f784486d,cust_264,2025-03-03T23:22:55.047621,246.15,prod_129,3,82.05
9f376ac8-44a1-49cc-834b-69ba522cd7cc,cust_373,2025-04-14T15:08:38.047621,125.04,prod_63,1,125.04
c56eed68-d267-4a0f-b612-ebf953d7f4cf,cust_301,2025-07-10T01:08:41.047621,233.22,prod_84,3,77.74
7d037686-c284-40f7-87e0-6b4ce41e7df5,cust_99,2025-03-06T21:44:08.047621,167.6,prod_110,2,83.8
757eb86d-fbdd-4e38-9915-29257621618e,cust_123,2025-09-17T05:58:13.047621,371.76,prod_181,3,123.92
c7b2a1fd-05fa-40dc-b45d-e59a74ee6f29,cust_273,2026-01-12T04:24:18.047621,188.3,prod_134,2,94.15
a4c819a3-3b2b-4270-9f8b-0d0722d29ffb,cust_485,2025-04-18T19:58:28.047621,467.25,prod_177,3,155.75
e0689948-3327-468c-ad2e-97276f3d1cc1,cust_313,2025-12-07T17:44:51.047621,239.31,prod_42,3,79.77
882faa6b-6dff-48f9-bb2a-3b4f129048c3,cust_83,2025-02-18T17:33:06.047621,241.72,prod_7,2,120.86
fc4f435a-e096-48b4-8eb8-6b79a0046d6a,cust_330,2025-09-24T14:24:20.047621,36.76,prod_174,1,36.76
01bec828-e89d-4de1-ba9d-7b1af5df127c,cust_354,2025-02-06T20:04:02.047621,83.8,prod_110,1,83.8
82310b62-3abc-4afc-8ca8-428324aa81f2,cust_58,2025-03-20T06:13:17.047621,169.86,prod_91,3,56.62
e96f11da-6963-47a8-86a6-72e2cdabf693,cust_130,2025-06-19T19:35:20.047621,91.15,prod_102,1,91.15
97742545-3f1c-43ef-9f45-0e5b3ca1acff,cust_319,2025-11-15T19:56:26.047621,338.6,prod_188,2,169.3
02d29504-fd75-4db6-aa88-9701c03f1d21,cust_235,2025-05-06T04:16:58.047621,82.58,prod_179,1,82.58
322243de-0b98-47c7-b54d-fdb7e38a640f,cust_337,2025-07-29T11:36:51.047621,268.52,prod_5,2,134.26
44dc187b-cb82-48b0-9397-878aa295191c,cust_363,2025-12-16T20:17:39.047621,158.72,prod_136,2,79.36
7a29dd4a-1ac0-459b-9a0d-08d1f85d23f3,cust_385,2025-09-04T04:09:29.047621,123.4,prod_89,1,123.4
b8cd419a-98d2-4b8e-aa81-eeef092df24d,cust_466,2025-07-19T04:03:36.047621,269.34,prod_171,3,89.78
db5a2ef6-ad8f-4f93-b0c1-19e4605e59ef,cust_82,2025-03-09T16:10:36.047621,531.69,prod_164,3,177.23
592d2e83-3abc-402f-8d9c-a055039eb4f5,cust_118,2025-05-10T07:15:07.047621,45.84,prod_160,1,45.84
39e8f4ff-734d-4bc4-af9b-a45c21e636d7,cust_406,2025-12-19T08:01:28.047621,88.58,prod_194,2,44.29
9e9ee9f3-c9ad-4f8a-b9d4-67beae11fa35,cust_204,2025-06-13T02:53:56.047621,238.08,prod_136,3,79.36
a0bcebd9-6cbe-4e9d-b77e-42d842cfb7b3,cust_345,2025-08-18T03:11:18.047621,97.02,prod_97,1,97.02
81b00949-a0f2-4113-9ec3-3b15b12b3000,cust_403,2025-02-11T15:32:17.047621,298.76,prod_24,2,149.38
70b502a0-160e-4988-9b64-cac815eeaa74,cust_481,2025-05-27T21:26:19.047621,269.34,prod_171,3,89.78
b279f0ef-b9b6-4da2-bf39-2ec5b9c1704a,cust_68,2025-03-17T23:23:23.047621,22.81,prod_145,1,22.81
832cfa4a-30de-45a8-9a76-1ebf4074b00d,cust_66,2025-12-29T16:46:49.047621,140.76,prod_39,3,46.92
79a7ebe1-64f5-4044-bbb8-eaf62fded39e,cust_154,2025-04-10T18:20:45.047621,52.16,prod_22,2,26.08
77cd1a43-4341-4308-9c7a-560560318169,cust_83,2025-04-23T08:00:11.047621,373.26,prod_2,2,186.63
7db62e8f-eac1-4840-9640-ad1f248ca12c,cust_272,2025-11-05T15:08:39.047621,373.3,prod_154,2,186.65
08f7def6-9300-421b-9f56-6b13c0deb20b,cust_273,2025-08-08T19:17:26.047621,140.67,prod_54,3,46.89
28bb5db1-322d-4b90-90b7-ba70ce5e5c36,cust_313,2025-04-27T07:05:21.047621,179.72,prod_51,1,179.72
a4c3274c-15da-4f38-ab64-e8532266de53,cust_453,2025-05-31T18:54:56.047621,238.62,prod_150,3,79.54
34eeb22e-4032-407d-913e-ec50758688f9,cust_118,2025-06-13T13:49:58.047621,158.13,prod_31,3,52.71
6e70714b-6899-4705-8976-d0f8de198bef,cust_132,2025-11-15T08:32:54.047621,15.38,prod_141,2,7.69
58f7c2eb-ebfd-49ac-a707-ac25d6b8678b,cust_109,2026-01-17T19:25:55.047621,172.14,prod_30,3,57.38
22f9ae53-c6b4-49e0-845b-b689e0a53223,cust_417,2026-01-22T01:59:23.047621,158.93,prod_48,1,158.93
d8d707b5-dc90-4f66-95ac-b831ca6e9837,cust_237,2025-06-29T22:43:58.047621,136.43,prod_17,1,136.43
a3c82c2d-e41f-4877-a49d-febed2e3f878,cust_233,2025-11-21T10:44:56.047621,370.26,prod_73,3,123.42
de8ce8b0-e7cc-4041-a316-edf0bfc12a80,cust_264,2025-05-31T02:16:11.047621,320.1,prod_92,3,106.7
5633dea7-f4b1-4774-9bfc-41b783e851d0,cust_234,2025-11-26T01:44:07.047621,25.34,prod_113,2,12.67
e3798cee-2f27-4072-8979-b98894e97999,cust_37,2025-12-02T19:18:22.047621,158.72,prod_136,2,79.36
0fae384f-daad-4421-a4e9-11375f55a394,cust_217,2025-12-22T16:13:39.047621,143.12,prod_190,2,71.56
8067c80b-0b34-4296-871c-64bac76e81e0,cust_17,2025-10-09T05:28:14.047621,173.84,prod_40,1,173.84
5e21928b-e154-4529-b99a-928cdf360b0d,cust_19,2025-07-11T16:33:34.047621,242.82,prod_109,3,80.94
11e100c7-7463-4c97-9f48-8bad5c046c0f,cust_173,2025-12-25T04:36:54.047621,203.18,prod_125,2,101.59
362a89a7-6665-40b8-ab60-23e040a80c4b,cust_107,2025-04-29T20:17:07.047621,474.39,prod_69,3,158.13
07b53de0-3fd9-41e7-a7f8-17c4bc8a974b,cust_206,2025-09-17T11:51:40.047621,298.8,prod_162,3,99.6
c971c570-0386-4951-9417-1dce5427cdf5,cust_23,2025-07-08T16:14:07.047621,46.92,prod_39,1,46.92
b22b15de-164c-48ea-87c9-26172b23d582,cust_409,2025-12-13T16:26:49.047621,71.55,prod_169,1,71.55
565e93ac-a2ff-4617-857c-3c98494f1e1f,cust_499,2025-08-28T22:23:21.047621,320.04,prod_46,3,106.68
701fc3e5-69bf-4523-8573-8f32f8ffa4d4,cust_119,2025-02-23T09:14:42.047621,123.84,prod_147,1,123.84
24b42d26-00d3-475b-9913-01e0c7a4a505,cust_424,2026-01-04T03:58:02.047621,149.36,prod_55,2,74.68
6acbd99c-0c71-4d96-9c38-0e47f89f7360,cust_474,2025-04-06T20:16:25.047621,365.04,prod_133,3,121.68
430d6842-9240-4c9e-ae33-6addc035a997,cust_377,2025-11-16T15:23:43.047621,66.35,prod_1,1,66.35
69001fa0-6b17-4fa2-b0dc-6273c878d52e,cust_422,2025-12-11T18:58:47.047621,106.6,prod_93,2,53.3
9d50935a-8691-426e-9d80-4763f33c37c4,cust_112,2025-11-30T02:16:50.047621,194.04,prod_97,2,97.02
4604a7ab-b249-4b66-8515-7a01a0ae071d,cust_380,2025-07-24T06:42:10.047621,15.3,prod_120,2,7.65
9277519d-ba7e-4fd0-aa26-bcd1312a00d5,cust_138,2025-07-13T11:55:13.047621,106.68,prod_44,1,106.68
8cb7210b-8e6d-42fc-868f-e20a94d83ba1,cust_28,2025-06-22T20:00:56.047621,270.96,prod_117,3,90.32
11afecbe-e272-4ede-beb2-6737f0555c14,cust_402,2025-09-28T11:46:59.047621,269.34,prod_171,3,89.78
b1b989fe-dd37-4fe2-8770-3dd3958c5d3d,cust_125,2026-01-22T21:28:59.047621,198.08,prod_78,1,198.08
7a118de0-0727-4c17-8ef7-c52c400822aa,cust_367,2025-04-01T21:33:53.047621,182.3,prod_102,2,91.15
27755c08-7d7b-49c3-8e7c-9d9e1e1b20bd,cust_87,2025-11-14T19:44:57.047621,155.48,prod_84,2,77.74
cc66e0a9-0e14-464f-9b39-aa93cc0b18bd,cust_22,2025-11-24T15:37:42.047621,55.7,prod_61,2,27.85
f8f2de6b-4e03-4a36-b163-1826b84cdf42,cust_297,2025-06-09T16:17:03.047621,182.14,prod_130,1,182.14
6fddb62e-a864-4eb9-a8f7-f334dea992f8,cust_377,2025-11-06T19:57:18.047621,93.84,prod_39,2,46.92
7177c474-c670-47ba-b0d9-a455bb82128b,cust_253,2025-11-26T21:05:00.047621,121.42,prod_168,2,60.71
5d501248-0bd2-49e8-a16d-05023f1e595b,cust_432,2026-01-13T16:11:12.047621,156.76,prod_41,2,78.38
fbb625ca-cd71-4edb-9cbb-990f831cbe0e,cust_178,2025-03-29T03:42:44.047621,24.72,prod_172,3,8.24
542fe260-09b9-4efc-a783-7ee650df68e2,cust_406,2025-09-16T11:07:29.047621,164.52,prod_65,1,164.52
0380d883-7d02-473b-9dab-083441342c0b,cust_274,2025-02-02T09:47:15.047621,373.3,prod_154,2,186.65
54da0544-859f-4d8e-9f3a-fe77690b0f4a,cust_450,2025-03-09T02:06:20.047621,42.6,prod_82,2,21.3
28bcc9ab-f744-4192-83f9-57f5159cc66c,cust_158,2025-02-05T11:54:47.047621,180.64,prod_117,2,90.32
d0e8ff34-c95a-4ae0-824d-0e7ad7739bb3,cust_16,2025-03-25T16:19:36.047621,370.32,prod_156,2,185.16
71bab36f-18b1-4d12-85d7-384270397cb1,cust_46,2025-04-30T15:32:57.047621,93.68,prod_108,2,46.84
749dff97-8433-4333-b27d-d4a96f561ae7,cust_401,2025-05-19T07:01:01.047621,119.84,prod_13,2,59.92
78dfe72b-8ab7-471d-91ed-d49c8cc38560,cust_251,2025-10-16T07:48:50.047621,180.3,prod_33,1,180.3
a6ed2204-42b6-464f-9b3a-807d1bfea2c0,cust_131,2025-09-08T07:56:04.047621,117.19,prod_18,1,117.19
7f8ddf10-56f4-49b8-8719-e000bfe7eb2c,cust_276,2025-01-31T20:50:03.047621,97.16,prod_143,2,48.58
8f485f91-694e-4218-8b8e-f9171970b55b,cust_317,2025-06-17T02:36:05.047621,509.46,prod_9,3,169.82
4acc4fa9-7f88-4fb7-8640-3d460f75cc6a,cust_365,2025-02-01T19:03:24.047621,145.74,prod_143,3,48.58
aaec985e-2ed2-4787-bd8b-b104cb9d6806,cust_74,2025-12-04T23:55:24.047621,83.55,prod_61,3,27.85
0ce48ca2-755c-43a8-b57b-363c94de5f86,cust_430,2025-06-02T01:14:31.047621,574.23,prod_26,3,191.41
64c0061e-9bbf-488c-a2ba-1f6b8cb2db3f,cust_339,2025-04-25T08:53:05.047621,119.84,prod_13,2,59.92
b4ea3c48-ade9-4460-bca5-dba315dc6c3a,cust_33,2025-08-30T16:11:56.047621,91.91,prod_105,1,91.91
c047f387-447d-450c-b287-abe7ecf4565b,cust_100,2025-04-09T19:39:50.047621,102.84,prod_189,1,102.84
4858ed59-13a9-40fc-9eec-cdcc2dfd5b5e,cust_384,2025-08-15T12:06:59.047621,268.52,prod_5,2,134.26
8fd4b188-3641-46b2-9c03-650581f308ee,cust_458,2025-02-05T04:09:01.047621,79.77,prod_42,1,79.77
6d9feacf-fa9d-4676-ad3a-b81bbad0fb90,cust_166,2025-10-24T05:12:58.047621,495.18,prod_192,3,165.06
73ef45d5-c1df-46b7-9012-a60f3cbc05e9,cust_149,2025-06-13T11:07:00.047621,146.53,prod_99,1,146.53
a9676ba2-f9ff-4b48-9a62-02720026387d,cust_107,2025-08-24T05:50:35.047621,26.76,prod_170,3,8.92
00887cdf-4d75-462c-bfb6-7a54150a8d1d,cust_384,2025-08-15T23:41:03.047621,20.82,prod_76,1,20.82
bf37b283-22ae-4ddb-90d6-1a16ba3c9309,cust_110,2025-09-24T22:36:06.047621,122.43,prod_144,3,40.81
cdfa062e-582c-4476-87b6-a6448d5ee489,cust_322,2025-04-30T19:46:29.047621,272.86,prod_17,2,136.43
bdf59484-50da-4cd0-999c-c02b091200ef,cust_119,2025-07-21T04:08:16.047621,327.56,prod_15,2,163.78
7e21e2a9-7e49-4924-91d7-fe3ecdbd064c,cust_219,2025-04-10T12:39:54.047621,167.67,prod_135,3,55.89
e20e2d75-0e34-4bc3-ae9e-3afdd77e02ba,cust_481,2025-02-07T15:00:07.047621,38.01,prod_113,3,12.67
dbb5cf1c-e530-4b2f-b31a-9a55ab36f769,cust_170,2025-08-06T14:22:20.047621,185.28,prod_52,1,185.28
31c37b4a-00bd-42fb-a818-8652fef242aa,cust_332,2025-07-25T00:14:00.047621,22.6,prod_45,2,11.3
0db88570-f548-4992-8ed1-ddc9e529399e,cust_296,2025-04-23T06:37:29.047621,94.15,prod_134,1,94.15
40f07bc5-21c6-45d6-9c74-3ecb47548cc7,cust_136,2025-02-03T21:19:28.047621,90.6,prod_43,1,90.6
287351d3-0e88-4ec0-952f-9d46fab9b325,cust_420,2026-01-02T05:59:58.047621,119.34,prod_49,1,119.34
79cdf8e4-35be-4fbb-a956-5a4d1860a249,cust_317,2025-06-27T20:50:24.047621,22.6,prod_45,2,11.3
480d92f0-e5bd-4ed8-b38c-6a1ce1e3f0e7,cust_361,2026-01-20T18:35:05.047621,244.98,prod_178,3,81.66
12723c85-3cc4-47fa-9a57-9a7951aa50d3,cust_28,2026-01-22T22:47:05.047621,482.34,prod_34,3,160.78
c8b34f4b-1d01-4ec3-9d3f-bdbef653793f,cust_349,2025-08-21T23:26:14.047621,140.76,prod_96,3,46.92
4f3f255f-1a3a-49a5-a79d-1253ac88e6cf,cust_268,2025-03-04T11:48:09.047621,123.42,prod_73,1,123.42
270b43ec-fd3d-4b88-a427-1f7aa3bac474,cust_197,2025-03-05T10:48:19.047621,86.76,prod_104,2,43.38
7478d437-899d-4d7c-aa81-33c78aa5cf2a,cust_407,2025-11-28T18:28:31.047621,467.25,prod_177,3,155.75
0e9eee70-f6fb-4ed9-b2a1-52beb11d4934,cust_177,2025-10-13T07:29:43.047621,174.7,prod_3,1,174.7
28805d11-ebcb-4927-93f0-501a650f1f08,cust_59,2025-12-01T23:41:25.047621,183.82,prod_105,2,91.91
3d97e96c-7dc4-4179-b815-b69abf367a86,cust_184,2025-04-04T04:02:58.047621,383.3,prod_185,2,191.65
d4594bd3-cce5-4a51-a345-0bc19fb74450,cust_396,2025-11-06T14:32:53.047621,227.94,prod_128,3,75.98
c1484f05-ef72-414a-8187-d28c8d5bf9b1,cust_1,2025-09-15T04:28:52.047621,213.36,prod_46,2,106.68
75208048-6db5-4a3e-b2d3-38ff85a326a1,cust_394,2025-04-15T18:09:57.047621,29.83,prod_59,1,29.83
8de8d6cb-74e8-4088-8830-0bab91401921,cust_310,2025-02-18T16:59:43.047621,16.48,prod_172,2,8.24
3c13880d-f5b3-4391-9e72-f9b55b791ffb,cust_475,2025-03-16T00:40:21.047621,90.48,prod_6,3,30.16
724557f7-ede4-43b6-88b3-711785a16959,cust_47,2025-12-03T15:59:46.047621,80.32,prod_64,2,40.16
a9201213-e2d6-4a30-9edf-aba876b9ab23,cust_53,2025-07-02T01:59:35.047621,120.99,prod_106,3,40.33
674bf51d-57d3-41dd-86a2-3bfc3f59aaf3,cust_255,2025-09-04T06:00:56.047621,395.07,prod_86,3,131.69
4c87d7b4-7410-40ec-8015-2de5c9469d86,cust_91,2025-08-26T01:57:32.047621,182.14,prod_130,1,182.14
a51c1ed8-5677-482f-9ec0-1c3cdcc29d6b,cust_124,2025-06-09T12:02:23.047621,115.24,prod_167,2,57.62
0edf2a4f-6929-4b68-9013-c150e8b91fc1,cust_155,2025-02-02T16:27:15.047621,131.54,prod_173,2,65.77
eecbba4b-8a9e-4ce3-971f-56b84cef66c6,cust_340,2025-08-10T02:51:54.047621,63.9,prod_82,3,21.3
6bfb3d66-8113-4a17-8f12-ffbeff43c8d3,cust_418,2025-07-13T06:43:07.047621,234.38,prod_18,2,117.19
c62083e5-5f8f-451b-98dc-6c6d5b516711,cust_333,2025-04-15T01:45:02.047621,90.6,prod_43,1,90.6
7dc7d39a-b475-498b-a17a-8662900ad675,cust_291,2025-08-18T10:01:18.047621,213.4,prod_92,2,106.7
83bee3f7-e006-4b97-89b2-a0c78e398ca8,cust_486,2025-09-06T13:25:05.047621,213.36,prod_44,2,106.68
ac8b0b66-c6d5-4f3f-8ba0-692d3f91a2e6,cust_433,2025-04-09T02:33:24.047621,188.0,prod_94,1,188.0
3e13060a-06dd-40e0-b346-99860074dcf8,cust_133,2025-07-04T20:13:28.047621,80.32,prod_64,2,40.16
2f55bc0e-e6ff-4812-b377-e881e953596d,cust_435,2025-12-26T13:10:29.047621,537.12,prod_146,3,179.04
eb7a75a1-8e7e-4c56-af6a-2dfa09695a74,cust_477,2025-11-26T23:12:11.047621,231.42,prod_161,3,77.14
98abb4f5-dd57-46e1-b348-fcef23bb1b58,cust_429,2025-02-13T10:16:10.047621,318.62,prod_28,2,159.31
b54aa02e-cd0e-4e60-aac7-c28275174c77,cust_145,2025-08-06T13:36:35.047621,90.32,prod_117,1,90.32
d47208b3-4eea-43b9-a108-5bd1f2f94165,cust_85,2026-01-11T20:18:52.047621,268.52,prod_5,2,134.26
aa81aa23-a6f3-4e16-9561-ccfe93705290,cust_406,2025-11-01T23:58:59.047621,96.99,prod_166,1,96.99
04ca9fc1-7d98-46d0-bd3d-6e9885bbb710,cust_370,2025-07-17T02:06:09.047621,56.62,prod_91,1,56.62
1543630b-25db-4fd6-a086-0d6875c266d8,cust_98,2025-08-26T20:51:27.047621,238.68,prod_49,2,119.34
8e110f4b-87ad-458c-b1ef-0be92e5daca9,cust_440,2025-03-09T20:37:28.047621,162.64,prod_4,1,162.64
faaeefc2-77cb-4876-9fa5-8841fff65314,cust_355,2025-11-04T16:04:42.047621,131.04,prod_27,2,65.52
7ab08b98-8523-4a1a-9e35-1033e70d08d6,cust_379,2025-09-04T05:53:55.047621,8.82,prod_158,1,8.82
97e0af5e-7923-4e53-91f2-850bdc7fd367,cust_404,2026-01-13T11:15:03.047621,316.26,prod_69,2,158.13
5bd907ea-925e-4f65-9856-8b2f83c4cb9f,cust_427,2025-07-28T00:49:29.047621,320.04,prod_46,3,106.68
6e4f67f4-0dab-4bbf-b57d-10cac67aeaa7,cust_248,2025-05-03T17:28:30.047621,77.14,prod_161,1,77.14
2a922b59-8f70-4832-ba48-b36716468889,cust_116,2025-09-07T21:20:00.047621,165.06,prod_192,1,165.06
a143776e-2d6a-473c-b794-47e345338eca,cust_72,2025-03-10T05:09:10.047621,266.14,prod_119,2,133.07
3dc97798-02c5-4671-a619-7f1e89af8887,cust_364,2025-06-18T09:37:43.047621,60.71,prod_168,1,60.71
e82613bc-c8e1-452e-85d2-7a9e48afbb07,cust_92,2025-05-21T05:13:25.047621,233.22,prod_84,3,77.74
bb56f917-1984-4e94-99ed-bb20d082cac3,cust_341,2025-06-10T05:43:10.047621,246.15,prod_129,3,82.05
a7e589cb-0a35-4ea9-9c86-90b312c5ce7b,cust_7,2025-10-18T11:34:04.047621,130.87,prod_36,1,130.87
4beaaf07-109f-4af4-8d86-5259bc95c025,cust_82,2026-01-26T04:03:06.047621,59.92,prod_13,1,59.92
914ae3e0-ca8f-4367-be5d-5f509c2f8fe9,cust_255,2025-08-04T20:05:07.047621,261.42,prod_124,2,130.71
cb6d21c9-8b6d-4df0-9584-a7f1e8ac50b9,cust_57,2025-10-26T09:12:40.047621,91.74,prod_137,3,30.58
15e4b109-ab94-425b-9c7a-265e33152f0d,cust_465,2025-04-05T12:21:50.047621,355.08,prod_153,3,118.36
b1b142c2-eb4a-44ed-905a-fc0395efff1b,cust_196,2025-12-28T10:51:15.047621,339.64,prod_9,2,169.82
d6f88444-913a-453b-b598-21c09c51641e,cust_251,2025-09-05T21:19:01.047621,230.28,prod_196,3,76.76
8e5d3a25-d3da-4f26-bb2f-df8dfc0f2827,cust_393,2025-04-10T21:56:47.047621,271.3,prod_38,2,135.65
2a269d65-5643-4601-9507-44dd128c847b,cust_405,2025-07-29T04:50:22.047621,161.34,prod_149,3,53.78
92a29f80-811f-475a-8db3-7e70d788911e,cust_473,2025-07-25T13:32:44.047621,195.8,prod_115,2,97.9
a8d4f794-a17b-4e92-8b96-bd79053f634e,cust_98,2025-11-13T14:01:35.047621,228.45,prod_87,3,76.15
347ffed6-cabe-4b20-96b7-aea7436427f9,cust_317,2025-02-06T15:22:29.047621,76.68,prod_183,1,76.68
3edd253e-64d7-4827-930d-97b2952f8445,cust_41,2025-02-12T07:21:11.047621,540.84,prod_193,3,180.28
b88818bc-e8aa-4860-8e43-7519d76d7376,cust_457,2026-01-18T22:20:46.047621,291.94,prod_20,2,145.97
9b85c670-5de3-4c7b-a2f7-d0d19d23681d,cust_206,2025-10-22T22:19:29.047621,161.34,prod_149,3,53.78
ab0594a2-8135-4bc5-addb-e313c85532e3,cust_236,2025-04-12T09:48:57.047621,320.04,prod_46,3,106.68
8b9a3dd5-af30-4014-95aa-a9cfb7d7ee52,cust_363,2025-06-29T00:27:01.047621,383.3,prod_185,2,191.65
1832afb8-ecd8-4d4a-a825-43a676e4d478,cust_62,2025-05-02T06:01:15.047621,330.12,prod_192,2,165.06
7e7321b6-62c0-4e69-b38c-3febe797975b,cust_71,2025-03-06T08:53:11.047621,46.27,prod_10,1,46.27
4c33eae9-ef5f-4b09-b1aa-02e29fd2c9cb,cust_162,2025-09-21T06:35:25.047621,77.58,prod_81,1,77.58
32f49a5f-22a8-41ac-9d3f-95701e163d15,cust_86,2025-04-07T20:31:32.047621,213.72,prod_191,3,71.24
9daffe4b-8fff-4037-9c6a-5f1667fffaa7,cust_412,2025-08-23T07:54:37.047621,146.94,prod_79,2,73.47
5d8f90fd-2b09-4efc-bf38-e67f4492f586,cust_284,2025-08-27T14:27:15.047621,196.56,prod_27,3,65.52
fdd30574-4077-4304-8124-63224affcc58,cust_69,2025-10-22T15:46:01.047621,119.84,prod_13,2,59.92
91e634e4-8ba5-4d2c-8c7b-6c54b5d6ea8e,cust_308,2025-02-21T22:40:50.047621,474.39,prod_69,3,158.13
96c19eaf-53f5-4d1e-a956-3d8541dffbe2,cust_242,2025-12-16T00:59:08.047621,158.26,prod_50,2,79.13
522ba748-9d01-4afd-8a20-90b192781e7d,cust_93,2025-02-13T09:06:29.047621,119.9,prod_103,1,119.9
3499bf5d-92b8-4f39-a159-60273a2d66b6,cust_457,2025-10-08T19:07:13.047621,89.41,prod_21,1,89.41
e957762d-a88b-4f1c-ad45-96419eeb698a,cust_199,2025-04-01T19:55:45.047621,495.18,prod_192,3,165.06
8b470ee5-8211-40f0-8782-84ad98d7636c,cust_155,2025-06-24T10:50:28.047621,474.39,prod_69,3,158.13
7a037bfe-09f1-481a-acf4-7ed59e08ba7c,cust_98,2025-06-27T17:30:22.047621,91.91,prod_105,1,91.91
1a3f745c-f31c-4091-a271-04b4de971c62,cust_167,2025-08-20T03:01:34.047621,180.72,prod_75,2,90.36
21ce0513-b27d-4e3c-bce4-f95e5965d0e2,cust_6,2025-04-25T21:18:59.047621,521.52,prod_40,3,173.84
e9501999-2cee-4e20-8ee2-f1a2cd82e4db,cust_437,2025-09-04T22:17:14.047621,362.98,prod_90,2,181.49
b6b071b3-787e-49b1-8e0f-1e7a2c8838e3,cust_257,2025-08-05T08:02:53.047621,555.84,prod_52,3,185.28
b0dca45b-8695-4af3-9796-cde60144bee6,cust_471,2025-12-01T16:33:11.047621,6.93,prod_60,1,6.93
b6f4042c-176b-42cd-8647-f7665796ef52,cust_173,2026-01-30T19:11:06.047621,89.49,prod_59,3,29.83
25212dc0-d9a1-4f63-a1a6-b16cb83c620c,cust_295,2026-01-10T08:56:40.047621,559.89,prod_2,3,186.63
5ed697d8-c111-41a2-9659-e729ebae786e,cust_176,2025-03-01T16:24:40.047621,103.17,prod_8,3,34.39
eb568acf-2bda-4e92-a579-c20cd58086f1,cust_348,2025-08-24T11:50:20.047621,165.39,prod_197,1,165.39
fcdc2360-c681-4aef-9c95-0ac75f52be3c,cust_423,2025-04-23T19:28:24.047621,309.92,prod_152,2,154.96
0e9daa56-6fe6-49ca-986d-0bac31370e72,cust_330,2025-03-28T19:19:28.047621,36.5,prod_182,2,18.25
825daf96-0eb6-4fba-980f-734718e3201c,cust_77,2025-05-24T16:54:30.047621,15.38,prod_141,2,7.69
88625363-cfc4-4cf5-b03b-11e3b2b7c899,cust_217,2025-10-10T11:13:47.047621,45.6,prod_186,1,45.6
f641196a-e931-4852-8f9b-05d72e0be187,cust_314,2025-02-02T10:12:02.047621,579.18,prod_25,3,193.06
24f5a12f-1bd9-4be8-b06a-bb764e3451e9,cust_334,2025-05-05T21:51:51.047621,140.67,prod_54,3,46.89
973fa51a-da13-4acf-a490-c1a97e901eb3,cust_205,2025-12-22T04:22:07.047621,493.56,prod_65,3,164.52
d4340bd8-f0c0-43d7-b634-1fb7edc506eb,cust_292,2025-05-02T03:05:15.047621,75.98,prod_128,1,75.98
fe0f9ebe-368d-4c9e-9b2e-9b8ddede8746,cust_59,2025-05-27T22:18:13.047621,83.8,prod_110,1,83.8
7b0a168a-702c-4084-82ac-43e450d5e5f4,cust_394,2025-03-31T02:44:19.047621,329.04,prod_65,2,164.52
721c5c20-7c1e-4781-aa14-aa11d7d3feab,cust_291,2025-02-07T03:34:51.047621,46.89,prod_127,3,15.63
e7ffd8b9-f8f8-4c72-9e16-5eb38ee68ae2,cust_364,2025-12-04T00:12:18.047621,298.8,prod_162,3,99.6
d0b244da-2768-48b0-8fa6-beff82fc61bf,cust_193,2025-11-13T08:41:00.047621,172.86,prod_167,3,57.62
8b7d942a-2a69-42e4-9daf-22400d42670e,cust_225,2026-01-05T06:42:33.047621,43.5,prod_139,1,43.5
7536ed9c-b495-4f13-84f6-317338391249,cust_93,2025-03-27T06:29:22.047621,203.18,prod_125,2,101.59
c6619b2b-45f5-4efb-aeb0-6bea8d964cc6,cust_247,2025-09-28T11:17:17.047621,224.04,prod_55,3,74.68
1503e7c6-965b-41d5-97a1-03f91e10326f,cust_121,2025-08-07T23:11:36.047621,370.32,prod_156,2,185.16
a32b926d-7d99-4f10-b522-b6569ff996a2,cust_410,2025-08-05T04:12:28.047621,106.7,prod_92,1,106.7
09cff283-669c-4f1b-be53-808abbb0edc4,cust_401,2025-05-08T11:10:25.047621,242.82,prod_109,3,80.94
cc6f0a8d-8b1b-41a9-96d3-b256555e6d8f,cust_152,2025-02-08T00:11:58.047621,169.8,prod_47,2,84.9
8ce16168-5f78-4bc5-a4bf-d6214afd1b82,cust_317,2025-10-17T15:42:55.047621,172.86,prod_167,3,57.62
1a49e600-9303-4401-9c45-25f4ea28f918,cust_338,2025-04-21T14:37:37.047621,487.92,prod_4,3,162.64
dd04ac39-0253-439a-be49-2db4023198f6,cust_499,2025-11-27T20:49:36.047621,180.72,prod_75,2,90.36
e155bcfb-b93d-4e6c-a9df-a8fd8a7033eb,cust_39,2025-04-10T06:28:03.047621,185.16,prod_156,1,185.16
7181a3d5-b4b5-4b51-81eb-5ab5d96a2d32,cust_144,2025-02-25T18:40:37.047621,158.13,prod_69,1,158.13
da0d2daa-fc8a-4546-b53b-38e5d8982751,cust_194,2025-11-14T14:12:32.047621,61.97,prod_29,1,61.97
d5c9d719-dad3-407f-9cea-9395b1f68262,cust_124,2025-06-15T18:35:53.047621,159.33,prod_23,3,53.11
03f527a1-ad91-4b42-8a83-f51ba13eee78,cust_101,2025-10-31T01:49:10.047621,158.13,prod_31,3,52.71
02dc28f0-c58d-467c-9d98-4c938cc2d9b9,cust_100,2025-05-17T02:03:28.047621,110.28,prod_174,3,36.76
c1c1c93d-73bf-4c3a-9e03-0050909de664,cust_159,2025-04-02T04:52:36.047621,461.46,prod_88,3,153.82
254bd94f-8b6a-43a0-9f64-44495615c794,cust_229,2025-04-04T11:15:30.047621,271.8,prod_43,3,90.6
103c383d-bb69-4636-9abe-6edcf8011bc4,cust_216,2025-07-01T03:03:51.047621,44.6,prod_68,1,44.6
52efef6a-90bd-4e61-a864-1bb269741320,cust_156,2026-01-17T18:18:43.047621,373.3,prod_154,2,186.65
a55d1799-0a6a-4dea-aceb-7e1f812c6816,cust_338,2025-09-04T20:23:56.047621,406.95,prod_38,3,135.65
08e36f66-34f4-47db-974a-86d5d7e82b3a,cust_43,2025-04-16T17:55:31.047621,150.72,prod_11,1,150.72
df7dca59-3cef-44d8-b9bf-91cebfd7e782,cust_387,2025-04-15T06:26:40.047621,215.68,prod_114,2,107.84
6a093223-a119-40de-a536-1f995251cfd5,cust_381,2025-05-31T09:00:30.047621,193.98,prod_166,2,96.99
1741a46d-9a8f-44b7-98c7-36f6cf7d9621,cust_114,2025-02-18T06:58:18.047621,143.12,prod_190,2,71.56
431dead8-799d-42b9-8edf-f9ec25827b66,cust_133,2025-02-03T08:43:57.047621,540.84,prod_193,3,180.28
bb035541-c83d-460d-a267-76abdb70f977,cust_481,2026-01-04T21:36:21.047621,235.14,prod_41,3,78.38
2e50927e-e077-43b6-92e3-cd984786c40b,cust_339,2025-06-09T19:34:41.047621,409.29,prod_17,3,136.43
694ee1d4-1d3d-49e9-8dc2-e8bac6cedf81,cust_168,2025-12-28T05:50:39.047621,42.6,prod_82,2,21.3
5551ee3c-a271-4a6f-b063-54628bad8436,cust_85,2025-03-26T23:19:52.047621,58.32,prod_165,2,29.16
4d1a803f-db7f-4484-9547-7dd28b2e542f,cust_61,2025-06-18T00:38:28.047621,53.3,prod_93,1,53.3
c35b8a11-c4e3-4e35-892e-8bde72e51e5c,cust_425,2025-05-10T10:56:06.047621,130.71,prod_124,1,130.71
585ac0b7-37fd-4062-b2fe-deeab5eed9a0,cust_482,2025-05-30T02:12:03.047621,90.32,prod_117,1,90.32
32fd4403-aa8c-41f6-b9d9-47cb416ead5b,cust_409,2025-05-25T20:42:39.047621,97.9,prod_115,1,97.9
69436bd8-10bc-4d49-9871-f2db6cc33fcd,cust_329,2025-12-07T05:26:12.047621,43.5,prod_139,1,43.5
0cac2c44-3ad3-4e14-8856-fdacb1aa0070,cust_225,2025-05-12T05:34:21.047621,25.63,prod_121,1,25.63
2644bb14-8b28-4bc9-9360-12511002c68b,cust_495,2025-05-06T04:14:04.047621,23.07,prod_141,3,7.69
debb867e-34fb-4d23-b833-2a2eff2a29d0,cust_323,2025-11-02T00:57:18.047621,160.78,prod_34,1,160.78
c37261b9-953b-4ac5-96b3-781c117e7b7c,cust_206,2025-07-07T23:09:53.047621,94.15,prod_134,1,94.15
fa0a79be-2ce0-4bbf-8896-48cf8b5e034a,cust_326,2025-09-22T08:04:38.047621,96.99,prod_166,1,96.99
055bc04c-20c6-4cee-be6d-f6612f89c0ff,cust_428,2025-02-02T21:32:55.047621,215.68,prod_114,2,107.84
0916aeb9-20cc-4928-b93f-14673983c2e2,cust_229,2025-05-21T20:15:59.047621,84.9,prod_47,1,84.9
edb94b96-b382-4225-96be-fad38b40014e,cust_375,2025-10-13T19:39:45.047621,186.63,prod_2,1,186.63
0f8cfae6-3aab-437b-9789-7b682eded221,cust_366,2025-04-11T10:12:24.047621,122.43,prod_144,3,40.81
b58d75bd-cf97-4976-a810-7afaee39f1ab,cust_48,2026-01-09T12:20:09.047621,374.76,prod_148,2,187.38
ecc87d5d-ea6e-4038-9738-2d867ff4f1c2,cust_27,2025-04-27T10:39:45.047621,405.12,prod_175,3,135.04
cc3756f8-9ae0-4b8c-9272-89efd9cc42d6,cust_266,2025-08-25T14:25:21.047621,507.9,prod_188,3,169.3
771301fc-07cd-4f26-9a5a-d107750ea9cc,cust_378,2025-07-25T10:31:10.047621,183.82,prod_105,2,91.91
14579379-4ecb-40b6-8fa1-371eb5eab1a7,cust_244,2025-04-15T21:29:33.047621,496.17,prod_197,3,165.39
da647795-bd39-4838-b705-44f15c529c65,cust_425,2025-09-24T10:43:02.047621,107.84,prod_114,1,107.84
3feea758-8dc8-46aa-9e2d-3acc7b0085b8,cust_310,2025-07-09T09:48:21.047621,123.42,prod_73,1,123.42
ddadc387-3f0b-484e-b5e7-ba5532d2d04b,cust_244,2025-10-26T23:34:47.047621,142.48,prod_191,2,71.24
6cbf9e1f-eede-460e-8eae-fbaedf8acb48,cust_128,2025-12-16T15:57:53.047621,131.04,prod_27,2,65.52
7cc76e07-7d30-4702-98bc-aee81391ae56,cust_395,2025-10-14T11:27:33.047621,77.74,prod_84,1,77.74
9d93aeeb-14a9-4a1c-b356-5fe3d9cd2de3,cust_46,2025-09-28T06:38:12.047621,308.52,prod_189,3,102.84
1c6f78d0-cfb5-4bd9-a1ff-e45d69d98694,cust_123,2025-01-31T16:48:47.047621,172.86,prod_167,3,57.62
57da726a-17b2-4127-aef9-4741b1871549,cust_13,2025-03-26T10:23:07.047621,493.56,prod_65,3,164.52
67eacc88-9fc9-4fac-83b7-b5c4b8cf3df5,cust_489,2025-03-28T08:50:10.047621,45.26,prod_138,2,22.63
01b69996-b56b-45cd-bf5a-be8a4f5e4286,cust_203,2025-09-16T09:52:36.047621,207.74,prod_126,2,103.87
958f26ba-6b51-45fd-beac-22ef813e30b0,cust_133,2025-09-04T07:46:30.047621,487.92,prod_4,3,162.64
7dac9c13-02bd-40da-99b5-3f61595f0906,cust_230,2025-08-05T04:57:08.047621,155.75,prod_177,1,155.75
c109394c-05ad-46fb-9210-a316fe62078c,cust_495,2025-03-06T07:37:42.047621,192.99,prod_131,3,64.33
dd4798e1-74e6-4d22-b0d0-580b2d3ad39b,cust_438,2025-09-27T07:38:04.047621,256.98,prod_58,2,128.49
46963880-b8f2-41cb-8d33-3c9ed710ae81,cust_85,2025-07-20T19:41:06.047621,13.86,prod_60,2,6.93
58038fdf-6cdd-4597-a6db-829308b03078,cust_255,2025-08-12T13:55:24.047621,48.79,prod_100,1,48.79
19c772dc-44b5-4cee-be70-9b87ae1dcc1a,cust_5,2025-08-18T12:17:21.047621,40.81,prod_144,1,40.81
20b10e0f-571f-45c6-9b83-98cc37afa0dc,cust_127,2025-07-07T02:20:54.047621,215.62,prod_57,2,107.81
8a7c5607-c9c6-414f-9d9f-7a6751cc86c7,cust_419,2026-01-21T07:46:29.047621,194.04,prod_97,2,97.02
3dd5939d-0964-46f6-ad10-ff5287880bb9,cust_401,2025-06-21T06:42:40.047621,8.24,prod_172,1,8.24
db039e3d-3def-4653-92cc-69030b0f25c8,cust_365,2025-07-07T00:55:46.047621,105.42,prod_31,2,52.71
813d0371-f930-4158-b4ab-3aae206b0e34,cust_331,2025-03-02T07:36:01.047621,8.82,prod_158,1,8.82
caa46e6b-ab1a-4f47-afb1-26ace60fb293,cust_417,2025-03-31T12:48:50.047621,564.0,prod_94,3,188.0
c37d4bcf-238d-45a5-a3fd-123d7e799b17,cust_323,2025-05-21T14:31:57.047621,244.98,prod_178,3,81.66
df4a1c15-0af8-4a6e-aeba-707e53cee5f2,cust_262,2025-08-14T15:23:36.047621,153.36,prod_183,2,76.68
e2bbca24-28bd-4a6c-979b-c255047abfb0,cust_356,2025-12-07T21:24:41.047621,29.29,prod_98,1,29.29
65835f25-6521-4c85-987c-5a4938680070,cust_253,2025-09-12T07:57:49.047621,179.72,prod_51,1,179.72
55c1a2dd-a731-4bc0-b3b8-1140161f33c6,cust_498,2025-12-24T06:58:51.047621,121.68,prod_133,1,121.68
c545f8f5-bf69-41e1-8206-aea340809be4,cust_457,2025-02-18T14:15:40.047621,78.38,prod_41,1,78.38
b7ce36bb-9f59-4c98-9b05-6ea53c3e33c7,cust_500,2025-11-25T12:12:43.047621,130.71,prod_124,1,130.71
edf08122-b1e3-4da3-8c86-b0fb40fa2f0f,cust_469,2025-06-24T23:56:01.047621,351.57,prod_18,3,117.19
764a5cea-47db-4039-8f50-e05ad0f6c553,cust_110,2026-01-24T00:30:42.047621,80.66,prod_106,2,40.33
321c468c-391a-40d0-bb05-81fe0dbd6c3e,cust_364,2025-10-28T05:34:01.047621,120.86,prod_7,1,120.86
4b19533c-4a77-4a58-b4a8-f1ff3ad09a72,cust_342,2025-07-17T00:46:52.047621,540.9,prod_33,3,180.3
63d12b79-0f07-4392-b461-bfa5f615203c,cust_471,2025-12-12T16:10:01.047621,134.26,prod_5,1,134.26
7ae9453c-36a6-4111-99e4-f83bf8154286,cust_350,2025-08-21T06:32:09.047621,68.43,prod_145,3,22.81
ee35759d-9a11-4625-a5c6-b87c40e3f8c9,cust_228,2025-04-25T15:39:00.047621,38.81,prod_16,1,38.81
2c6ff49b-0f0c-4733-ba9d-17622a7dbdc8,cust_346,2025-03-03T13:16:38.047621,318.62,prod_28,2,159.31
20d336aa-9f6a-46f5-bdc2-39e15b5a578b,cust_464,2025-02-01T22:36:11.047621,71.55,prod_169,1,71.55
5324aada-750b-4c95-9e72-9946f4cc1cc6,cust_431,2025-09-30T03:29:56.047621,81.66,prod_178,1,81.66
4313e3c9-9a68-4618-8fc3-fd8325fb02ee,cust_77,2025-08-30T00:13:17.047621,76.68,prod_183,1,76.68
a8824ed7-39b2-4d38-98bf-8349a11ac67d,cust_246,2026-01-11T11:18:46.047621,123.92,prod_181,1,123.92
ec540f78-724f-481d-b9b4-eb4cbd90c65e,cust_423,2025-03-25T16:39:27.047621,6.93,prod_60,1,6.93
4eaaeb1c-2183-4d66-989b-334277c4e5d1,cust_3,2025-03-11T20:43:58.047621,42.6,prod_82,2,21.3
42c3e73d-c9e7-40b8-bdc8-4e5dedbc821a,cust_83,2025-06-10T18:52:12.047621,246.15,prod_129,3,82.05
281d2c7e-aa1f-46b0-975a-ed2d634f4496,cust_421,2025-07-30T04:02:00.047621,31.26,prod_127,2,15.63
fd74cfc2-aac1-42f2-a0de-5b77992c7643,cust_402,2025-05-08T08:21:37.047621,448.14,prod_24,3,149.38
e6fb0839-d7b7-4f06-a257-f690477f6212,cust_178,2025-11-16T10:17:05.047621,199.05,prod_1,3,66.35
161636c9-ace2-464d-ad1b-e36b040c69a4,cust_354,2025-03-26T09:17:06.047621,60.71,prod_168,1,60.71
5ebaef3b-8490-4f73-92d1-639c649a24bd,cust_9,2025-05-19T14:27:14.047621,34.39,prod_8,1,34.39
5f2290cb-7afe-49f6-863d-8515083cd189,cust_463,2026-01-10T22:17:44.047621,140.76,prod_39,3,46.92
a1c4d02f-98e5-4f84-aa84-01b47c9771f4,cust_355,2025-08-29T03:01:16.047621,228.45,prod_87,3,76.15
798c6a41-0c8d-4baf-9e70-6b5f0c40c747,cust_430,2026-01-04T22:16:31.047621,88.58,prod_194,2,44.29
cdfee6ae-ffc4-4671-814f-02863ed5e264,cust_263,2025-12-28T10:28:25.047621,78.24,prod_22,3,26.08
ad26cb38-13ef-4b07-9635-5f97a66102f3,cust_460,2025-05-07T14:29:10.047621,271.8,prod_43,3,90.6
3986de5f-55d4-41d4-af87-85d46be3997f,cust_199,2025-12-25T19:22:09.047621,325.28,prod_4,2,162.64
6fa26ae3-5c8d-4b7f-bf12-a22bec9cf3f6,cust_20,2025-04-22T10:09:14.047621,143.1,prod_169,2,71.55
6fd03220-5ef1-42eb-865e-a0831d33b9a2,cust_483,2025-05-17T04:30:50.047621,25.63,prod_121,1,25.63
9b64988f-a42c-4297-afcf-b4433a40b340,cust_333,2025-02-02T21:53:53.047621,160.78,prod_34,1,160.78
b490db28-315a-41d7-bebc-50cb2dd994e3,cust_462,2025-12-03T17:59:41.047621,169.82,prod_9,1,169.82
21f306d0-036f-4e8c-a4b8-57d3d0dbec9a,cust_32,2025-08-13T13:32:46.047621,18.25,prod_182,1,18.25
59cfacb9-3403-4dab-a8b3-45396ba4ec87,cust_405,2025-06-26T11:56:01.047621,360.56,prod_193,2,180.28
0cefe262-2bda-4469-aaf9-53e19047e358,cust_68,2025-05-27T04:03:53.047621,186.65,prod_154,1,186.65
60401833-e145-43e9-b109-bd56267f1a92,cust_475,2025-11-26T06:09:21.047621,158.72,prod_136,2,79.36
739fd5d4-9e69-4c5a-85b9-7b7b6308b645,cust_353,2025-04-27T18:20:36.047621,93.84,prod_96,2,46.92
1e117460-14cd-462d-8812-4cceeefe08ea,cust_438,2025-03-13T02:07:32.047621,555.84,prod_52,3,185.28
4ec26ef1-35a8-4d17-8d6b-fbd84589e76c,cust_232,2025-03-17T14:48:10.047621,7.69,prod_141,1,7.69
b504ac20-530e-42dc-9055-6ee43075b340,cust_312,2026-01-23T03:58:51.047621,461.46,prod_88,3,153.82
a045510f-7ba9-465b-bed9-fae7bce30a8f,cust_31,2025-08-19T09:04:33.047621,53.11,prod_23,1,53.11
8adb8570-e809-4322-8140-3088920753ee,cust_375,2025-05-27T17:15:02.047621,89.49,prod_59,3,29.83
d25349e4-7f37-444a-bca0-2d4f604b166d,cust_326,2026-01-14T07:55:56.047621,409.29,prod_17,3,136.43
f26a7ea3-3e83-4c3c-8237-097b0a30ac3f,cust_291,2025-02-09T05:30:04.047621,376.05,prod_77,3,125.35
4b7530eb-0a10-46c0-968e-e2b79e8c11a7,cust_339,2025-04-02T00:22:36.047621,149.38,prod_24,1,149.38
1fcd8356-d094-43d8-b0a8-b2fa982a68b6,cust_227,2025-04-16T10:51:32.047621,76.7,prod_35,1,76.7
df9bb6e8-24fe-4fd3-a356-d1cc0185f72a,cust_105,2025-05-02T19:59:25.047621,64.33,prod_131,1,64.33
cd0bdf38-6cec-4cb7-b9aa-4d9d01c63bc3,cust_61,2025-08-24T11:30:07.047621,238.68,prod_49,2,119.34
08119e80-f694-4d72-b40f-776d57080c2f,cust_437,2025-09-01T04:14:34.047621,179.72,prod_51,1,179.72
dc021a6b-1163-457f-a0e4-7dda2eaef37d,cust_132,2026-01-18T22:11:07.047621,118.36,prod_153,1,118.36
3167c42f-781c-4225-b99e-68c813b34f75,cust_185,2025-11-21T01:31:55.047621,204.62,prod_198,2,102.31
06d76229-c117-423b-b58a-8a7120bb8748,cust_396,2025-10-13T17:29:21.047621,93.84,prod_39,2,46.92
2ce5d0f2-b1f2-466f-8bf3-19c4d78fe023,cust_410,2025-09-02T12:29:00.047621,205.68,prod_189,2,102.84
2c02c77f-2436-49da-8c3c-ac364e0af794,cust_98,2025-04-08T15:30:13.047621,177.23,prod_164,1,177.23
39766d02-b41b-4b98-8b6a-1df89d5ba9a9,cust_497,2025-02-24T10:02:17.047621,45.26,prod_138,2,22.63
564640fa-d0f9-4551-b4d6-72f266c9a477,cust_85,2025-09-28T09:53:01.047621,132.69,prod_159,3,44.23
a4cab431-926e-4d8e-b4ad-d820e512f0aa,cust_68,2025-02-03T15:14:37.047621,101.18,prod_83,2,50.59
b488a5ab-db0e-4041-8d65-3b44ef3f3cab,cust_161,2025-05-05T22:56:11.047621,531.69,prod_164,3,177.23
432c4f9d-87e9-4eea-a82a-8e8f5af5ec0d,cust_312,2026-01-01T10:40:52.047621,155.75,prod_177,1,155.75
7ccee97b-24ba-46ad-9ff3-f9760b51c83b,cust_299,2025-08-03T10:16:45.047621,298.76,prod_24,2,149.38
5f2bbcc7-840d-4f70-aee5-335fa10d6eae,cust_49,2025-08-07T07:59:21.047621,130.5,prod_139,3,43.5
a54730ac-a7d6-4f0a-8318-99acad6c6838,cust_462,2026-01-08T07:59:23.047621,78.54,prod_163,2,39.27
596c72d2-e6c4-4438-8919-fd2bab793780,cust_368,2026-01-09T10:10:52.047621,90.36,prod_75,1,90.36
9cec3eed-ceda-45a6-a3f2-9d20dfa7b8b0,cust_140,2025-03-11T15:48:47.047621,328.32,prod_101,2,164.16
1a080acb-0c50-4a1a-ac11-f05a1879dd7c,cust_6,2026-01-04T17:09:25.047621,325.28,prod_4,2,162.64
39345167-b0c3-4654-a8a9-54d2372a21ce,cust_140,2025-03-09T06:19:33.047621,174.7,prod_3,1,174.7
8e489a0f-0dca-4fd1-81e7-69a47e066cb7,cust_472,2025-06-25T14:13:37.047621,243.36,prod_133,2,121.68
bde57efe-5588-462e-bb3d-4412fe6cde34,cust_189,2025-08-20T05:55:32.047621,254.7,prod_47,3,84.9
b49613fc-f03d-4c20-85cb-fa77f6b7c305,cust_492,2025-10-17T05:29:06.047621,539.55,prod_74,3,179.85
85f5055f-2ad5-400b-b0aa-eaffe5ee28f3,cust_21,2025-11-28T02:55:12.047621,317.86,prod_48,2,158.93
62226e68-f270-4a0a-af00-55dd07c637db,cust_175,2026-01-30T08:19:42.047621,491.34,prod_15,3,163.78
dfae9768-c0f8-4817-956d-750c4d0e1104,cust_304,2025-04-12T21:29:17.047621,91.63,prod_184,1,91.63
c51d320f-5abd-4d5f-befc-c0a2923408c9,cust_64,2025-09-13T20:32:41.047621,165.16,prod_179,2,82.58
848a1b3e-9df9-46f7-b1eb-25b7ff36ae75,cust_88,2025-12-20T15:01:14.047621,91.68,prod_160,2,45.84
11aacea9-402e-4e56-90fc-49d733060a7d,cust_188,2025-09-18T17:10:36.047621,371.52,prod_147,3,123.84
59de14be-227f-41c4-b7f6-f128ffa39d10,cust_230,2026-01-24T07:39:20.047621,12.67,prod_113,1,12.67
279f5da4-410c-4554-b0d4-5ee4f44b7d56,cust_258,2026-01-22T01:55:50.047621,90.36,prod_75,1,90.36
2c760488-519d-4164-9324-802982014abd,cust_324,2025-12-09T13:19:48.047621,354.46,prod_164,2,177.23
b5492033-31e3-48c6-b2c0-3e8315f1fc49,cust_486,2026-01-02T18:51:43.047621,86.81,prod_123,1,86.81
3d3ad300-9c5e-48e3-be30-d5f2a02df985,cust_43,2025-02-06T15:06:15.047621,38.81,prod_16,1,38.81
49f378cc-0a5c-457c-8d43-ffa61e79021a,cust_325,2025-02-05T21:30:17.047621,251.76,prod_95,3,83.92
ade73971-78af-4937-a04c-3876fab7514e,cust_286,2026-01-27T19:05:47.047621,172.14,prod_30,3,57.38
ab21fd85-242d-4604-a26a-2ba28e2c8a82,cust_71,2025-06-29T11:23:31.047621,541.86,prod_56,3,180.62
968c0a52-120d-4d0d-b083-15261b964a21,cust_139,2025-08-25T03:24:32.047621,180.64,prod_117,2,90.32
fe890c54-5f01-413b-8b6e-335afdac5242,cust_280,2025-10-30T07:03:23.047621,507.9,prod_188,3,169.3
ea8b1f3c-15a0-406e-9b46-fe8e91deea13,cust_459,2025-07-25T13:23:01.047621,291.94,prod_20,2,145.97
b3fbedb3-b8aa-4f6e-b82a-3b0cb1bfa199,cust_377,2025-06-06T21:17:51.047621,120.99,prod_106,3,40.33
a5d352cd-cd1d-4fbd-a238-4764c25332e2,cust_110,2025-07-31T09:16:11.047621,125.35,prod_77,1,125.35
30343d85-b40e-4896-83ce-af824c93483c,cust_270,2025-12-15T20:51:24.047621,40.67,prod_53,1,40.67
e9be42c9-7a13-4b16-831d-35cc88cf1d02,cust_24,2025-04-02T10:46:18.047621,102.84,prod_189,1,102.84
fc4cdb6e-8323-4616-87a8-efde0918f672,cust_157,2025-11-23T10:34:49.047621,54.75,prod_182,3,18.25
e31dcdb3-de3a-4205-b14d-3307515d70b9,cust_440,2025-05-15T19:21:17.047621,46.92,prod_96,1,46.92
ff0cfc27-6fdb-4617-8e5f-039c2dfa5832,cust_340,2026-01-27T12:59:36.047621,360.56,prod_193,2,180.28
762df5b5-e145-4de7-9c2a-9f0a02c68dc1,cust_88,2025-03-15T21:02:29.047621,461.82,prod_80,3,153.94
434c50a3-9ecd-4ef2-b342-143d0ac539ae,cust_392,2025-11-10T22:31:12.047621,119.9,prod_103,1,119.9
c8c492c4-2438-4695-8374-3ce4068a9912,cust_3,2025-07-08T20:13:53.047621,406.95,prod_38,3,135.65
98d79ba9-edf0-4341-bb60-88851df2c6d9,cust_42,2025-11-03T11:49:17.047621,243.36,prod_133,2,121.68
6020beac-d19c-471e-b8be-ee2c26303b89,cust_391,2025-05-07T09:31:03.047621,270.08,prod_175,2,135.04
5fd9d16a-6fd9-4067-8a90-97da126c8501,cust_51,2025-08-14T02:19:34.047621,360.81,prod_122,3,120.27
36d1f675-8865-4389-b923-f603357ac0a4,cust_273,2025-11-28T12:16:01.047621,439.59,prod_99,3,146.53
3ac702cf-e787-4060-8bb8-5c397e5cd090,cust_102,2025-10-27T09:37:23.047621,77.62,prod_16,2,38.81
1bb6a7aa-00e7-4d91-a274-5277a2391886,cust_195,2025-12-11T02:29:08.047621,304.77,prod_125,3,101.59
80689eb0-3a61-4c5f-8866-f0381963dc26,cust_69,2025-05-20T03:25:23.047621,169.82,prod_9,1,169.82
6335ed02-327d-4704-8a81-42f6ae987e09,cust_178,2025-03-31T01:58:37.047621,167.67,prod_135,3,55.89
4012557c-976f-47b2-8482-6572fb8189c3,cust_36,2025-12-11T08:26:44.047621,22.6,prod_45,2,11.3
4c81aff2-0059-4430-a3c1-ba1b9938f2dc,cust_330,2025-09-19T09:12:15.047621,562.14,prod_148,3,187.38
6d322f5d-90b9-4093-b303-8692775fa13c,cust_97,2025-04-22T17:38:50.047621,370.26,prod_73,3,123.42
86b4c0a8-a37f-4b26-9872-1d058fce05d6,cust_110,2025-05-24T16:25:44.047621,88.58,prod_194,2,44.29
868abc4e-983d-40f7-88c7-571c6bb947b4,cust_386,2025-05-18T16:58:59.047621,52.16,prod_22,2,26.08
606d68a0-5be1-44c9-a22d-275a77df51c3,cust_150,2025-07-01T15:04:42.047621,492.48,prod_101,3,164.16
273c82f7-0369-486e-a8bd-4baba81c5dc6,cust_117,2025-04-10T02:41:44.047621,26.46,prod_158,3,8.82
bfbeece4-770e-490f-a3e7-284d0d0239f7,cust_37,2025-02-10T08:07:21.047621,93.68,prod_108,2,46.84
1a9d01ff-21b3-483e-a23d-c451e4cf3281,cust_60,2025-02-24T16:04:12.047621,180.64,prod_117,2,90.32
e4219a68-30a3-4648-9edf-a161edf290cb,cust_437,2026-01-11T00:03:16.047621,93.84,prod_39,2,46.92
134ca1be-f49f-42e0-8128-6ed47cec5fd2,cust_354,2025-12-08T13:44:43.047621,61.97,prod_29,1,61.97
92e0a70e-fee5-45b6-8500-3d6cc0c84f68,cust_14,2025-05-08T17:42:16.047621,132.87,prod_194,3,44.29
bb7f665a-dcbf-4525-8d61-8a94d127cc72,cust_430,2026-01-28T01:02:57.047621,152.3,prod_87,2,76.15
7c768f36-2bf3-4f53-99d2-6c77215271e9,cust_32,2026-01-03T04:08:04.047621,481.56,prod_157,3,160.52
11031992-2c63-4f00-84c4-eb6e28c31a20,cust_85,2025-03-10T00:42:23.047621,402.78,prod_5,3,134.26
d5379218-4c08-4b36-b9a1-2d6289a6c0ad,cust_188,2025-05-10T07:17:42.047621,52.16,prod_22,2,26.08
1706cb0d-f3ab-4fb5-8dfa-c01af954b459,cust_252,2026-01-27T04:50:30.047621,92.54,prod_10,2,46.27
a8c4d728-58d9-4376-b250-8adaf543bbc1,cust_329,2026-01-19T21:53:01.047621,259.86,prod_32,2,129.93
c108330e-eac1-4645-855f-807d08b1ee48,cust_375,2025-07-31T11:24:53.047621,461.46,prod_88,3,153.82
72aa8f6a-126e-4cf4-8f2e-9ff516c612ed,cust_392,2026-01-21T19:30:27.047621,256.98,prod_58,2,128.49
f391e1f9-6b1a-45ec-8cc6-a472dcd7b689,cust_220,2025-02-12T11:34:00.047621,191.65,prod_185,1,191.65
f92cf25c-998d-44d2-929b-db3de914c362,cust_37,2025-11-06T18:23:25.047621,76.15,prod_87,1,76.15
588e39fc-45b5-4e05-91ec-eefa05e74c97,cust_492,2025-08-20T14:12:31.047621,521.52,prod_40,3,173.84
42eb775f-b738-4554-883d-acaeed227cc5,cust_315,2025-10-10T20:39:28.047621,173.84,prod_40,1,173.84
9c0ad742-037b-4a50-8a72-99de39243e54,cust_183,2025-03-24T06:55:05.047621,385.47,prod_58,3,128.49
8ca1e0c2-591c-4cc4-9bc9-c8249dee2d1d,cust_8,2025-08-02T08:10:17.047621,67.96,prod_116,2,33.98
64ce7345-4d9a-4f50-9b12-8a1f21e1e49c,cust_83,2025-06-25T10:19:33.047621,40.67,prod_53,1,40.67
7c0d9eb4-6441-4d75-ba62-754916b30ba6,cust_130,2025-12-23T08:12:06.047621,62.46,prod_76,3,20.82
9dbfa38a-aba6-4126-81b4-93b92f608906,cust_412,2025-04-02T03:28:43.047621,197.31,prod_173,3,65.77
6904f9bb-0060-4699-808e-33bc0920f9de,cust_15,2025-04-26T04:28:14.047621,45.26,prod_138,2,22.63
74463f6c-023c-43f5-a7d8-3093e1177512,cust_261,2025-03-05T07:23:58.047621,133.07,prod_119,1,133.07
1ee679e2-19dc-41be-ae2c-b1f94b9d1d31,cust_135,2025-04-23T03:43:49.047621,192.99,prod_131,3,64.33
f49ad4d7-6f52-47cb-9407-ac72673f4f57,cust_127,2025-11-20T14:45:15.047621,165.16,prod_179,2,82.58
3085ac8b-41b2-4eec-ba71-473ca2e7c150,cust_464,2026-01-27T15:04:46.047621,559.89,prod_2,3,186.63
8098c6df-5c30-4ef9-ac99-22fa475da998,cust_377,2025-11-30T17:25:00.047621,167.84,prod_95,2,83.92
6400f0e1-d35c-402c-acef-06f34a00bfa5,cust_253,2025-12-23T07:22:26.047621,301.44,prod_11,2,150.72
3638b43b-d91d-4fe4-bc23-56994c3ba4f4,cust_22,2025-04-27T04:50:04.047621,358.08,prod_146,2,179.04
e9aa2bd2-08a2-495e-a429-5167ae29096d,cust_101,2026-02-01T01:48:30.047621,90.32,prod_117,1,90.32
4cd3144d-959a-4571-b71a-dd962557b535,cust_259,2025-02-05T16:07:08.047621,20.82,prod_76,1,20.82
20de68bf-aa44-40c6-a6b3-5a0df5f5781c,cust_451,2025-09-22T10:44:01.047621,436.86,prod_12,3,145.62
88110ea6-db0c-403a-89b0-09985c45eda7,cust_2,2025-03-31T15:20:06.047621,171.78,prod_155,3,57.26
c1f0b1db-9731-4c4b-86db-6fecab3233ed,cust_88,2025-03-03T01:13:59.047621,76.76,prod_196,1,76.76
f412704e-6fd4-4c6e-be39-57aa2c894672,cust_153,2025-11-06T12:01:17.047621,228.45,prod_87,3,76.15
59f7dff4-5e80-4793-b639-745ec8625395,cust_359,2025-06-16T18:46:49.047621,47.8,prod_180,1,47.8
f698a5bb-f5da-485e-a6a4-6f9caa8b96e4,cust_457,2025-09-07T07:33:13.047621,574.23,prod_26,3,191.41
5a567a17-4353-41be-b046-2d59b4b8d9b9,cust_10,2025-09-30T17:29:46.047621,217.47,prod_71,3,72.49
68403ea5-ee77-4977-bf83-4c728153a0f5,cust_168,2025-10-09T03:22:24.047621,165.39,prod_197,1,165.39
4e7eb42a-1dab-467d-9579-df23d43f5bef,cust_89,2025-04-20T09:58:20.047621,117.81,prod_163,3,39.27
33dcc7ed-1396-440b-bd0c-767cb2bf74bf,cust_313,2025-08-14T13:50:13.047621,137.52,prod_160,3,45.84
f846b518-4c93-4b54-9aaf-356fda9a6780,cust_159,2026-01-24T20:06:30.047621,524.1,prod_3,3,174.7
a7a9a176-ab5a-49cc-ad79-0b538256931d,cust_100,2025-10-28T17:51:30.047621,544.47,prod_90,3,181.49
51d250dc-ba6a-4d2b-8be4-f0e3d8613f49,cust_397,2025-08-13T03:25:34.047621,20.79,prod_60,3,6.93
e3e187b0-9392-4a7b-9655-0a51c74084a3,cust_28,2025-07-15T11:11:50.047621,273.45,prod_102,3,91.15
3223f548-bf28-4f58-9a8a-cda49fa72dcd,cust_316,2025-05-28T00:01:07.047621,271.8,prod_43,3,90.6
66428f20-a0cb-49a6-b966-e64ec4ec19d5,cust_405,2025-07-26T13:55:18.047621,159.31,prod_28,1,159.31
fde10f9d-fb1c-4a9b-9965-3a65058b8eb1,cust_12,2025-09-13T02:41:56.047621,327.56,prod_15,2,163.78
a94b1ac5-710e-4f6c-b79e-1a267e23f386,cust_5,2025-03-31T14:05:30.047621,106.68,prod_44,1,106.68
8d37e3ea-c829-44da-9f96-ec1bea56ce81,cust_66,2025-03-26T05:05:39.047621,330.12,prod_192,2,165.06
2353ed5e-14d3-4333-832d-8a6897a28346,cust_195,2025-04-07T16:57:57.047621,151.96,prod_128,2,75.98
dcb36a9f-c69a-4c5e-a929-a83dea80830e,cust_37,2025-06-01T15:10:57.047621,83.37,prod_111,1,83.37
fb1911c6-afdb-42b4-8710-48a726c8457f,cust_2,2025-10-05T13:41:24.047621,120.48,prod_64,3,40.16
0a363402-69d3-4690-bf73-f6301a1d0758,cust_97,2025-08-28T00:12:31.047621,268.52,prod_5,2,134.26
3ba8e04e-36b3-4c5a-9222-333c2cb260f5,cust_383,2025-08-01T11:53:49.047621,90.32,prod_117,1,90.32
2e1b5218-c1b1-4314-9192-343029a71f2f,cust_218,2025-03-07T07:41:24.047621,33.98,prod_116,1,33.98
bc6662b1-09cc-48a2-8917-75fcd7602459,cust_39,2025-06-23T06:40:44.047621,40.67,prod_53,1,40.67
90fa62cd-d641-449d-9b0a-35ac67a2e39e,cust_464,2025-04-14T22:07:12.047621,57.62,prod_167,1,57.62
cb675388-d7ce-4296-acd1-ef1d590f8043,cust_277,2025-10-20T18:44:55.047621,140.67,prod_54,3,46.89
4fa07924-86a7-48d3-a7c3-4b93879f7693,cust_41,2025-12-16T03:02:52.047621,91.68,prod_160,2,45.84
48f6463d-930a-4b8c-8516-d4601746930a,cust_76,2025-11-14T11:07:02.047621,33.9,prod_45,3,11.3
57f43619-3723-470a-a1e5-218a42f7a35b,cust_154,2025-10-04T16:42:45.047621,215.68,prod_114,2,107.84
160c81fc-6714-4886-8f37-a376ead77d56,cust_440,2025-12-02T17:17:40.047621,140.52,prod_108,3,46.84
47fc0ba5-da45-4d56-a0ba-3766207a8aef,cust_349,2026-01-13T00:38:43.047621,64.33,prod_131,1,64.33
912f5711-7e59-4539-9f38-3337a1280eb1,cust_125,2025-10-12T08:01:28.047621,301.44,prod_11,2,150.72
a4c15582-13a6-4fa0-b6d3-ad1955263bae,cust_107,2025-11-19T14:02:22.047621,52.16,prod_22,2,26.08
6acc533f-7c59-4451-a8aa-e625915d7d53,cust_136,2025-02-06T13:29:42.047621,199.2,prod_162,2,99.6
9e3b56f2-927f-4b02-8152-fcfad14e836c,cust_436,2025-05-21T09:55:22.047621,142.48,prod_191,2,71.24
918167fa-28e3-41c5-984d-62d85f895708,cust_19,2025-07-13T23:09:50.047621,496.17,prod_197,3,165.39
4e53fbb2-17e2-493a-919e-f86ec21837df,cust_362,2025-11-06T17:29:47.047621,93.84,prod_39,2,46.92
6ff1507b-3a67-4808-af0c-13aff808a221,cust_359,2025-07-08T07:13:43.047621,290.9,prod_112,2,145.45
d7ef5529-e25a-43d3-a391-35561045e37f,cust_352,2025-09-04T23:18:22.047621,83.8,prod_110,1,83.8
18ba00ec-e921-4a32-8edc-79c45a3c82fe,cust_24,2025-12-21T00:01:12.047621,86.81,prod_123,1,86.81
4c0227ae-312d-4763-8f16-77b5438a9292,cust_145,2025-11-03T09:31:30.047621,107.84,prod_114,1,107.84
3418579a-b107-42e5-8ed6-001303e09ccf,cust_419,2026-01-20T09:29:49.047621,167.67,prod_135,3,55.89
c2850169-44a8-4ff6-a588-a2d9d00cd481,cust_382,2025-04-23T13:29:42.047621,154.37,prod_66,1,154.37
4d8937d4-e5ae-46c4-bd1d-60ea932cb29b,cust_248,2025-07-13T04:02:30.047621,452.16,prod_11,3,150.72
deea4b63-5886-45e7-b727-b71cdf840885,cust_487,2025-07-08T13:28:16.047621,131.04,prod_27,2,65.52
2677e5b1-7607-4888-8d9d-99ddfea9b71b,cust_187,2025-10-03T01:59:53.047621,130.87,prod_36,1,130.87
2392d938-4d97-4f2e-9c02-d1e79ecb7cea,cust_10,2025-07-19T00:59:41.047621,91.91,prod_105,1,91.91
c5d35097-c4f1-4a58-af51-80eb5cce123d,cust_424,2025-04-08T17:56:44.047621,261.74,prod_36,2,130.87
8dd013ac-a28b-4b63-a451-360def30b945,cust_11,2025-07-27T00:12:42.047621,11.3,prod_45,1,11.3
1af1df51-4339-4dc1-91b5-ed720d96129a,cust_488,2025-11-03T01:52:08.047621,364.28,prod_130,2,182.14
8f9df69e-5f88-40d2-9b04-6c99ea718e6d,cust_289,2026-01-01T10:27:14.047621,537.12,prod_146,3,179.04
b8f18ef9-98f6-41fd-b1ca-37513483f408,cust_178,2025-09-24T23:39:36.047621,56.62,prod_91,1,56.62
04fdb5d7-34ed-4e64-b571-9c62bb40873f,cust_386,2025-12-02T10:10:25.047621,179.68,prod_142,1,179.68
d070f4a5-99d5-4fe9-b28d-1231cdd9618b,cust_350,2025-09-26T22:08:56.047621,187.38,prod_148,1,187.38
e17175ec-b18e-42c9-8615-24cbb8cd3835,cust_433,2025-12-16T16:34:35.047621,392.61,prod_36,3,130.87
522ee557-d510-48a7-a96d-8a346c4f1e9f,cust_163,2025-05-09T16:03:53.047621,463.11,prod_66,3,154.37
d855a251-32c2-4b77-a279-542f852559c8,cust_78,2025-06-17T15:16:49.047621,158.26,prod_50,2,79.13
c3875bad-5520-4bad-bef5-4ea759e3eac0,cust_98,2025-10-16T07:10:07.047621,406.95,prod_38,3,135.65
0bfe8ac5-f4b2-462a-a827-ca392a66e604,cust_440,2025-04-27T14:25:00.047621,29.83,prod_59,1,29.83
ca4af3e0-dc09-4365-996a-fbdb3479f087,cust_186,2025-09-19T05:48:30.047621,193.98,prod_166,2,96.99
b0b1bc7e-091a-4838-8278-bb895c93f562,cust_445,2025-07-02T15:07:49.047621,309.92,prod_152,2,154.96
7d285b2f-9660-476b-896d-372982bfb7c2,cust_493,2025-12-27T19:47:38.047621,448.14,prod_24,3,149.38
52bc1e9f-8fee-45f8-8b03-87f974ff0959,cust_448,2025-11-10T00:18:29.047621,130.71,prod_124,1,130.71
3a16ffa4-8d41-45c7-888a-03894b34ceaa,cust_58,2025-02-25T06:18:10.047621,15.38,prod_141,2,7.69
054ec1ba-bc69-4ce3-99c2-c5066ac646b6,cust_68,2025-06-30T13:42:43.047621,6.93,prod_60,1,6.93
130952fd-2565-4ce2-b415-bc7b17954439,cust_359,2025-09-11T19:18:04.047621,492.48,prod_101,3,164.16
9a55d14f-812b-461e-a8a7-f0e4146479f1,cust_500,2025-08-30T00:15:39.047621,39.27,prod_163,1,39.27
0bd67462-fdac-4a88-baa2-9956a0be67cc,cust_292,2025-12-12T06:59:39.047621,247.84,prod_181,2,123.92
4991fee0-70dc-4176-adb2-f44c512e5ab1,cust_161,2025-08-03T11:53:42.047621,132.87,prod_194,3,44.29
788d29e5-04b3-4a8e-90b8-20d838f97540,cust_441,2025-04-27T12:29:20.047621,361.24,prod_56,2,180.62
2138ec32-2f43-4696-a761-325cdb24359a,cust_326,2025-12-18T16:39:15.047621,236.72,prod_153,2,118.36
8266a7fb-3dba-4a54-8831-d62c4110c0ad,cust_394,2025-11-08T07:48:47.047621,382.82,prod_26,2,191.41
d3730e02-518d-4d76-bd33-bcedda333663,cust_394,2025-02-23T13:46:03.047621,51.26,prod_121,2,25.63
57d5d25c-31e1-4063-af9f-f2557e54af29,cust_183,2025-03-06T05:40:48.047621,76.68,prod_183,1,76.68
e4323fa8-662d-4e12-86e4-626fb176153a,cust_281,2025-06-21T07:44:20.047621,113.24,prod_91,2,56.62
5415fa42-d95f-464c-9bc8-d4735a69ef87,cust_69,2025-04-08T20:30:53.047621,193.06,prod_25,1,193.06
9d0839b6-9c07-43e7-8e37-f942466a43f1,cust_491,2025-08-15T10:56:50.047621,461.82,prod_80,3,153.94
750a18a8-63ec-4931-ad11-78a90a5a8b30,cust_184,2026-01-06T03:25:28.047621,185.16,prod_156,1,185.16
03c6ea1a-ed56-4f55-a80a-0261db9e01c8,cust_430,2025-02-17T19:14:45.047621,194.04,prod_97,2,97.02
cb0b32ed-06b0-48b9-9382-1a056b98a90d,cust_382,2025-07-25T08:12:16.047621,140.52,prod_108,3,46.84
126fdcf7-5ddc-4cba-afc3-4505b34eb6d7,cust_365,2025-09-03T18:37:09.047621,46.92,prod_96,1,46.92
fbcff458-40bc-4116-a7d1-f990ff766c54,cust_77,2025-06-24T00:13:58.047621,130.71,prod_124,1,130.71
629b09ab-74c0-428d-b871-d04e5388dcb4,cust_151,2025-04-05T11:16:59.047621,76.15,prod_87,1,76.15
408319a9-13de-4b01-bc65-3728e1ae4c43,cust_306,2025-09-12T13:55:39.047621,184.13,prod_200,1,184.13
63edcbbe-7b48-4980-b99a-fbc033bae59a,cust_484,2025-05-18T19:35:47.047621,192.99,prod_131,3,64.33
daba1dd5-88b0-4b41-b263-24ddaa7ceaca,cust_430,2025-10-05T18:58:58.047621,106.7,prod_92,1,106.7
131c0bde-fcd3-4ee6-b3a2-57e037af753e,cust_182,2025-10-28T20:08:14.047621,539.16,prod_51,3,179.72
9cd591fe-3c6e-42e7-b6d1-fb350cdbb112,cust_106,2025-04-17T06:56:54.047621,186.63,prod_2,1,186.63
ff70dd7d-311f-4b4b-b1d7-150cfab57dba,cust_343,2025-09-16T15:45:12.047621,128.66,prod_131,2,64.33
741aa6c2-c5b5-44da-814c-7b7b91a108de,cust_363,2025-02-14T04:06:45.047621,12.67,prod_113,1,12.67
5a42f338-9b3f-4608-9956-5d8e5b384a20,cust_75,2025-06-06T17:57:19.047621,53.3,prod_93,1,53.3
97b7ceef-1b7e-4646-ab77-ebf431c16a92,cust_430,2025-03-15T20:13:18.047621,43.5,prod_139,1,43.5
28e97302-8de9-4470-8953-6c0ace20803b,cust_64,2025-10-31T08:13:20.047621,143.12,prod_190,2,71.56
97ba0255-99e0-4260-b228-be07673ff5f6,cust_83,2025-08-07T05:17:21.047621,136.8,prod_186,3,45.6
892d729c-00b6-4aad-927b-efec2927a037,cust_158,2025-07-08T05:34:49.047621,406.95,prod_38,3,135.65
4dcb967a-1da8-4a41-9bc3-b0fd8b9ef28d,cust_258,2025-11-25T14:33:42.047621,320.1,prod_92,3,106.7
70848e1d-da2f-4d49-96f3-0ae4fbe21ec5,cust_171,2025-12-29T00:48:28.047621,180.28,prod_193,1,180.28
50d31365-7ae6-41e3-8bcf-3241356cf0af,cust_428,2025-09-17T04:04:08.047621,107.81,prod_57,1,107.81
a3ea1d2e-785c-41e1-8283-c93b62da8d85,cust_19,2025-09-03T18:33:27.047621,118.36,prod_153,1,118.36
1089e418-0079-4965-9930-3155fed0905a,cust_7,2025-05-05T11:23:28.047621,82.58,prod_179,1,82.58
b380fb53-fd59-4bd3-a9a5-f4d74db18163,cust_426,2025-05-14T20:31:48.047621,295.26,prod_67,3,98.42
f246923a-1a31-4819-b593-44affea1d91a,cust_470,2026-01-31T09:16:49.047621,237.39,prod_50,3,79.13
de69b08d-bec6-43d5-9c52-30edbf493565,cust_292,2025-06-28T02:11:39.047621,196.56,prod_27,3,65.52
6c1c855e-9b99-478a-b90b-f923b6e0f9b3,cust_293,2025-03-07T15:46:05.047621,94.15,prod_134,1,94.15
c5b6b85a-b16e-471d-a3f0-6276632397b4,cust_69,2025-03-20T22:32:56.047621,309.6,prod_70,3,103.2
69382fa4-836e-4b2b-856e-374f18df7a46,cust_306,2025-07-17T04:33:57.047621,172.14,prod_30,3,57.38
934cb8da-a79b-4770-91b4-5d14da3152c3,cust_232,2025-06-10T09:56:27.047621,25.34,prod_113,2,12.67
3fa9c6fd-c8eb-4b50-a4c1-b5e90ab58c32,cust_250,2026-01-03T21:46:12.047621,228.45,prod_87,3,76.15
aa543977-845b-4f29-aa19-da88ad1903b3,cust_432,2025-11-13T23:22:21.047621,349.4,prod_3,2,174.7
075b49f9-8881-4b2a-90fe-5dedb0dbf9fa,cust_383,2025-06-18T10:52:11.047621,552.39,prod_200,3,184.13
4798df83-6c48-4524-9b9f-a5fee442b0d1,cust_352,2025-10-28T23:35:51.047621,250.08,prod_63,2,125.04
c5c398cc-3448-4cab-8194-117cf6ecff55,cust_426,2025-06-03T06:02:29.047621,308.52,prod_189,3,102.84
e8190898-3328-4c54-893c-64a12d6a767e,cust_244,2025-05-28T23:50:37.047621,15.63,prod_127,1,15.63
0ce20497-7021-4590-a33a-33da393f090a,cust_421,2025-09-09T17:02:41.047621,123.42,prod_73,1,123.42
a108a5f8-5963-4e3c-9923-dd37933d15f5,cust_58,2025-12-06T08:40:16.047621,373.3,prod_154,2,186.65
20327d0e-e71a-4a41-baaf-0dcd4ccc131e,cust_153,2025-10-08T01:01:02.047621,137.52,prod_160,3,45.84
520246bb-a824-401a-acac-465fed602618,cust_479,2025-11-08T18:00:31.047621,214.68,prod_190,3,71.56
53775519-5eb3-4afb-9c40-9cae00f42243,cust_110,2025-03-29T16:27:29.047621,25.34,prod_113,2,12.67
1d339d94-544d-4871-b996-b3a273ca1ffd,cust_288,2025-11-23T10:20:27.047621,213.36,prod_44,2,106.68
70c1941f-b551-461a-95ad-bfd79c64fd4f,cust_478,2025-11-15T11:18:42.047621,539.55,prod_74,3,179.85
620030fc-cbad-4e2f-9896-51f205df7a29,cust_476,2025-03-16T02:18:09.047621,40.16,prod_64,1,40.16
13134881-c98f-47ea-a73e-17310c7cea39,cust_285,2025-09-11T17:01:36.047621,159.08,prod_150,2,79.54
2854e76d-644d-4a5c-8a7f-5ed1c8061eba,cust_93,2025-08-08T15:09:23.047621,64.33,prod_131,1,64.33
2f5dc007-aaaa-40eb-bae7-8a70cf419dc4,cust_281,2025-04-01T04:13:05.047621,61.97,prod_29,1,61.97
93610daa-a77a-4938-b27f-3676673b6111,cust_446,2025-08-20T19:41:07.047621,220.41,prod_79,3,73.47
bccea84c-1e7d-456c-aa52-6cd327b529b1,cust_216,2025-08-07T01:28:24.047621,46.92,prod_39,1,46.92
ade2584b-b1f2-4c75-a573-0273d7ef489d,cust_420,2025-06-18T15:28:28.047621,151.77,prod_83,3,50.59
7c65051e-41df-4ba1-a508-8bee970bfa7e,cust_232,2025-12-15T00:46:10.047621,158.93,prod_48,1,158.93
fff3c9d2-159a-43e7-9670-7eec6d0b2f73,cust_192,2026-01-16T03:22:51.047621,143.1,prod_169,2,71.55
9107e23b-7b7a-4c41-8911-fb5bf8e26ccd,cust_286,2025-12-18T04:45:50.047621,213.36,prod_44,2,106.68
1072d6be-aad6-4bf2-9420-b608f720931f,cust_4,2025-12-20T11:27:35.047621,91.2,prod_186,2,45.6
76e753db-03e2-45fc-a9ec-09256e5d076e,cust_152,2025-09-01T04:29:27.047621,579.18,prod_25,3,193.06
07ca4544-9da1-429b-8268-9c2ce1fcddef,cust_84,2025-03-23T14:11:16.047621,290.97,prod_166,3,96.99
00f856f1-e9b0-4717-b269-663b4369e0a5,cust_352,2025-08-29T02:29:02.047621,204.62,prod_198,2,102.31
7c5c14ff-1536-444b-8fa0-ad733415ba52,cust_399,2025-05-31T11:36:57.047621,291.94,prod_20,2,145.97
79a09adb-c446-47cc-baf9-12cf2d188c2e,cust_180,2025-11-27T18:45:37.047621,83.37,prod_111,1,83.37
49e2f098-d53e-4f11-b162-a0e8fa5e3fa6,cust_379,2025-11-02T20:51:36.047621,76.68,prod_183,1,76.68
3235092b-1a3f-41b9-9821-908579466468,cust_475,2025-10-03T16:47:28.047621,113.24,prod_91,2,56.62
1fed2e8e-0aea-4579-9e36-7733d782cb1a,cust_411,2025-10-19T03:15:13.047621,56.62,prod_91,1,56.62
af21f4fa-fcfa-4c9a-abb2-f804f5184abd,cust_408,2025-06-11T04:09:13.047621,487.92,prod_4,3,162.64
bf144b5c-4fcf-47f5-91db-f12628492baf,cust_342,2025-11-07T01:57:55.047621,131.69,prod_86,1,131.69
a057a661-474b-461b-8317-3c1a3c3ab2e2,cust_182,2025-05-17T22:11:15.047621,82.05,prod_129,1,82.05
99d44f63-21e6-42fc-bac1-1dc464eb5513,cust_153,2025-10-12T17:15:45.047621,97.9,prod_115,1,97.9
7afc956e-fd93-4eb7-9dd1-a13cc20c76f5,cust_330,2026-01-20T13:04:51.047621,186.65,prod_154,1,186.65
551c794b-282f-4a7a-bd79-2d4139b1204f,cust_171,2025-06-02T11:58:12.047621,193.06,prod_25,1,193.06
3f331085-b15d-4b63-8650-2e3297a21878,cust_360,2026-01-23T16:17:30.047621,43.5,prod_139,1,43.5
8b2a4f5f-df9a-420a-919b-1183f88a3f0b,cust_66,2025-03-13T01:16:43.047621,29.53,prod_85,1,29.53
a56cabad-d5f4-489f-831c-8b36059e1885,cust_122,2026-01-19T19:35:36.047621,106.68,prod_44,1,106.68
7d17e7d3-d996-4eaf-a337-b753215b041d,cust_205,2025-08-11T00:57:23.047621,555.84,prod_52,3,185.28
02a00f8e-fa17-4c16-adbe-6017ba88bf46,cust_113,2025-08-18T15:58:24.047621,117.19,prod_18,1,117.19
f59cbe28-6917-4119-ae1c-41224141ed6e,cust_240,2025-02-15T12:53:46.047621,371.76,prod_181,3,123.92
312ceb40-c275-40a8-b8f1-6a937888e881,cust_333,2025-02-13T16:58:49.047621,270.96,prod_117,3,90.32
b481732c-a46c-4742-aa1c-17c716994ac1,cust_105,2025-03-18T18:15:17.047621,152.3,prod_87,2,76.15
fb75a526-37b0-4f2d-9fdc-e01e0d95d4eb,cust_206,2025-05-09T13:59:56.047621,22.81,prod_145,1,22.81
6b05c223-b2b0-442c-ae85-53371e668d60,cust_132,2025-09-16T03:04:26.047621,477.93,prod_28,3,159.31
1bd27a23-572d-4a18-9a47-ee6725a825e0,cust_280,2025-04-02T09:03:28.047621,461.46,prod_88,3,153.82
1009fc8a-199d-4029-8ada-409182b5f90d,cust_352,2025-06-14T13:36:27.047621,77.58,prod_81,1,77.58
62081e3d-1176-49f7-91fc-9d8cb499adb8,cust_335,2025-12-10T08:07:37.047621,256.98,prod_58,2,128.49
b1ca4bf5-1510-4053-bffb-cd9f29517d5c,cust_79,2025-05-27T10:41:33.047621,91.63,prod_184,1,91.63
757dae0f-6bbd-4e7a-bd40-6c9bcd22ea2c,cust_178,2025-02-26T19:41:55.047621,311.61,prod_126,3,103.87
887bc91d-28cd-4215-8e7d-5495fad00a3a,cust_203,2025-04-03T13:52:44.047621,203.18,prod_125,2,101.59
14c210cc-0334-419a-96e1-1d9433fe6d67,cust_411,2026-02-01T08:51:16.047621,140.52,prod_108,3,46.84
051aef89-85bd-4bf9-b779-3ac092bdfa62,cust_137,2025-09-24T19:28:44.047621,392.13,prod_124,3,130.71
9f299dd6-b78d-4ee0-8ef9-69ae6cc44987,cust_315,2025-11-25T16:19:02.047621,159.31,prod_28,1,159.31
213f3546-ff3c-4dd7-9db6-88eb77f2ef5c,cust_53,2025-06-08T08:18:46.047621,199.2,prod_162,2,99.6
e87a8ae1-fc2b-4b54-b50b-204538393c0c,cust_171,2025-09-04T12:22:32.047621,199.05,prod_1,3,66.35
772c18d1-308a-4fc0-96d1-f846448e583c,cust_92,2026-01-28T06:17:23.047621,231.42,prod_161,3,77.14
aed03e39-2691-44ad-a909-dc691e7c9c6e,cust_140,2025-05-18T03:15:49.047621,365.04,prod_133,3,121.68
2595bb92-6130-4c1c-930b-b30eebcc47ea,cust_105,2025-06-16T06:03:24.047621,77.62,prod_16,2,38.81
27331a7f-9381-4976-a05d-5378458f7e8a,cust_264,2025-10-16T16:10:36.047621,406.95,prod_38,3,135.65
1159546e-9ba6-4b72-8654-808307e12b91,cust_327,2025-04-26T07:49:39.047621,239.31,prod_42,3,79.77
97fdaa11-087a-41b1-8bc0-dd1f01724f4c,cust_397,2025-08-11T17:37:51.047621,180.72,prod_75,2,90.36
080c2036-9cf0-4138-b085-ae12c7f659de,cust_59,2025-02-18T00:18:27.047621,153.06,prod_107,2,76.53
cf10dce3-058b-4cfe-93b6-ffcb68505fcd,cust_444,2025-11-01T06:46:03.047621,20.79,prod_60,3,6.93
c44803b0-9ca6-44ae-990b-8ab4b549a035,cust_80,2025-06-30T18:37:41.047621,29.53,prod_85,1,29.53
e3243348-0955-46c8-b781-7741412feacb,cust_458,2025-06-20T14:53:26.047621,115.24,prod_167,2,57.62
25039938-7297-424d-a01b-3d7a5d55503f,cust_324,2026-01-25T14:23:47.047621,579.18,prod_25,3,193.06
6ddb051d-4a20-49c2-84f7-50e21671b8b0,cust_448,2025-05-17T16:53:06.047621,523.62,prod_151,3,174.54
97bd4134-6db8-4f04-9b38-f2a7c5dd2d6e,cust_176,2025-10-25T09:00:11.047621,507.9,prod_188,3,169.3
93e552f9-ab68-4b07-9b09-0c5b07ec1b12,cust_251,2025-03-30T13:41:36.047621,59.66,prod_59,2,29.83
837d1d11-016d-4f66-9da0-54adb4b8c0ed,cust_471,2025-02-03T10:15:54.047621,191.41,prod_26,1,191.41
756193cb-7c7e-4fce-94ca-bcf2112da9f9,cust_345,2025-02-09T03:37:38.047621,574.95,prod_185,3,191.65
d0c86a0c-7d84-463f-a215-6e38e890e531,cust_44,2025-04-12T12:56:09.047621,271.3,prod_38,2,135.65
b5cd6baa-cad7-41c9-a91c-1d02efbfa6bc,cust_289,2025-05-06T20:55:51.047621,213.36,prod_46,2,106.68
89858725-f7df-46df-9607-3cc76b84bd17,cust_13,2025-09-28T22:40:13.047621,114.52,prod_155,2,57.26
25ba85b8-bde7-4eb2-b91f-efcd55a9c325,cust_199,2025-02-16T23:02:15.047621,373.3,prod_154,2,186.65
55aa0a51-8442-4d34-8f24-91857681e222,cust_13,2025-03-01T09:21:53.047621,21.3,prod_82,1,21.3
5dfb9612-d361-4c22-b3ea-0ba89cd5f5d4,cust_341,2025-02-14T17:04:40.047621,122.43,prod_144,3,40.81
846ed78b-a93d-4d05-a559-3f898e69cdba,cust_388,2025-10-16T19:59:21.047621,153.06,prod_107,2,76.53
fd7cacc3-f707-472f-99d2-5b9b9598a644,cust_140,2026-01-29T23:37:57.047621,123.4,prod_89,1,123.4
cbf3746f-dc7c-4030-9f19-cf1e566c0568,cust_117,2025-12-13T12:38:20.047621,151.77,prod_83,3,50.59
62bfb8c6-e5db-4b75-ac5d-a696eaf2d836,cust_304,2025-03-10T10:09:34.047621,86.76,prod_104,2,43.38
775e57d7-f1c7-46bd-951c-0f9b68dd3e86,cust_93,2025-11-27T02:19:50.047621,86.81,prod_123,1,86.81
18339c1a-db1d-4991-8bb6-ec4fdf008e28,cust_82,2025-11-24T08:59:06.047621,171.78,prod_155,3,57.26
ffe5c9b3-dd0f-4dce-baf0-0c615f061025,cust_326,2025-11-16T17:39:24.047621,97.9,prod_115,1,97.9
34c49cb2-ad76-4123-8921-f0deef6a8298,cust_351,2025-11-17T14:35:07.047621,323.43,prod_57,3,107.81
b1410bbb-010a-46d0-8ecb-56ba3d0ffeec,cust_359,2025-07-30T05:14:36.047621,309.92,prod_152,2,154.96
15b115bc-ec07-422e-866a-cd9f55e44cb3,cust_272,2025-09-11T10:59:54.047621,94.15,prod_134,1,94.15
62ca6f7a-7e05-4cab-82c4-a0fc84c364f0,cust_76,2025-10-12T14:57:35.047621,120.86,prod_7,1,120.86
0053ec97-2714-44b6-9843-9ba609ddac84,cust_252,2026-01-01T21:00:31.047621,361.24,prod_56,2,180.62
0bfb9684-3ce3-4636-aa90-35bac805f53c,cust_270,2025-06-07T09:07:07.047621,361.24,prod_56,2,180.62
9cadc47a-cddc-4d1a-b310-11bbb69c4f0e,cust_218,2025-09-20T04:29:01.047621,113.36,prod_132,1,113.36
47d2748c-6e15-4cd0-82c7-1ffe118d6701,cust_173,2025-11-13T06:58:54.047621,111.78,prod_135,2,55.89
8dd05536-91f0-4209-84bb-2e5f4c3c13b6,cust_495,2025-03-13T03:32:39.047621,46.92,prod_96,1,46.92
28386155-551c-4e52-a97b-17d91b730356,cust_156,2025-08-15T06:35:26.047621,131.54,prod_173,2,65.77
e5628a3a-46cc-45f0-891a-3b5277c6b1da,cust_312,2025-10-31T10:11:33.047621,22.6,prod_45,2,11.3
d2957a5d-0a45-4499-acdf-ea2b800fda71,cust_244,2025-07-20T23:20:15.047621,46.27,prod_10,1,46.27
cf0df9e3-827b-44e8-9a97-d65775a70810,cust_104,2025-09-15T00:05:32.047621,91.2,prod_186,2,45.6
7b23c63b-093e-4cc4-b127-a047dfd2195f,cust_192,2025-10-09T03:11:28.047621,266.14,prod_119,2,133.07
a6da83a0-bea6-4702-9e81-8d1b05ed4a9f,cust_402,2026-01-01T18:35:37.047621,155.75,prod_177,1,155.75
77e2ba75-7bfe-4d83-bda4-967fce4b8a9f,cust_75,2025-09-25T17:27:42.047621,80.32,prod_64,2,40.16
1230acaf-dcb4-4b03-a27d-89e543fe83ac,cust_66,2025-12-27T06:10:07.047621,33.98,prod_116,1,33.98
83580bac-fa64-4c82-bcc4-7ab262045252,cust_247,2025-07-07T08:54:45.047621,38.81,prod_16,1,38.81
6c7e0cfe-1805-4973-958f-24cd65ed4458,cust_435,2025-02-04T09:49:07.047621,115.1,prod_62,2,57.55
c826d98e-20ab-4d44-85d5-c1c049e0fade,cust_469,2025-03-16T09:45:45.047621,355.86,prod_72,2,177.93
4cc0d03a-d306-44ca-b7ee-56007b259c82,cust_426,2025-09-22T21:34:48.047621,131.69,prod_86,1,131.69
6c3f0383-e383-4faf-b25e-59ad6689f601,cust_249,2025-04-11T19:05:03.047621,83.37,prod_111,1,83.37
f966f788-3353-4234-b022-106eb2c02c65,cust_39,2025-09-05T03:39:24.047621,361.24,prod_56,2,180.62
16fdbd77-16e3-4318-b18a-a4aeb756aedc,cust_349,2025-12-11T11:20:39.047621,45.6,prod_186,1,45.6
77218dce-fa78-4d79-be1a-421cc94748f0,cust_149,2025-06-15T15:47:56.047621,59.66,prod_59,2,29.83
9ae54309-389e-4cbf-96dc-736e5b025c05,cust_41,2025-07-11T08:52:46.047621,75.98,prod_128,1,75.98
fa02a911-ff32-4885-95bf-4d765b8c164b,cust_126,2025-08-22T06:57:12.047621,250.11,prod_111,3,83.37
4287665f-b647-41de-b5fa-52feadf97840,cust_405,2025-08-28T20:35:06.047621,318.62,prod_28,2,159.31
44d7ef7a-c812-4f73-a967-865320ee3bba,cust_84,2025-07-25T14:52:03.047621,131.04,prod_27,2,65.52
168b217b-30e8-4c0d-8ef6-ca5025aca5eb,cust_179,2025-12-17T07:54:32.047621,199.2,prod_162,2,99.6
006e7bf8-1629-4776-811d-7e715c5a7a32,cust_289,2025-08-01T21:50:14.047621,169.3,prod_188,1,169.3
23a7ed90-6e6c-43ea-8d2f-76f1d8b1ee79,cust_233,2025-09-04T03:21:29.047621,158.13,prod_31,3,52.71
244a99fe-2258-4dbd-8f97-4241f1fb3128,cust_351,2025-09-10T05:58:15.047621,214.65,prod_169,3,71.55
8066da92-fb85-40de-b818-8f14cc6c1177,cust_305,2025-03-04T22:12:59.047621,238.08,prod_136,3,79.36
5c9b6f4d-5fb7-4bb5-b1c0-ecfd5d9be267,cust_61,2025-09-15T23:56:38.047621,23.07,prod_141,3,7.69
d9e1de75-f445-4e30-9007-1f56662b966b,cust_389,2025-12-08T15:00:45.047621,40.67,prod_53,1,40.67
2aa94344-67f6-4c41-96b0-621f700668bd,cust_49,2025-10-19T22:22:20.047621,186.65,prod_154,1,186.65
89eb017a-61cf-460c-bce2-7b992af8240f,cust_142,2025-02-16T18:03:52.047621,178.82,prod_21,2,89.41
071627a7-2466-4e30-a7b2-2d0d577ddb0a,cust_324,2025-05-02T04:59:04.047621,150.72,prod_11,1,150.72
7768139d-e5d3-4171-a9b5-5ebb93fb54f8,cust_149,2026-01-30T17:37:50.047621,184.13,prod_200,1,184.13
e3099597-3f7e-4adf-9949-7dea3951f743,cust_79,2025-10-06T05:39:42.047621,41.64,prod_76,2,20.82
df399ad2-51fa-4e93-8ad4-bb02db056cb7,cust_347,2025-12-30T07:39:47.047621,160.52,prod_157,1,160.52
19ca5c88-5c20-4fa1-929e-c4365300ca4e,cust_123,2025-09-11T06:05:43.047621,207.74,prod_126,2,103.87
43cfd4ac-128e-428d-92f6-223712def4db,cust_392,2025-03-14T00:25:23.047621,146.94,prod_79,2,73.47
986f8413-3190-42b8-84f7-600f7b7785ff,cust_146,2025-12-23T16:57:10.047621,77.62,prod_16,2,38.81
a5cc6103-9210-4154-8e38-987807112aa7,cust_321,2025-08-18T07:36:36.047621,461.82,prod_80,3,153.94
3fc1de4c-67ab-4d97-8e63-5455a49c22f2,cust_380,2025-06-10T01:04:54.047621,46.92,prod_39,1,46.92
2cd6c89a-0239-4326-a776-fff36ee42212,cust_398,2025-04-20T21:51:29.047621,182.13,prod_168,3,60.71
b6554ddd-942f-43ad-ab87-da2adcde0deb,cust_375,2025-07-11T12:06:50.047621,44.23,prod_159,1,44.23
10c3c8be-fa98-4d89-8150-5f790afd69b0,cust_480,2025-10-28T14:09:51.047621,77.62,prod_16,2,38.81
262648cf-a28c-4b2b-92ef-755c1137b31b,cust_366,2025-03-11T06:44:55.047621,54.75,prod_182,3,18.25
adac10e2-b947-4f3c-aa3b-c9eb0744de99,cust_293,2025-05-09T01:10:31.047621,154.37,prod_66,1,154.37
94b88ff7-507f-4e29-8495-5beb375d0caa,cust_473,2025-03-30T01:20:30.047621,105.42,prod_31,2,52.71
08ec620f-e112-420e-83e6-2e987382fc98,cust_90,2025-10-10T09:46:36.047621,370.2,prod_89,3,123.4
adafc926-8d4f-4471-9b45-91ada99bba04,cust_262,2025-03-05T10:06:29.047621,351.57,prod_18,3,117.19
9713f76d-f494-4dfd-8552-8b5d5a0210e2,cust_357,2025-06-25T20:23:25.047621,523.62,prod_151,3,174.54
72d089ed-939d-4444-9348-efd09a865a65,cust_287,2025-04-29T07:58:20.047621,51.26,prod_121,2,25.63
7363489d-ae4d-47e0-94d8-2dbfeeff29be,cust_116,2025-11-12T12:33:08.047621,20.79,prod_60,3,6.93
1b1ccde3-180c-44c1-8627-22e775bb2e90,cust_436,2025-05-26T10:33:22.047621,125.04,prod_63,1,125.04
e1bb3998-3a91-45ba-bf55-e4937e0e04df,cust_13,2025-12-29T13:41:44.047621,60.32,prod_6,2,30.16
c4952568-4b9f-4deb-8809-360cc1a76163,cust_353,2025-05-07T15:35:37.047621,177.23,prod_164,1,177.23
d063aaf9-97d1-4234-a327-bceff1ee33c0,cust_433,2025-08-26T16:12:25.047621,82.58,prod_179,1,82.58
25a19a84-c970-4017-b17c-79dde01c290a,cust_247,2025-05-13T13:01:31.047621,87.87,prod_98,3,29.29
3a51d3f3-410b-4433-9602-6e0e27fffd97,cust_268,2025-07-14T10:56:32.047621,270.08,prod_175,2,135.04
512db29b-5eb0-450c-a8ff-73cccd86214a,cust_26,2025-06-25T12:24:15.047621,386.12,prod_25,2,193.06
7a2f0cb4-f97f-4aa0-81ea-463eab67dc17,cust_449,2025-09-24T11:59:52.047621,30.58,prod_137,1,30.58
9be1bec4-7df0-44a4-84ed-6110cb2e44ba,cust_194,2025-05-29T10:24:36.047621,213.4,prod_92,2,106.7
c8718d74-8757-43a3-abc9-bdefe30bf423,cust_453,2025-05-10T21:50:18.047621,80.32,prod_64,2,40.16
349838f5-fb0c-4beb-97f6-7652e378cbfa,cust_176,2025-08-26T04:39:36.047621,120.99,prod_106,3,40.33
43956baf-234f-4986-af31-6ba4e092ab6b,cust_15,2026-01-25T16:25:28.047621,354.46,prod_164,2,177.23
0cc004ac-49e2-431b-8140-cd0e589ccfbe,cust_292,2026-01-26T13:49:56.047621,309.92,prod_152,2,154.96
b02adf82-941f-4b40-a5b1-809b28bae401,cust_499,2025-06-11T06:29:09.047621,386.12,prod_25,2,193.06
de715a12-fa2c-45ee-93ba-a659fbf231a9,cust_233,2025-10-19T06:41:13.047621,375.12,prod_63,3,125.04
0e7f4b96-ca42-4c37-8b74-af4df46ae1cf,cust_130,2025-07-05T03:45:39.047621,33.9,prod_45,3,11.3
55a9d4af-6a98-4d8c-899c-aadcdcb355c2,cust_261,2025-07-22T10:20:34.047621,65.52,prod_27,1,65.52
09138216-535e-42a3-a196-0b5dbd75e198,cust_348,2025-03-01T06:05:27.047621,291.24,prod_12,2,145.62
2f4ad769-6d6a-401f-a799-d25129743e32,cust_352,2025-03-06T10:26:10.047621,7.69,prod_141,1,7.69
22793068-4753-4ba2-96e0-30a836a4a9f2,cust_390,2025-04-24T20:06:42.047621,98.42,prod_67,1,98.42
1f1216c8-d333-4593-ace4-4009d1987aee,cust_122,2025-11-08T15:10:15.047621,18.25,prod_182,1,18.25
9efe0802-4063-49a3-a7df-07dfcba08078,cust_214,2025-11-13T15:30:43.047621,330.78,prod_197,2,165.39
7f2af376-eb2f-4895-9ede-de31acc5dfa8,cust_33,2025-06-27T03:12:55.047621,229.59,prod_107,3,76.53
e85ffc10-91c2-47ca-bed7-f0b8a2381660,cust_171,2025-03-31T19:22:53.047621,36.76,prod_174,1,36.76
3d3055b7-c0d0-46b5-8268-f0a9ac25ca7f,cust_262,2025-11-10T04:27:24.047621,132.7,prod_1,2,66.35
fe2eb108-06d5-4eaa-b35c-c2b85a56dcf9,cust_198,2025-09-21T04:13:01.047621,179.04,prod_146,1,179.04
bb328589-da52-4c27-88ce-7656b143b3d1,cust_348,2025-06-22T12:16:08.047621,12.67,prod_113,1,12.67
f1f3b73e-371a-440d-82b3-33e152146ff0,cust_287,2025-05-06T14:44:08.047621,114.52,prod_155,2,57.26
5051d6c0-9dd2-4a58-8d0d-be2c66833486,cust_27,2025-10-05T09:27:38.047621,128.49,prod_58,1,128.49
7551561b-ab29-4b84-afd9-c3d0b22e1a30,cust_268,2025-11-18T19:42:44.047621,206.4,prod_70,2,103.2
e1ab68ce-f9b7-40cc-b507-049c556821bc,cust_365,2025-12-13T09:04:50.047621,22.81,prod_145,1,22.81
f5eecdbc-928a-439b-8c83-074b137cd303,cust_101,2025-05-12T18:28:52.047621,232.74,prod_81,3,77.58
3f46a1b0-dd4d-423f-9c1a-0e036dfeda9a,cust_66,2025-03-25T13:28:57.047621,67.96,prod_116,2,33.98
a92b7297-9039-4afb-b9d8-4159bd5ce6af,cust_244,2025-05-14T20:05:58.047621,76.76,prod_196,1,76.76
5098b496-f692-488f-a8b2-c85480dcb4f3,cust_435,2025-12-29T01:57:16.047621,8.82,prod_158,1,8.82
50234b85-ecb3-4829-9a40-2359645a7cc0,cust_350,2025-05-15T10:03:46.047621,493.56,prod_65,3,164.52
d7355e3c-7439-44f8-a545-5421dff9893d,cust_485,2025-11-01T19:06:24.047621,128.49,prod_58,1,128.49
940de530-f918-4c04-92ab-269779aba961,cust_143,2025-04-19T07:57:38.047621,135.65,prod_38,1,135.65
507b865e-7302-4118-8496-020a1d326549,cust_454,2025-03-29T16:05:40.047621,140.76,prod_39,3,46.92
d51090ec-c5ad-4047-9469-b96d5af0c6a1,cust_329,2025-05-16T11:36:51.047621,251.4,prod_110,3,83.8
f9b73cbc-3d0d-4db3-a22d-97536d7d6961,cust_449,2026-01-30T03:48:08.047621,17.64,prod_158,2,8.82
3550dcc5-25cd-46ba-9ca3-70e5871f6470,cust_432,2025-06-06T04:43:16.047621,106.7,prod_92,1,106.7
4f22083c-e492-49d9-ba87-37ad2a897a9c,cust_320,2025-07-07T15:42:26.047621,21.3,prod_82,1,21.3
4eb8006a-3c5e-47aa-9fc0-1cb532a8786d,cust_65,2025-04-04T20:29:00.047621,136.43,prod_17,1,136.43
6157224f-f178-49dc-bc95-15432a6dce2f,cust_498,2025-04-18T17:28:42.047621,290.9,prod_112,2,145.45
e397c63a-e1b2-45eb-9fa3-e0bdb755b9e9,cust_373,2025-07-18T16:40:44.047621,114.87,prod_195,3,38.29
bf57adcf-3fa3-40df-928e-13cea2699bd4,cust_296,2025-05-05T10:54:06.047621,107.56,prod_149,2,53.78
3db05621-6fe9-499f-b6c2-667a27a4d3fe,cust_160,2025-12-02T02:38:09.047621,81.62,prod_144,2,40.81
9bd40ca7-d3b1-4bf7-b9d0-4f44e34c9ac8,cust_351,2025-07-23T09:41:35.047621,38.29,prod_195,1,38.29
384abc93-a23e-4ad4-a0c5-23c08647841d,cust_278,2025-04-20T16:30:11.047621,82.05,prod_129,1,82.05
50088571-3ccb-42a4-9583-d3b916d7b379,cust_461,2025-08-28T01:14:12.047621,237.39,prod_50,3,79.13
cd091e09-baf8-417b-8698-5c8607f66857,cust_32,2025-07-01T01:18:20.047621,82.05,prod_129,1,82.05
53cf9de6-8600-4636-b1df-196dacb9221c,cust_255,2025-11-17T04:17:44.047621,97.9,prod_115,1,97.9
9f03c292-e10e-4628-b7da-11353280edcc,cust_496,2025-02-18T01:29:47.047621,507.9,prod_188,3,169.3
601ad1bb-7aaa-4bb1-b13e-8b23b2c2f50b,cust_374,2025-07-19T04:44:26.047621,236.72,prod_153,2,118.36
62d3239a-25c7-44bd-a49f-4b57676128b9,cust_338,2025-12-08T21:50:31.047621,22.81,prod_145,1,22.81
feb02737-ef2e-4c51-a050-479d7158caf8,cust_80,2025-11-12T19:29:46.047621,340.08,prod_132,3,113.36
108d438e-6646-4ff1-8473-5f53d83334b7,cust_31,2025-08-30T12:10:00.047621,145.45,prod_112,1,145.45
35e2367c-8430-410f-8065-71755304b07e,cust_266,2025-12-26T20:13:46.047621,81.62,prod_144,2,40.81
348cbb2f-dd85-4730-8166-d62ce8c21ba6,cust_456,2025-05-27T23:35:36.047621,307.64,prod_88,2,153.82
6eb2f130-d6e5-46ad-8453-0222176d7b95,cust_214,2025-07-07T19:55:02.047621,169.82,prod_9,1,169.82
ecc1157e-2060-4fbc-a707-b9cb1e8530ec,cust_15,2025-05-18T11:22:19.047621,169.82,prod_9,1,169.82
51a07ef9-2e4d-45cf-9bd2-1f9063647219,cust_330,2025-07-22T23:26:50.047621,91.74,prod_137,3,30.58
da84a57d-2295-4c27-9aaa-121cfb770ee4,cust_413,2025-11-05T00:29:53.047621,83.92,prod_95,1,83.92
7d7b07b4-cf83-4f92-b020-2eb7909f3dc7,cust_175,2025-06-06T17:37:11.047621,402.78,prod_5,3,134.26
d171dab9-5ae3-4bb5-8c43-92c06ef7fe59,cust_487,2025-02-08T19:09:07.047621,174.7,prod_3,1,174.7
079f6a4b-f155-491c-956e-33e6afe021b6,cust_137,2025-12-04T10:43:33.047621,48.79,prod_100,1,48.79
91602287-05ca-4039-9074-25130b7ce1cf,cust_46,2025-02-24T14:12:40.047621,163.32,prod_178,2,81.66
07dca830-e75b-4762-874c-4dd090fa3382,cust_131,2025-02-22T15:09:36.047621,306.93,prod_198,3,102.31
016f01bb-5efd-48f4-bb91-9de551688e14,cust_202,2025-09-26T14:38:08.047621,246.8,prod_89,2,123.4
4ae55b1e-7a94-46c7-b9dc-4d8bccaf3e3e,cust_482,2025-03-10T18:02:37.047621,50.59,prod_83,1,50.59
b578b540-6341-43d1-ac46-52f73373a31d,cust_57,2025-10-11T07:57:50.047621,145.74,prod_143,3,48.58
e78bcda5-0ad2-466a-9d82-3d8b119aed4f,cust_137,2025-11-16T19:54:42.047621,159.33,prod_23,3,53.11
f94f1a22-975a-4be8-9c10-c86c7d0efc36,cust_289,2025-05-29T15:44:33.047621,165.06,prod_192,1,165.06
0d200fd8-18c8-460d-b3d9-f2154fc47cc2,cust_474,2025-04-09T11:57:58.047621,210.58,prod_19,2,105.29
320f5bc8-b6da-4456-8e4d-703331982cdc,cust_423,2025-07-03T10:09:45.047621,226.72,prod_132,2,113.36
b3d28929-af57-4974-9893-b666f3b0dd8b,cust_189,2025-10-19T04:04:59.047621,328.32,prod_101,2,164.16
628b1949-d0dc-40b9-9471-43c471d331f8,cust_97,2025-12-25T10:19:56.047621,237.39,prod_50,3,79.13
c3e0c71a-f50e-4d40-ba1f-1f47f4ca152c,cust_232,2025-10-28T21:03:31.047621,93.84,prod_39,2,46.92
a5d3f543-4601-47b8-84e7-25c7ae7b8224,cust_246,2025-12-07T14:52:48.047621,22.63,prod_138,1,22.63
03a2d101-9fd5-42bd-a206-44fe79313b00,cust_43,2025-05-11T04:20:45.047621,130.5,prod_139,3,43.5
7fa7ca40-2123-4d1d-8801-6d5ecb60dc28,cust_149,2025-05-18T12:14:06.047621,75.98,prod_128,1,75.98
498b2e71-c2df-408e-8f4b-9d5884965e7c,cust_187,2025-06-18T22:20:08.047621,46.89,prod_54,1,46.89
3a01c131-9c86-4bcd-ace8-f3ba4733108c,cust_332,2025-10-21T03:02:16.047621,50.59,prod_83,1,50.59
fcafa0df-3aee-4b2b-87fe-a7a60d750ecd,cust_206,2025-05-25T18:38:28.047621,181.2,prod_43,2,90.6
ce03ca79-31fe-491b-8044-682d7d090c50,cust_462,2025-03-04T20:18:38.047621,64.33,prod_131,1,64.33
f80e38a5-2b70-45f2-9b1c-869f6b111008,cust_240,2025-12-11T07:18:58.047621,122.43,prod_144,3,40.81
c995aa66-c0c2-493a-a48c-b9e5e9176ecd,cust_200,2025-10-02T22:32:24.047621,155.48,prod_84,2,77.74
220bb41c-a28d-4c77-887f-40eb1bf412f1,cust_454,2025-10-30T08:32:03.047621,340.08,prod_132,3,113.36
64a85079-1230-4b07-b8b4-c8b15e16abc5,cust_242,2025-07-11T14:03:30.047621,320.1,prod_92,3,106.7
0ea30d69-90dd-44c8-99c6-7fc001b56897,cust_443,2025-09-07T17:21:03.047621,123.84,prod_147,1,123.84
3273507c-f5f4-4340-9735-4e4ef6b0c57c,cust_56,2025-04-28T04:42:44.047621,89.2,prod_68,2,44.6
2ca99507-66db-4b32-bf3c-6d4261127621,cust_175,2025-04-11T07:20:47.047621,138.81,prod_10,3,46.27
c87dfbca-a32d-4edf-89dd-5794a916084b,cust_51,2025-02-26T06:45:03.047621,46.89,prod_54,1,46.89
1e90b84f-d47b-4f95-9908-67779862aa1b,cust_496,2025-12-20T01:51:32.047621,199.05,prod_1,3,66.35
6c8aecdf-be7f-4b75-ab91-7ab272a151df,cust_301,2025-06-16T21:31:12.047621,71.55,prod_169,1,71.55
4c54b723-b18a-4706-974e-bc5b5f291d01,cust_388,2025-08-11T02:03:21.047621,145.62,prod_12,1,145.62
267f779f-14f4-46ab-812b-97ccdf606a21,cust_399,2025-05-15T10:20:08.047621,158.93,prod_48,1,158.93
827fa309-103c-4638-aabf-cf834f3b2890,cust_247,2025-08-03T03:11:02.047621,555.84,prod_52,3,185.28
68bbc297-02ed-4408-8fdc-1fe82947e259,cust_376,2025-04-07T00:31:03.047621,389.79,prod_32,3,129.93
3ddedaab-fe6e-4570-aea7-25bfdf78ec9a,cust_197,2026-01-18T12:23:58.047621,122.43,prod_144,3,40.81
209d8ac5-7f22-42ae-962a-5c68ddd70197,cust_59,2026-01-04T04:38:52.047621,203.18,prod_125,2,101.59
573870d8-ed20-4c96-b3b4-a5f460cd7bd4,cust_182,2025-08-30T19:13:32.047621,63.9,prod_82,3,21.3
20eda751-fe23-4b70-ae97-e5dc21ba26ec,cust_15,2025-12-01T09:32:26.047621,304.77,prod_125,3,101.59
cad6bb3c-2d12-43b3-8a2b-5c0122ae524b,cust_25,2025-12-03T14:43:44.047621,46.84,prod_108,1,46.84
6a51d8ee-bab6-443d-b978-e3e308267bb1,cust_272,2025-10-14T14:53:03.047621,229.59,prod_107,3,76.53
2a572c47-9542-4b6c-9af5-aadfd8101674,cust_172,2025-07-23T08:10:58.047621,55.89,prod_135,1,55.89
058bc973-ea1c-4c0a-9f1a-4498daf121fb,cust_233,2025-09-09T09:13:47.047621,71.24,prod_191,1,71.24
4c1eb5e3-a4a4-4a01-b53f-6775b2508cf1,cust_13,2025-06-27T04:14:53.047621,23.07,prod_141,3,7.69
d6888e4a-973c-4273-93eb-375be3cd78d3,cust_124,2026-01-30T11:12:28.047621,355.86,prod_72,2,177.93
9e333e9c-b102-4b5d-993e-655b8940793e,cust_377,2026-01-29T23:36:55.047621,309.6,prod_70,3,103.2
869fcc69-fc55-4959-aa34-8537f651ad1f,cust_297,2025-05-14T04:50:31.047621,320.04,prod_44,3,106.68
7a175f0b-ee3d-405d-9f43-38ff3626e305,cust_193,2025-04-21T23:11:56.047621,123.92,prod_181,1,123.92
daff9717-af78-4fef-8cbf-3b1da210be3e,cust_440,2025-06-23T04:54:56.047621,137.52,prod_160,3,45.84
a332efc5-8af4-475f-aba8-21014365f0f1,cust_254,2026-01-19T01:37:43.047621,140.76,prod_96,3,46.92
463388a3-5ebb-493b-8ded-a09d57107b7c,cust_472,2025-07-15T21:47:58.047621,101.59,prod_125,1,101.59
e61e4c7c-8677-4a6e-89ba-4b17d64b0dcd,cust_108,2026-01-22T05:13:40.047621,270.08,prod_175,2,135.04
3b12559f-eb3d-479b-8323-0fba0e70e540,cust_250,2025-08-13T14:21:59.047621,59.92,prod_13,1,59.92
88479567-99e6-44b4-bb16-066493fd1935,cust_471,2025-04-17T20:34:46.047621,192.99,prod_131,3,64.33
cfcbeb43-9551-4179-a881-64ccf1ab388c,cust_173,2025-07-11T18:09:09.047621,81.66,prod_178,1,81.66
36d7e53c-bab4-4035-b065-2595f11e28aa,cust_226,2025-07-06T06:11:10.047621,179.76,prod_13,3,59.92
6ba23398-57f7-4c7b-acff-1a4ad85271a4,cust_422,2025-07-04T05:33:36.047621,86.81,prod_123,1,86.81
c20208f9-e9cf-4ca3-a581-8d1ecfc9e9a2,cust_182,2025-03-14T09:40:41.047621,145.62,prod_12,1,145.62
e0b8b004-0cea-4f32-868c-4b1429e6803b,cust_371,2025-08-28T00:19:43.047621,358.02,prod_49,3,119.34
3445b98c-beca-4d74-8653-09618a64d143,cust_448,2025-08-12T22:28:34.047621,251.76,prod_95,3,83.92
1b3dc97e-cb07-4ca5-8ba9-edc9c8ab4a97,cust_85,2025-02-28T06:55:34.047621,40.33,prod_106,1,40.33
21323e23-bf8a-484e-a052-09302713ba16,cust_138,2025-12-20T08:53:36.047621,533.79,prod_72,3,177.93
47003573-81e7-43a7-8ce6-1fc21b1562f1,cust_122,2025-04-28T15:27:26.047621,107.84,prod_114,1,107.84
b7c22a9e-e463-4bc7-86e3-7ab554cb079d,cust_86,2025-11-30T19:47:49.047621,25.34,prod_113,2,12.67
b73727d6-69c8-4d3e-9ff5-11eab374aafe,cust_309,2025-06-20T18:58:45.047621,476.79,prod_48,3,158.93
acb03f37-099b-4fb0-9274-8f402b957f2e,cust_127,2025-06-17T11:05:24.047621,46.92,prod_39,1,46.92
9c12783b-0444-45e7-99de-17d80076c55c,cust_364,2026-01-01T17:36:15.047621,52.16,prod_22,2,26.08
adb30897-a024-47b2-8fa0-3296c8b29c44,cust_53,2025-04-01T20:31:21.047621,79.54,prod_150,1,79.54
3a2e5cf1-9860-4172-b6f2-a01f4e1423c9,cust_499,2025-08-26T15:41:47.047621,158.93,prod_48,1,158.93
86f69380-5f01-4922-87e4-6691075b6209,cust_382,2025-06-21T21:03:23.047621,131.69,prod_86,1,131.69
31a32f5a-e0fb-4f3c-8e85-fef798b3a8f3,cust_174,2025-05-26T03:39:05.047621,99.6,prod_162,1,99.6
63bf35bc-ff0e-41e7-a1d5-8241a3f99278,cust_31,2025-05-15T23:22:51.047621,339.64,prod_9,2,169.82
f683a0bf-0856-41f2-8760-9c93e2562b24,cust_242,2025-09-26T09:32:53.047621,136.43,prod_17,1,136.43
21f11747-83ab-4c6a-a7e5-527019672f8f,cust_275,2025-06-24T01:33:11.047621,87.87,prod_98,3,29.29
9ba612da-c6b0-40f1-a57e-2aafcd565b70,cust_310,2025-09-01T08:42:40.047621,167.6,prod_110,2,83.8
5240a9aa-fd81-4efe-ad29-ec85135eac69,cust_177,2025-09-01T04:07:10.047621,90.48,prod_6,3,30.16
5831cf05-dffc-435e-a0c6-2b2edb6e7cf8,cust_193,2025-03-24T15:39:42.047621,224.04,prod_55,3,74.68
83995600-4df9-408d-bef5-455f3aabe9d3,cust_96,2025-02-08T18:59:49.047621,290.97,prod_166,3,96.99
2d3cdf20-3b1d-4dcd-a312-533a9b7993ad,cust_437,2025-08-18T10:36:36.047621,83.37,prod_111,1,83.37
3043137c-8ffd-4a4d-b4ee-d78de53e21b8,cust_12,2025-12-14T00:22:58.047621,362.98,prod_90,2,181.49
25845812-8196-4003-84bb-b3104bd2012a,cust_418,2025-03-15T18:19:03.047621,231.42,prod_161,3,77.14
0d7c8a9d-cbce-47cc-a17d-6b6a2b0a5280,cust_284,2025-09-23T17:21:15.047621,133.8,prod_68,3,44.6
8407204b-2f9b-4594-a1e7-5ce8e202afc1,cust_208,2025-05-26T21:26:29.047621,145.74,prod_143,3,48.58
eab9ea90-257a-4730-b623-be816afc6113,cust_140,2026-01-28T01:56:35.047621,185.28,prod_52,1,185.28
8f55fe50-cf22-4b2c-b013-a8b4c9d88c62,cust_180,2025-02-17T14:52:29.047621,144.98,prod_71,2,72.49
05e5dab9-c874-49b0-ae8b-07c26cf11f9e,cust_467,2025-07-27T00:44:05.047621,15.63,prod_127,1,15.63
23583a57-a49a-446b-8179-5953375625fb,cust_219,2025-05-13T06:15:08.047621,83.55,prod_61,3,27.85
cfd9ae34-a2e5-46e2-8fb9-007c1a8711dc,cust_84,2026-01-18T05:28:28.047621,439.59,prod_99,3,146.53
b695c424-e368-459c-b31a-7eb81b7bcd5e,cust_69,2025-04-15T02:30:52.047621,162.64,prod_4,1,162.64
0b9a4190-0208-452b-b856-c83445915430,cust_484,2025-04-21T23:52:29.047621,44.29,prod_194,1,44.29
81b5fbb8-57bc-4aa3-b449-7bed5f6fb74d,cust_22,2025-07-01T23:24:27.047621,270.08,prod_175,2,135.04
78e61a04-890a-4e41-85d9-cd5f4c529cd5,cust_416,2025-11-05T06:01:40.047621,370.32,prod_156,2,185.16
5ca7d1c3-4dbe-408c-9af7-293630673652,cust_127,2025-05-02T03:02:25.047621,169.82,prod_9,1,169.82
96d59489-af13-41c4-80e4-eb378844c7ca,cust_90,2025-10-31T02:52:55.047621,327.56,prod_15,2,163.78
031d6274-ee74-4140-ae16-f6cc48bd98b6,cust_3,2025-07-27T20:35:08.047621,154.37,prod_66,1,154.37
1fb89591-dea5-451a-a3e3-9b2001ffb0bf,cust_78,2025-08-10T08:43:04.047621,66.35,prod_1,1,66.35
993c36d6-2113-4c23-ba37-752b0c8a1048,cust_135,2025-11-16T15:47:43.047621,25.34,prod_113,2,12.67
d0185318-4ea8-42d7-8e02-6b924524abae,cust_143,2025-08-22T13:42:08.047621,83.8,prod_110,1,83.8
b1519269-d3a9-4666-ba3d-ab93f54c7402,cust_28,2025-08-15T23:05:08.047621,140.76,prod_96,3,46.92
4fc8f7b0-4da2-40eb-a9e0-6090d0144630,cust_248,2026-01-11T13:47:10.047621,73.47,prod_79,1,73.47
fe8988d5-a6f7-4080-aa6a-2e2c900b5239,cust_200,2025-11-19T09:20:46.047621,234.38,prod_18,2,117.19
767e1389-d01b-44f0-862f-60d241070329,cust_71,2025-10-03T22:07:52.047621,30.16,prod_6,1,30.16
aa4150af-838e-421a-9fb0-e5e06401f420,cust_264,2025-12-24T16:29:17.047621,461.82,prod_80,3,153.94
e3f8c709-9f50-46fb-9f6f-77818414f3bc,cust_298,2025-03-02T21:27:46.047621,57.55,prod_62,1,57.55
37a7f140-5b69-40ec-93ed-99f4ae8f2e68,cust_306,2025-12-20T11:01:38.047621,119.9,prod_103,1,119.9
eaddb8bd-dbd5-48ae-a598-d4e59db6b661,cust_482,2025-10-15T08:26:49.047621,243.36,prod_133,2,121.68
d874dac9-1835-40a5-9486-715f29433639,cust_223,2025-11-19T07:37:36.047621,63.9,prod_82,3,21.3
d4d9dd42-5072-4ffd-af52-387d8e6c9a08,cust_297,2025-05-19T02:08:27.047621,105.29,prod_19,1,105.29
9f01b0d6-21af-4470-bb9e-64253698f02a,cust_171,2025-02-15T14:54:35.047621,73.52,prod_174,2,36.76
789621ee-62d2-4883-91f5-8d7943b34cdd,cust_165,2025-10-20T03:55:44.047621,40.67,prod_53,1,40.67
c6f0f04c-cf29-4a1b-a724-cd7b511983c3,cust_67,2025-03-10T12:07:52.047621,57.38,prod_30,1,57.38
2e175cd6-6589-469a-b294-6454a9ab2ecf,cust_178,2025-04-01T23:23:16.047621,291.06,prod_97,3,97.02
ae3cbee7-fe98-404d-9755-11f5945bb0fc,cust_426,2026-01-03T02:39:15.047621,78.54,prod_163,2,39.27
ebdd8781-1815-4c93-9a37-d72a17dcf9c2,cust_21,2025-03-10T23:33:55.047621,244.98,prod_178,3,81.66
5ebb6452-d29d-4804-a63b-0e64276b4ff7,cust_258,2025-11-19T17:46:59.047621,574.95,prod_185,3,191.65
4aad8f8e-a9e3-43c8-9e8a-eac57a1cc0a0,cust_289,2025-07-07T01:32:54.047621,320.1,prod_92,3,106.7
94679ca6-9006-4e25-87e8-4d605a7e5d0a,cust_452,2025-07-29T12:28:51.047621,496.17,prod_197,3,165.39
d61f2103-9fda-4b6b-8c2e-a6678827b40d,cust_22,2025-10-01T17:54:01.047621,318.62,prod_28,2,159.31
a2991934-3633-4a72-93a4-c5758000e657,cust_481,2025-11-01T22:59:19.047621,7.65,prod_120,1,7.65
3cb641d7-e166-414b-b4a5-a7687f4e02eb,cust_323,2025-08-21T17:50:14.047621,349.4,prod_3,2,174.7
ed6b2295-fee9-4d55-b5b8-f1edb61a51cd,cust_19,2025-02-01T01:14:45.047621,541.86,prod_56,3,180.62
1ea0b863-b935-4ab4-a141-3ef0118ab19a,cust_178,2025-04-20T13:56:24.047621,524.1,prod_3,3,174.7
5444ccb4-bcfa-48f3-aad1-4af61bf02a31,cust_341,2025-07-09T18:41:18.047621,213.36,prod_44,2,106.68
0f6390e4-4720-4354-bd28-ab781568727e,cust_479,2025-09-01T12:14:28.047621,121.42,prod_168,2,60.71
ad13c4af-2a8d-48e1-8142-907b6c8e652a,cust_277,2025-12-25T03:22:05.047621,213.72,prod_191,3,71.24
d6b0f120-2e6c-47e1-9842-d7d3e47ffaac,cust_182,2025-03-23T18:10:29.047621,544.47,prod_90,3,181.49
6452b6a3-62f0-4c73-9b7d-6f7966de0f4e,cust_57,2025-12-21T00:01:52.047621,493.56,prod_65,3,164.52
92193672-89e5-499b-90dc-bb9d510dc1e3,cust_166,2025-09-22T00:51:25.047621,138.81,prod_10,3,46.27
5a3a34d9-356c-4eeb-9302-398b97922f20,cust_207,2025-04-23T08:40:00.047621,42.6,prod_82,2,21.3
ead83527-e10b-4bcb-979a-1136c6690d16,cust_389,2026-01-29T00:21:47.047621,233.22,prod_84,3,77.74
97407272-4fdb-43f2-9db8-4f4ba9f382e1,cust_155,2025-04-12T14:20:43.047621,360.81,prod_122,3,120.27
80da250c-2bcb-4fea-b55b-5d22fc83196d,cust_92,2025-05-10T09:00:47.047621,44.6,prod_68,1,44.6
a4f45f86-70d2-410b-bde1-0a9012b248d2,cust_125,2025-03-01T07:29:35.047621,161.34,prod_149,3,53.78
0855efdc-4b7a-4639-9e45-bd13ebc4cf7a,cust_463,2025-10-15T01:20:47.047621,239.31,prod_42,3,79.77
54bd9e4d-d43b-46da-8315-e0cb4fc74e77,cust_485,2025-11-26T12:20:19.047621,25.63,prod_121,1,25.63
368c41d9-3f71-4fff-9015-37d9066287ee,cust_213,2025-10-31T04:35:54.047621,128.49,prod_58,1,128.49
357594fd-55b6-4393-bd32-7cff97717c4d,cust_375,2025-07-30T04:45:40.047621,103.87,prod_126,1,103.87
bea524a8-6a71-472b-9876-678acfc474fe,cust_456,2025-03-17T23:03:34.047621,320.1,prod_92,3,106.7
af08b536-6893-4e7a-a3c5-d19b969de6e1,cust_482,2025-03-17T19:19:40.047621,242.82,prod_109,3,80.94
a8a4dc5c-95bf-457d-affb-2dacaa698190,cust_443,2025-07-04T14:37:38.047621,251.76,prod_95,3,83.92
b7bed070-6885-49f4-9e60-629377dedee0,cust_256,2025-07-12T02:28:34.047621,77.14,prod_161,1,77.14
8fd5408c-4f02-4fc2-af69-6462efa02c44,cust_175,2025-07-17T16:47:31.047621,182.13,prod_168,3,60.71
526a7188-8aea-440f-b526-b55053916503,cust_333,2025-10-30T06:50:37.047621,26.76,prod_170,3,8.92
b75c89b5-7f90-4034-bbdf-0b9f487391f4,cust_349,2025-02-28T14:11:51.047621,169.86,prod_91,3,56.62
6b5b3b81-2666-4bc6-8ae5-a728abdabf3d,cust_223,2025-12-09T12:45:35.047621,68.43,prod_145,3,22.81
85a419e9-3efd-412f-a60d-3b62f45cb152,cust_239,2025-05-19T07:22:44.047621,365.04,prod_133,3,121.68
ea63514c-6559-4a9a-a98a-895b7b6a9de9,cust_185,2025-02-26T11:00:28.047621,123.4,prod_89,1,123.4
0b896431-b0ca-47fb-a781-aaf7929c97b3,cust_304,2025-07-01T09:53:29.047621,158.13,prod_69,1,158.13
1234ca79-96ba-44a0-8870-88816f431f35,cust_39,2025-09-17T01:15:04.047621,133.8,prod_68,3,44.6
308d9d41-c13b-4e7f-9b69-62b231ff6217,cust_216,2025-08-23T18:44:22.047621,54.75,prod_182,3,18.25
677e1245-bc4b-4df8-a0ca-b185e33c1c27,cust_270,2025-08-29T03:58:05.047621,55.7,prod_61,2,27.85
ffe35996-44f8-4969-837d-e5d0e9ab4b84,cust_57,2025-03-10T08:02:59.047621,80.94,prod_109,1,80.94
ec72e444-73cd-4c19-b5e7-ad94be15875d,cust_21,2025-06-08T04:10:45.047621,552.39,prod_200,3,184.13
587d7a45-6e79-4a2e-a9f3-e3e520ba8527,cust_468,2025-09-01T10:23:00.047621,61.16,prod_137,2,30.58
e177e7f7-b133-4620-9f60-87b090d89926,cust_484,2025-07-27T06:17:50.047621,169.8,prod_47,2,84.9
5cc30eb7-baf3-4dde-be6c-0183d1a07f56,cust_57,2025-02-16T18:07:56.047621,38.29,prod_195,1,38.29
23539349-251f-4759-a1ac-44113f315248,cust_422,2026-01-17T02:46:09.047621,164.52,prod_65,1,164.52
0945517b-3cd9-4ac7-bec3-7a9fa6a6dd23,cust_278,2025-07-20T01:17:54.047621,21.3,prod_82,1,21.3
caed57ec-e646-4ea3-a0f4-554865d95426,cust_19,2025-08-01T15:23:52.047621,140.52,prod_108,3,46.84
48616797-ba62-48fc-9e4f-a4aababfb81a,cust_22,2025-11-18T01:31:44.047621,290.9,prod_112,2,145.45
2f8d8b57-af7b-414f-ab87-b05f8586feca,cust_324,2025-11-05T06:44:19.047621,159.54,prod_42,2,79.77
64e89b57-4c08-4e44-a099-586a13fb2dfa,cust_247,2025-02-27T00:58:32.047621,230.04,prod_183,3,76.68
cfd77028-dcd2-4bed-be9a-22d939cb260a,cust_349,2025-06-27T00:13:52.047621,171.78,prod_155,3,57.26
665922a2-b0a0-427e-83d5-ed0e13ae527e,cust_80,2026-01-18T05:24:12.047621,46.92,prod_39,1,46.92
9f9426be-bd80-4eab-acbb-db314b88a2fe,cust_85,2025-10-17T22:49:13.047621,185.28,prod_52,1,185.28
1a70a09b-6d98-4a92-a17c-72587dba2913,cust_117,2025-07-15T08:14:06.047621,315.87,prod_19,3,105.29
640485c2-b413-4a09-8973-a8267369a93a,cust_490,2025-03-06T19:58:55.047621,290.9,prod_112,2,145.45
2519b2e5-e8d0-4e2c-bb30-791d70dabe07,cust_29,2025-04-27T10:29:33.047621,158.72,prod_136,2,79.36
2aa65a49-5f51-4b02-b9bc-f01615640a06,cust_291,2025-05-17T23:39:46.047621,82.58,prod_179,1,82.58
f474387f-b6ee-49bf-b1f3-0ed5c4bfebf2,cust_375,2025-04-23T10:56:00.047621,21.3,prod_82,1,21.3
ab5edf30-bdc8-4b0f-a52a-ea4efa101b76,cust_493,2025-10-03T03:33:49.047621,330.12,prod_192,2,165.06
3b8d0267-596d-48cb-b781-29bd91cc2793,cust_123,2025-12-24T03:47:37.047621,96.99,prod_166,1,96.99
156a950a-13a1-4cf4-9453-75da29e47a0f,cust_414,2025-12-08T09:24:45.047621,75.98,prod_128,1,75.98
34c749af-8c36-499d-bd23-70a34fe35c91,cust_489,2025-04-27T23:03:38.047621,128.49,prod_58,1,128.49
092df366-1516-4cfd-89b1-f425a14b0353,cust_312,2025-08-18T18:52:39.047621,78.38,prod_41,1,78.38
138ccdb3-84f5-4676-bffb-e86fe5e8b56d,cust_195,2025-09-06T12:26:41.047621,574.95,prod_185,3,191.65
4149ba43-1323-48ef-a71b-9b4d73251898,cust_468,2025-11-23T03:50:58.047621,26.9,prod_176,1,26.9
ae4c47e9-5a29-400c-aff6-323a227710fc,cust_93,2025-02-11T02:30:02.047621,6.93,prod_60,1,6.93
fe4a0b95-f1f2-4fe4-8a59-2a5c0b64d6af,cust_130,2025-03-25T18:38:38.047621,60.71,prod_168,1,60.71
f25c78d2-8c43-4713-b4da-5c1e5b591540,cust_45,2026-01-12T17:37:05.047621,79.54,prod_150,1,79.54
26f535a5-b813-45c3-8a51-83935ef8173b,cust_442,2025-04-22T23:01:41.047621,107.56,prod_149,2,53.78
3de9d788-d669-40ab-8c41-627190a28680,cust_295,2026-01-25T13:38:32.047621,402.78,prod_5,3,134.26
f8b89854-ea69-41a1-9d5e-46041f155e8e,cust_123,2025-03-22T20:20:33.047621,29.16,prod_165,1,29.16
ab53cac6-e726-460b-a644-35f6d3d70f50,cust_214,2025-06-16T08:19:14.047621,180.28,prod_193,1,180.28
52d9ceca-5935-4c82-982d-4083bbe033f1,cust_134,2025-05-10T06:02:39.047621,91.15,prod_102,1,91.15
4a171a47-fea0-47ef-a8fc-7b5d7e79848d,cust_119,2025-06-26T08:48:19.047621,320.04,prod_46,3,106.68
7ad50284-d96e-407a-b7d5-07d6a72aec04,cust_163,2025-11-27T07:43:19.047621,185.28,prod_52,1,185.28
06959772-7444-466f-ace8-77d9eb216785,cust_256,2025-02-07T16:28:50.047621,73.11,prod_187,1,73.11
e08b7001-4fa7-4cb0-93c4-bd6f73522338,cust_265,2025-08-27T00:35:27.047621,61.97,prod_29,1,61.97
f9447f56-d13f-4378-919f-af15f5fefb71,cust_322,2025-07-05T08:51:35.047621,46.84,prod_108,1,46.84
738ede00-b271-4872-b797-bd81bec2f5e7,cust_416,2025-09-06T16:36:25.047621,315.87,prod_19,3,105.29
2721fa83-42dc-4927-8736-339687ae1a95,cust_216,2025-09-11T20:49:36.047621,159.31,prod_28,1,159.31
49a9dacd-8c8d-4781-8d36-f9ab990fc85a,cust_91,2025-07-19T10:08:11.047621,539.16,prod_51,3,179.72
1994df8c-5aad-4ca7-bcbc-c853966b1c85,cust_232,2025-02-10T10:13:37.047621,59.06,prod_85,2,29.53
e0c78ccc-e445-45ae-831a-93830d83cdae,cust_484,2025-02-04T12:49:46.047621,52.16,prod_22,2,26.08
68a1d17b-211d-4730-aed0-fab81781e74d,cust_30,2025-10-15T22:29:38.047621,114.87,prod_195,3,38.29
f656c4c7-73e2-40a2-809a-007a8230c741,cust_425,2025-05-04T18:44:08.047621,376.47,prod_118,3,125.49
216e016f-f083-4353-a3b2-6026885d2195,cust_445,2025-12-30T11:34:30.047621,119.34,prod_49,1,119.34
9e5623ff-e810-4f8d-a05c-058a0103756c,cust_458,2025-02-27T19:50:03.047621,73.11,prod_187,1,73.11
fa1f54a2-3557-4c6d-8c70-32c30d54a15a,cust_113,2025-05-03T17:31:50.047621,153.94,prod_80,1,153.94
88a7e83b-5dec-4153-b35f-09f750dd74f9,cust_485,2026-01-24T22:26:14.047621,564.0,prod_94,3,188.0
21f3796b-3c1c-49e0-a1e8-6e3a0073761a,cust_324,2025-09-25T04:36:28.047621,436.35,prod_112,3,145.45
07a12116-4bde-4dcf-8ff5-b91fe7e38da3,cust_429,2025-07-26T00:08:46.047621,22.6,prod_45,2,11.3
c7670f98-6a28-4501-89af-e99a8a49a1c7,cust_91,2025-10-19T20:22:05.047621,533.79,prod_72,3,177.93
7ea99f7c-ca5d-4bb8-b920-a7f7466aca37,cust_100,2025-05-09T04:00:47.047621,320.1,prod_92,3,106.7
b91845b5-a207-4cc5-845d-fae561edc85e,cust_88,2025-11-07T23:16:24.047621,213.36,prod_44,2,106.68
8b96a0c2-8dc7-4b80-a2a3-7dca393ad30e,cust_110,2025-03-17T06:54:52.047621,76.68,prod_183,1,76.68
9a794e15-0e82-4b8b-bfd8-02fae393e502,cust_94,2025-03-29T03:41:11.047621,179.68,prod_142,1,179.68
abdac261-4afa-4e91-95cd-41d1280749ac,cust_173,2025-06-11T17:06:03.047621,594.24,prod_78,3,198.08
5170a4cc-35da-4a84-badc-6044dca8663b,cust_459,2025-02-10T23:00:21.047621,524.1,prod_3,3,174.7
bdb09feb-271b-4886-8150-da6ae9d8fed7,cust_407,2025-04-13T08:49:14.047621,133.8,prod_68,3,44.6
e0ed03ca-c04a-4e9b-a1af-a82e2c45a777,cust_260,2026-01-12T15:25:26.047621,155.75,prod_177,1,155.75
c9b3999b-5d20-4a47-8c21-f2cebac24340,cust_321,2025-07-12T08:04:09.047621,18.25,prod_182,1,18.25
3159cd99-e51b-4a2f-a303-83b671ec171b,cust_146,2025-06-01T18:35:34.047621,214.65,prod_169,3,71.55
82ba98c6-aa0f-4300-91ba-3b0f2f7f7b34,cust_288,2025-05-14T23:04:31.047621,17.64,prod_158,2,8.82
f2bc266a-f474-48f6-aad1-119b1a7b4f23,cust_21,2025-12-22T07:57:46.047621,370.32,prod_156,2,185.16
5335d3b9-fa00-4da3-b07a-6073e5bc325b,cust_221,2025-06-12T01:15:25.047621,198.08,prod_78,1,198.08
e7d1230d-594b-4919-8413-a8c93c6c678d,cust_487,2025-05-11T05:42:28.047621,45.84,prod_160,1,45.84
5533ee42-a474-4930-8681-8a8d864ae0f9,cust_453,2025-07-24T02:57:49.047621,204.62,prod_198,2,102.31
50c0af17-57e1-422c-b9b9-c79845965e4e,cust_157,2025-03-18T03:25:04.047621,83.55,prod_61,3,27.85
9d953d93-a5e4-42b0-9e6a-1b269d76f644,cust_459,2025-08-14T12:30:37.047621,159.08,prod_150,2,79.54
d84e98a4-87ca-437c-9bee-4db32830bffb,cust_92,2025-05-08T01:53:14.047621,62.46,prod_76,3,20.82
59e1b6e4-c285-41aa-bc3e-58ea564fed83,cust_266,2025-06-14T12:16:50.047621,365.04,prod_133,3,121.68
08f66fbb-617a-4f0f-a243-f49a167b44bc,cust_176,2025-05-20T04:06:56.047621,395.07,prod_86,3,131.69
05c617da-ff85-466f-b14f-f783af5609b2,cust_179,2025-07-06T16:27:22.047621,102.31,prod_198,1,102.31
edf13718-e255-47a7-8a5e-449167abf1b4,cust_389,2025-08-30T08:33:05.047621,134.26,prod_5,1,134.26
ce6eaa60-cf08-4577-9c0d-3da83c2e23c0,cust_30,2025-02-02T08:35:03.047621,193.06,prod_25,1,193.06
ea670738-f51c-450f-ac7b-e12f6ded484e,cust_460,2026-01-08T20:23:38.047621,81.34,prod_53,2,40.67
3086fe76-b229-42aa-be81-f794dd669466,cust_355,2025-08-01T14:00:43.047621,523.62,prod_151,3,174.54
f4d7c428-917c-4f44-8beb-4ee5632460ab,cust_333,2025-06-05T13:34:58.047621,304.77,prod_125,3,101.59
19fe0f3a-e9d2-493c-838a-5e5d215b39df,cust_80,2025-07-16T09:45:04.047621,127.23,prod_140,3,42.41
0a7948c7-c17e-45a3-8563-c738c4323bb8,cust_81,2025-11-27T12:23:36.047621,368.26,prod_200,2,184.13
76dd1dbd-12fa-4d12-8b0a-ee624da0d4a5,cust_13,2025-02-08T05:13:53.047621,68.43,prod_145,3,22.81
ea6d1d02-4da5-434b-9ffa-56b52e8beb3f,cust_434,2025-03-10T02:41:53.047621,150.72,prod_11,1,150.72
072abf8e-daa0-4265-a35a-9f437ddef63d,cust_470,2025-07-20T22:25:43.047621,192.99,prod_131,3,64.33
419da5c6-577e-497d-8c4d-cef8e4e060de,cust_136,2025-06-19T01:59:25.047621,339.64,prod_9,2,169.82
dc8c0be9-809b-4ff8-8248-5c7d959bdbd3,cust_222,2025-03-15T05:49:52.047621,533.79,prod_72,3,177.93
e51e4bd5-feda-45eb-a3a6-a5688c285d50,cust_460,2025-04-25T09:54:08.047621,269.34,prod_171,3,89.78
8dadf857-d3d9-4ffb-9789-6c41a16344db,cust_484,2025-04-11T10:11:16.047621,129.93,prod_32,1,129.93
b8568931-8de2-4849-b20c-5da8d63d7487,cust_38,2025-06-30T08:58:36.047621,72.49,prod_71,1,72.49
47e00696-512a-4896-8290-8ea25e4572dd,cust_105,2025-12-04T20:43:57.047621,110.28,prod_174,3,36.76
6fefbe69-fa0c-415f-a7ad-162f5d40589c,cust_217,2025-08-26T22:14:50.047621,169.3,prod_188,1,169.3
63def372-1bdd-4166-ac7c-7f1db1f6a475,cust_191,2026-01-22T02:30:47.047621,64.33,prod_131,1,64.33
afc99da2-6814-40e6-93b7-61889bfc16b6,cust_220,2025-10-21T12:13:21.047621,323.43,prod_57,3,107.81
b4064cde-66dc-4778-8f0e-334c43ebdae8,cust_463,2025-11-23T06:13:35.047621,396.16,prod_78,2,198.08
889d9efa-acaf-4a7d-9ef9-9144e58bf669,cust_305,2025-10-10T22:44:07.047621,73.47,prod_79,1,73.47
440f568e-f96c-4935-9672-f4f80a7a9213,cust_53,2025-05-09T06:08:30.047621,539.55,prod_74,3,179.85
eeeff333-808a-4447-b614-8edf48981604,cust_441,2025-06-19T00:38:58.047621,132.87,prod_194,3,44.29
ab8d84da-f8ca-4ca2-a63c-1ff87e35cfa0,cust_40,2025-03-06T01:50:20.047621,181.49,prod_90,1,181.49
29503f79-12e5-4ae3-927b-b82e49da0613,cust_425,2025-02-14T10:39:18.047621,481.56,prod_157,3,160.52
0fdc4340-3d55-4084-a9eb-cb0b49a22760,cust_271,2025-12-31T21:49:59.047621,91.91,prod_105,1,91.91
ceb03bd3-6e23-4787-989b-1d8f2ea70256,cust_406,2025-08-21T05:23:25.047621,307.64,prod_88,2,153.82
1735ce47-c893-4a89-a539-f62b01179e62,cust_340,2025-04-19T04:16:10.047621,65.77,prod_173,1,65.77
f8e623fd-826a-4063-a398-120a4f307d5a,cust_319,2025-07-21T06:09:05.047621,33.9,prod_45,3,11.3
b03d028a-729f-4955-9d63-642316f9697d,cust_35,2025-02-09T03:14:56.047621,320.04,prod_46,3,106.68
7c80d702-cd85-48eb-9a90-591025624dd7,cust_115,2025-12-27T03:26:24.047621,132.85,prod_37,1,132.85
d58545fb-0c4c-44b8-828d-f07973ab9d49,cust_493,2025-11-19T00:13:51.047621,317.86,prod_48,2,158.93
7aeed3df-c10c-47e9-8b8f-4b94e71ddc23,cust_408,2025-12-13T04:32:18.047621,271.08,prod_75,3,90.36
02c28830-14ef-4ba6-b301-bb72002c2b4d,cust_481,2025-07-09T16:48:44.047621,40.67,prod_53,1,40.67
eb2a287f-02c0-4702-b54d-2ad0660c4227,cust_226,2025-10-12T18:01:30.047621,17.64,prod_158,2,8.82
4f081d82-3134-4af7-aa28-4fc6b18f098a,cust_310,2025-12-25T20:42:35.047621,204.62,prod_198,2,102.31
70f7dbac-e0ee-4e8d-99e0-afebc765ff4f,cust_326,2025-02-13T20:51:20.047621,362.58,prod_7,3,120.86
089b93c6-0439-402c-a581-08563b9cb541,cust_8,2025-02-25T20:01:39.047621,120.27,prod_122,1,120.27
8914ac37-4bd2-4c1a-9ee1-0f94c903f286,cust_393,2025-08-19T09:03:35.047621,42.41,prod_140,1,42.41
6e6ca417-773c-449d-838c-745e125ed9b5,cust_41,2025-02-03T21:15:05.047621,29.53,prod_85,1,29.53
1b3f56ba-c14d-4710-8772-dd75a4d3f4d5,cust_119,2025-10-05T14:13:21.047621,574.23,prod_26,3,191.41
eae6f77c-1a8e-41b4-b561-f9445aed5f54,cust_369,2025-04-25T11:39:49.047621,113.36,prod_132,1,113.36
733e9048-5190-4f01-9a1b-60164bee3b75,cust_81,2025-09-02T08:29:27.047621,40.16,prod_64,1,40.16
46571b48-82e7-418f-8772-77555186d381,cust_111,2025-08-14T11:15:04.047621,79.77,prod_42,1,79.77
7089a79d-a8e7-4feb-8ca3-7cc8fc1f8697,cust_89,2025-10-27T23:56:02.047621,90.6,prod_43,1,90.6
8efbddf9-0c24-45ab-b53c-7f27f69faf87,cust_29,2025-07-29T20:58:40.047621,196.84,prod_67,2,98.42
81e62988-8440-4e4a-b62d-45361c85584c,cust_137,2026-01-10T19:08:25.047621,291.06,prod_97,3,97.02
d6e31d29-31ef-4fad-b5b7-5ce3b91cfaca,cust_246,2025-11-17T18:43:28.047621,203.18,prod_125,2,101.59
e82267c5-1b08-42bc-b2b2-274f0e62773e,cust_220,2025-08-15T06:49:18.047621,541.86,prod_56,3,180.62
9bf17fbe-fa3e-4679-ab0a-6355504cfd5d,cust_90,2026-01-29T15:59:14.047621,325.28,prod_4,2,162.64
3a310321-3804-4b46-89a0-35c7ebd5d9cd,cust_20,2025-02-28T21:45:37.047621,81.34,prod_53,2,40.67
036aa264-a13b-4e3f-9b12-05853bdb9c11,cust_47,2025-07-18T10:01:03.047621,247.84,prod_181,2,123.92
c18028e0-6058-46f8-9448-b87e2c5b27d8,cust_115,2025-04-28T02:03:41.047621,79.36,prod_136,1,79.36
c3385f7e-7402-4bba-a99d-fa06ad682d73,cust_356,2025-09-12T16:21:44.047621,180.3,prod_33,1,180.3
83535488-0368-4a40-88b4-251c689c4209,cust_1,2025-03-29T16:24:16.047621,140.67,prod_54,3,46.89
957fb812-c32d-4696-bbc3-969432557da1,cust_366,2025-09-29T09:19:44.047621,97.9,prod_115,1,97.9
93ea5dd0-84f9-44c3-a6ab-b8e5adb82e07,cust_474,2026-01-04T06:53:30.047621,164.1,prod_129,2,82.05
f719753d-fe91-4b8b-a45d-c04d9c349bd3,cust_392,2025-07-05T03:57:43.047621,132.69,prod_159,3,44.23
9b61d601-054a-4862-adc5-e95f9a8bc58e,cust_81,2025-07-29T11:34:56.047621,119.84,prod_13,2,59.92
7680da48-249d-4a6f-be15-cd90e21d458f,cust_11,2025-11-03T05:15:11.047621,358.02,prod_49,3,119.34
f1ef42d7-ca9f-4ade-91b4-3d437c2d4582,cust_162,2025-11-26T10:32:27.047621,99.6,prod_162,1,99.6
6430f60b-7c6c-4d5d-870e-678fd49e3361,cust_236,2025-11-04T17:31:18.047621,340.08,prod_132,3,113.36
ab05b08e-c3fb-4f76-bf1d-1b5c588642e5,cust_354,2025-06-12T05:45:23.047621,53.3,prod_93,1,53.3
dbf9baa1-c928-41e5-b62b-9c12477575ec,cust_294,2026-01-08T08:39:31.047621,230.1,prod_35,3,76.7
1918abd9-0e97-440a-a572-a05bc70d0f0f,cust_257,2025-10-25T09:27:19.047621,392.13,prod_124,3,130.71
f11ae76c-b7c4-4f20-abb7-062ffd606b34,cust_394,2025-05-16T22:24:07.047621,238.62,prod_150,3,79.54
d158d4ed-7665-48cc-a53d-b62029cc1f8b,cust_323,2025-09-22T21:20:43.047621,234.38,prod_18,2,117.19
df95237f-aa8d-4d25-86ee-60ebedffddd7,cust_449,2025-09-20T19:48:20.047621,29.29,prod_98,1,29.29
e636437c-4e63-4154-ac92-6c8d227573ea,cust_335,2025-11-24T14:20:11.047621,373.26,prod_2,2,186.63
e1c4f0ad-80ff-4cee-8f09-120860aea1ef,cust_351,2025-07-24T03:50:16.047621,30.58,prod_137,1,30.58
0bee7e13-b9af-4c74-b620-af45b1af3460,cust_468,2025-05-13T14:25:22.047621,45.26,prod_138,2,22.63
55722534-e2dd-4cbe-bb6c-32a930fc0901,cust_91,2025-06-18T02:50:30.047621,89.78,prod_171,1,89.78
e0375ad3-6a90-4b02-89e2-98bffff3d08d,cust_230,2025-07-07T22:50:41.047621,79.13,prod_50,1,79.13
0b3a323c-b17d-4a7c-8b7f-9b89e031ef14,cust_62,2025-09-21T22:13:36.047621,213.36,prod_44,2,106.68
1712f31e-dc58-458e-b6e1-ab87096a125e,cust_194,2025-11-15T17:11:14.047621,82.58,prod_179,1,82.58
1cf6a73c-f452-4690-a4dd-e4db845100e4,cust_324,2025-10-04T18:37:34.047621,158.13,prod_31,3,52.71
191ee6a2-951f-40ae-9c70-42bd650afea3,cust_119,2026-01-19T22:27:20.047621,156.76,prod_41,2,78.38
bd454796-7998-4fc7-8b68-044a9cc4446a,cust_314,2025-07-29T07:18:33.047621,546.42,prod_130,3,182.14
14f2ac6c-e3cc-4c4f-9a1a-8acd3f404078,cust_410,2025-07-12T11:59:37.047621,439.59,prod_99,3,146.53
c8158515-2aa4-4169-bed1-02effdc893b6,cust_479,2025-11-14T13:46:44.047621,194.04,prod_97,2,97.02
1f0f1d88-24bf-438b-8619-4096902a178c,cust_345,2025-08-26T17:37:47.047621,540.84,prod_193,3,180.28
b1f3b392-6d18-4fae-96da-1bd56442868c,cust_468,2025-03-22T05:17:20.047621,76.89,prod_121,3,25.63
514e5686-542a-4603-bf75-3ec5ee9027ca,cust_127,2025-11-04T22:48:24.047621,306.93,prod_198,3,102.31
3c8caf35-a3fe-456d-b74a-a2452c273d53,cust_450,2026-01-26T02:27:19.047621,282.45,prod_134,3,94.15
be717001-9f0b-49aa-a1a8-6573452676d8,cust_170,2025-12-29T17:44:16.047621,406.95,prod_38,3,135.65
9042f952-ba28-42cf-ad20-8669503ab28c,cust_418,2025-05-18T18:11:06.047621,370.2,prod_89,3,123.4
02be7509-c847-4622-91d6-4f6e45bca5b6,cust_195,2025-12-19T17:49:26.047621,398.55,prod_37,3,132.85
10f6e548-13c5-4549-a069-177e58d80cb9,cust_40,2025-05-11T22:44:03.047621,166.74,prod_111,2,83.37
c22179f2-efa3-44d1-9c06-16d8d17033f9,cust_31,2025-11-07T18:15:12.047621,282.45,prod_134,3,94.15
34f27b29-132f-43b8-8841-c001f1c14caa,cust_286,2025-09-02T12:29:02.047621,521.52,prod_40,3,173.84
c324c12d-13d3-449e-953b-f107df6ac07b,cust_325,2025-02-26T12:34:57.047621,165.16,prod_179,2,82.58
9f848e0d-fad5-4222-8779-f3274c1ef794,cust_379,2025-06-11T07:04:26.047621,219.33,prod_187,3,73.11
b3eed582-7c79-4038-9a26-0eb5244c321c,cust_85,2026-01-10T04:55:12.047621,180.3,prod_33,1,180.3
71c4fe3e-bc30-4bfc-a6fd-38e647f3f2d3,cust_42,2025-04-07T21:11:31.047621,274.89,prod_184,3,91.63
f1273cc4-3fe4-4557-9d8e-2a3702407f65,cust_135,2025-05-06T19:23:09.047621,153.4,prod_35,2,76.7
cce35fe8-6922-496c-974a-5abb6afc00e7,cust_236,2025-10-14T01:46:45.047621,251.4,prod_110,3,83.8
79261342-7a42-4ea3-b6a3-5dfde3d3ce8e,cust_446,2025-11-19T03:47:06.047621,244.98,prod_178,3,81.66
6334abcb-3f10-474d-ada1-7793a966e277,cust_167,2025-05-16T15:53:21.047621,358.02,prod_49,3,119.34
a90693a3-43f9-4143-9b65-bd340d6e9081,cust_59,2025-05-27T03:09:17.047621,298.8,prod_162,3,99.6
5baca020-08c0-4dde-bf06-c97304149d10,cust_189,2025-08-10T00:09:29.047621,546.42,prod_130,3,182.14
166cb74d-1888-47b3-aeec-e6ac660e5194,cust_58,2025-09-14T21:37:33.047621,82.58,prod_179,1,82.58
d0b49cbd-447c-4f89-859c-d6631f0ebd55,cust_237,2025-09-30T16:05:36.047621,81.66,prod_178,1,81.66
0f254d75-693d-47f9-a876-8bee1fd98516,cust_121,2025-12-18T06:57:50.047621,65.77,prod_173,1,65.77
1b7ce95e-e1ae-4aa7-993b-079056d897cd,cust_480,2025-05-23T06:05:23.047621,125.35,prod_77,1,125.35
c865532b-96e9-4c90-baa7-c7949469819a,cust_333,2025-12-31T12:53:23.047621,72.49,prod_71,1,72.49
5a112249-055b-4a2c-9da1-2edb473e06e6,cust_193,2025-11-19T20:02:40.047621,186.63,prod_2,1,186.63
9b989e2b-3bc5-4d46-bd2c-0192682efc17,cust_92,2026-01-15T07:57:26.047621,491.34,prod_15,3,163.78
f740358e-6775-4c2b-93b0-80e7ed91ea73,cust_103,2025-10-13T16:29:00.047621,172.14,prod_30,3,57.38
2220497a-b9e8-46ea-a2fb-740a3d6ec73c,cust_158,2025-09-07T02:33:21.047621,177.23,prod_164,1,177.23
ce744b88-97eb-410b-9c1f-bccebfb0c413,cust_104,2025-02-18T15:04:10.047621,22.6,prod_45,2,11.3
03978ddd-37bb-4ee1-b8e3-94e239999252,cust_26,2025-09-29T13:11:20.047621,46.89,prod_54,1,46.89
9d72c5ba-aa3b-4998-9c5e-258ff44e373f,cust_387,2025-12-02T13:38:24.047621,183.82,prod_105,2,91.91
712ae6a6-0d31-4796-9b4f-ba2d3bbd88a2,cust_367,2025-05-24T00:44:28.047621,82.05,prod_129,1,82.05
1a261802-27a0-49f0-a294-fa7ea70b1b44,cust_252,2025-08-27T22:06:26.047621,121.68,prod_133,1,121.68
12b2dd67-e1a3-47ca-923a-cf709206500c,cust_259,2025-11-22T04:47:48.047621,136.8,prod_186,3,45.6
f62ddcb6-b501-462a-879b-8319a83c4867,cust_267,2025-08-15T03:39:57.047621,102.31,prod_198,1,102.31
ef118412-b459-47c2-8279-2248020cad2e,cust_225,2025-08-01T22:14:19.047621,111.78,prod_135,2,55.89
7b9c9c3a-65d1-48d0-aadf-a4d0dd1bda52,cust_54,2025-08-07T22:25:21.047621,197.31,prod_173,3,65.77
9b0eb067-1b7f-4f9c-a4b2-a015e922da8e,cust_353,2025-10-03T09:12:27.047621,77.14,prod_161,1,77.14
a197aa51-0216-4d0f-882e-e1c01e00e25b,cust_308,2025-07-14T10:00:02.047621,183.26,prod_184,2,91.63
394585d3-099d-45b2-af1b-bad1d1ce3e7e,cust_56,2025-03-10T22:21:04.047621,67.96,prod_116,2,33.98
e74986a2-bdf5-43c5-b1c2-19984e4df8d8,cust_261,2026-01-07T12:37:02.047621,40.81,prod_144,1,40.81
ae26d96e-efff-4734-893a-85a7a4b62d91,cust_94,2025-05-30T04:42:22.047621,362.58,prod_7,3,120.86
2d7eda85-ec1c-4fbc-92f2-7bdf131f95e4,cust_34,2025-11-19T22:51:31.047621,67.89,prod_138,3,22.63
d7629494-b438-406f-a2b9-fa204a962d81,cust_412,2025-09-04T01:03:01.047621,120.48,prod_64,3,40.16
38e44747-aee7-4658-be61-a321ed71d130,cust_94,2025-12-12T03:18:49.047621,164.1,prod_129,2,82.05
ea28b063-ab21-4a0d-a056-d4b7e785d855,cust_56,2025-08-13T06:43:46.047621,244.98,prod_178,3,81.66
0fa0d218-635c-4ff7-826e-fb49de1fcf85,cust_492,2025-03-31T02:54:17.047621,539.55,prod_74,3,179.85
02bd8b3e-f600-431f-80a7-772701d001f4,cust_371,2025-10-22T11:16:26.047621,76.58,prod_195,2,38.29
73d78433-5de7-42a8-b65e-997b223b61af,cust_83,2026-01-07T16:48:00.047621,339.64,prod_9,2,169.82
ca2b1ad0-5b6f-409c-b777-5b4de1fc44c4,cust_275,2025-08-05T05:29:40.047621,271.3,prod_38,2,135.65
8a0eaabb-34ca-4a1f-b49b-038d0e8e0dc5,cust_301,2025-10-09T08:55:02.047621,48.58,prod_143,1,48.58
8d2cbd8a-bfd1-4070-895c-511fc1cc6515,cust_240,2025-12-11T17:49:14.047621,361.24,prod_56,2,180.62
8226833d-9497-4a75-ab0b-3d549f19d326,cust_175,2025-08-13T00:54:32.047621,320.04,prod_44,3,106.68
2a4ec70c-40fb-434d-8085-9e6cc4afc7ab,cust_151,2025-10-17T11:25:32.047621,268.52,prod_5,2,134.26
0fbf0dfb-7bcd-41c5-8b03-0891f4ea704a,cust_461,2025-05-21T20:43:37.047621,26.46,prod_158,3,8.82
ca2a07c2-8705-4690-a80b-b18b020a3139,cust_85,2025-12-22T11:58:46.047621,383.3,prod_185,2,191.65
c6324f4b-b103-4a38-97ff-b8b36a72cfd7,cust_432,2025-04-30T04:19:03.047621,82.58,prod_179,1,82.58
54a5f0ba-25fa-4de9-9a16-827e372cc97d,cust_18,2025-10-09T03:38:30.047621,26.08,prod_22,1,26.08
db0798fd-dc3b-4607-b620-6ef3b5aed076,cust_113,2025-12-19T18:39:39.047621,153.94,prod_80,1,153.94
58ee27cc-7b8e-4bbb-93f9-74f0e8200883,cust_220,2025-04-07T20:05:00.047621,268.52,prod_5,2,134.26
e3a6b68a-b6d1-4867-a865-0be264b08712,cust_397,2025-06-06T13:14:18.047621,163.32,prod_178,2,81.66
cde98ff1-bcd7-4c9d-b56f-832f7639401b,cust_425,2025-09-21T00:37:55.047621,161.34,prod_149,3,53.78
21fc6cec-107e-43ff-b5f0-d0e493556427,cust_16,2025-10-10T04:04:21.047621,159.33,prod_23,3,53.11
4d4637b9-98e0-4b02-b03d-a5495328ccd1,cust_369,2025-11-07T11:57:57.047621,106.22,prod_23,2,53.11
d02b8f4b-83b5-418b-b8fa-e92a98920a2e,cust_198,2025-12-21T10:25:05.047621,103.87,prod_126,1,103.87
a1014660-bac6-4bbd-963d-4800e63baf4a,cust_147,2025-10-18T20:51:22.047621,309.6,prod_70,3,103.2
cea110a6-e7ba-485d-b488-fe79c5478a21,cust_302,2025-08-24T10:25:57.047621,164.52,prod_65,1,164.52
bdb635a0-c7ba-4819-bd65-ef30d926ee4e,cust_497,2025-08-23T21:33:03.047621,491.34,prod_15,3,163.78
ff7d5602-393f-419f-a31b-9e10aea46fb5,cust_112,2025-06-29T06:09:49.047621,163.32,prod_178,2,81.66
12b71358-d5a2-4ff6-9359-25d542b24ebe,cust_200,2026-01-17T08:01:44.047621,158.13,prod_69,1,158.13
eb2f351b-9eb3-4d7b-835b-d99e081e0aef,cust_440,2025-03-17T01:00:21.047621,76.89,prod_121,3,25.63
4ae154e3-6299-4df9-a817-343cb6670d19,cust_446,2025-10-18T08:12:34.047621,392.61,prod_36,3,130.87
d5d4732c-00ed-4fc5-9d81-d7f2667a823e,cust_199,2025-06-13T15:03:29.047621,65.52,prod_27,1,65.52
ebbf21c8-5224-49a5-b146-65ab8032051c,cust_192,2025-08-02T18:00:43.047621,76.68,prod_183,1,76.68
47962c23-0a4b-41e6-8a69-54973fbaefc4,cust_449,2025-02-06T17:03:21.047621,541.86,prod_56,3,180.62
296f9ba3-bf29-4b77-93fc-83156de92748,cust_50,2025-05-14T16:57:38.047621,214.65,prod_169,3,71.55
95a7a7a6-3508-44bf-9509-9fa24893b8d5,cust_166,2025-09-24T22:52:01.047621,196.84,prod_67,2,98.42
e871f6b8-da34-4766-9896-95b3bfc8dbee,cust_245,2026-01-21T22:43:16.047621,93.68,prod_108,2,46.84
de9dc251-374c-4fbc-8fbb-e73fb6fc6abc,cust_146,2026-01-08T09:44:15.047621,328.32,prod_101,2,164.16
f40dc96b-a904-43be-9bd8-84a256fc6bee,cust_481,2025-10-06T22:50:14.047621,256.98,prod_58,2,128.49
f46b3c03-de44-4bb1-8321-298bce8ab502,cust_43,2025-11-09T07:43:38.047621,243.36,prod_133,2,121.68
6288ae49-8bb1-49a7-a170-6952047fa7db,cust_35,2025-08-15T15:36:49.047621,27.85,prod_61,1,27.85
f892e01d-d468-4ad5-9025-bdf70274e602,cust_454,2025-11-23T04:27:35.047621,59.92,prod_13,1,59.92
7f006f52-8771-4fbe-a687-3d0d644913c6,cust_284,2025-02-12T09:13:09.047621,555.48,prod_156,3,185.16
a8ec2723-b415-45c3-8d77-91d3b7307ede,cust_278,2025-10-19T13:59:25.047621,293.7,prod_115,3,97.9
980a1f79-14aa-41c7-a264-4f36789301a9,cust_485,2025-10-25T10:54:11.047621,92.54,prod_10,2,46.27
76ed13ab-481b-494a-891a-c3b2bf0100a7,cust_448,2025-12-12T13:34:07.047621,156.76,prod_41,2,78.38
824f3a2c-77dc-4ed0-9b55-5ba166fa6a73,cust_135,2025-06-16T15:35:55.047621,368.26,prod_200,2,184.13
8d41663e-75ca-410c-a327-6f2df655841a,cust_350,2025-09-13T12:53:03.047621,165.06,prod_192,1,165.06
67211841-c311-4edd-99cd-e10a517bb592,cust_105,2026-01-17T17:29:43.047621,130.87,prod_36,1,130.87
3c80150a-5466-4df6-9257-05f245b92c89,cust_16,2025-05-25T02:18:51.047621,477.93,prod_28,3,159.31
a067f50e-cb54-4fca-9bda-5472d80a7594,cust_58,2026-01-04T06:47:45.047621,83.55,prod_61,3,27.85
c82583e4-2436-449e-b24c-26c7ed449829,cust_116,2026-01-16T09:39:46.047621,205.68,prod_189,2,102.84
c84daad6-3cc5-4481-a3e1-23b9b75bf804,cust_131,2025-03-14T13:13:10.047621,477.93,prod_28,3,159.31
d97faff1-1436-4c97-b342-86188013fe6d,cust_407,2025-05-27T23:30:12.047621,127.23,prod_140,3,42.41
198858cc-aa5e-4d4b-8902-41d42558e856,cust_174,2025-03-13T23:38:25.047621,45.62,prod_145,2,22.81
15e8ee06-9d96-424f-88dd-8ebfc0199a11,cust_367,2025-09-20T23:41:50.047621,20.79,prod_60,3,6.93
5e0c91e4-8613-41e3-9ed0-bc59cdabe43d,cust_396,2025-09-05T14:00:49.047621,121.42,prod_168,2,60.71
56fad0d5-7289-46f7-bcc4-9f6cdf35a166,cust_229,2025-10-03T20:00:04.047621,174.54,prod_151,1,174.54
2049b3fb-71cf-472b-a93a-0af2b4b09a62,cust_126,2025-10-15T22:31:24.047621,87.0,prod_139,2,43.5
573f533b-48a3-4301-974b-27fff77c51d2,cust_417,2025-05-08T17:04:31.047621,196.84,prod_67,2,98.42
bc562264-a422-4fe9-b68d-f0c7f556f3a8,cust_237,2025-04-12T20:57:54.047621,33.9,prod_45,3,11.3
536da96f-7786-4793-b6ce-ade4b8d88a39,cust_37,2025-08-31T12:36:16.047621,161.34,prod_149,3,53.78
6941de9a-655a-4b68-a085-8defdcd76376,cust_259,2025-05-20T23:26:54.047621,46.84,prod_108,1,46.84
e90247a7-0084-496a-bbdd-0e3428ce78f6,cust_138,2025-08-05T02:18:22.047621,77.74,prod_84,1,77.74
40fb426b-1372-44a7-8cbd-7633ef94ddf1,cust_226,2025-06-14T14:45:32.047621,231.42,prod_161,3,77.14
d754b79d-a03e-4a9d-9802-dbbc1ff8c208,cust_476,2025-03-26T13:05:07.047621,80.32,prod_64,2,40.16
b7f843fc-8a91-45fd-9313-7edfb3e34383,cust_6,2025-11-11T05:30:03.047621,373.3,prod_154,2,186.65
14ab83d7-0892-487a-97a7-7610d9018f45,cust_446,2025-07-03T14:32:39.047621,80.66,prod_106,2,40.33
cf66eb19-9af9-48cc-b1c8-c77f346a539b,cust_20,2025-11-17T02:52:19.047621,153.4,prod_35,2,76.7
30d50e3a-a61e-4018-8b10-7652b10c8331,cust_66,2025-09-17T09:22:54.047621,119.9,prod_103,1,119.9
f0a66700-d389-44f8-b41e-ea6730cf6c95,cust_32,2025-03-21T23:21:54.047621,24.72,prod_172,3,8.24
a2322b24-f50f-450d-b71d-b73a18858955,cust_248,2026-01-20T15:14:01.047621,120.48,prod_64,3,40.16
25bad14a-26af-482a-8d6d-798ffeae40b7,cust_254,2025-07-23T20:53:38.047621,149.36,prod_55,2,74.68
15c4d825-8545-4efa-9d83-487a8f62ca4f,cust_337,2025-10-16T00:59:23.047621,317.86,prod_48,2,158.93
8add1cac-f564-4602-9c13-f304868e4ec3,cust_156,2025-11-09T01:05:28.047621,238.62,prod_150,3,79.54
aacafd24-d15f-4b06-8680-09759a1d9b01,cust_423,2025-10-07T04:45:14.047621,368.26,prod_200,2,184.13
28fd58b5-fe8a-4bdb-81f7-5dc6627942db,cust_184,2025-03-25T07:24:21.047621,81.62,prod_144,2,40.81
fefc6f7a-acca-437a-aa33-074f46e61791,cust_11,2025-12-04T06:14:11.047621,180.28,prod_193,1,180.28
761d56c1-6313-4f20-84ba-830fa8df27a7,cust_396,2025-11-18T14:45:10.047621,559.95,prod_154,3,186.65
30fdd5e6-7470-4811-8b52-2c4711c5b825,cust_148,2025-09-20T14:11:41.047621,130.87,prod_36,1,130.87
52768c1d-3015-4710-98c0-0b99aca9af4a,cust_401,2025-03-31T15:39:13.047621,46.89,prod_127,3,15.63
78c0d29d-c1c0-4163-8dad-2e3423dfe7fc,cust_491,2026-01-17T11:16:42.047621,196.84,prod_67,2,98.42
1a1d395f-88f9-4c3f-bf7f-aab85cea7e9b,cust_211,2025-08-19T21:12:42.047621,370.32,prod_156,2,185.16
dc70af1c-9167-481c-909f-5c86cf775305,cust_444,2025-12-06T16:14:54.047621,64.33,prod_131,1,64.33
00a08850-96fc-48dc-ae92-07568460c3eb,cust_311,2025-05-25T19:56:15.047621,263.38,prod_86,2,131.69
89564b6d-28a2-48f6-893e-8b50d62f9c17,cust_381,2025-10-21T05:50:19.047621,29.53,prod_85,1,29.53
4da0aaf7-3ae2-419d-ba3c-e1c221377788,cust_394,2025-08-21T12:31:27.047621,44.23,prod_159,1,44.23
fe8c013b-e150-41dd-9ccc-29fd82735024,cust_217,2025-08-05T09:57:27.047621,219.33,prod_187,3,73.11
45109d10-db40-45ad-a68e-e838e68732a0,cust_159,2025-02-13T09:24:35.047621,71.24,prod_191,1,71.24
4acb5ecf-57b7-4146-8e73-6fab1a21992e,cust_251,2025-12-17T16:39:08.047621,89.49,prod_59,3,29.83
9f3c78c7-74cf-4cec-a7e0-a890fbd837a8,cust_105,2025-08-07T04:20:01.047621,132.85,prod_37,1,132.85
f93f6527-f202-4b7a-a0fc-a18adb407892,cust_370,2025-10-23T12:57:43.047621,73.47,prod_79,1,73.47
909518a2-0689-48b6-b5c3-0bc5b9d5c8de,cust_314,2025-10-08T04:20:10.047621,89.41,prod_21,1,89.41
4a604956-c334-42ae-aec5-e6deac4d2157,cust_275,2025-04-06T23:21:23.047621,188.3,prod_134,2,94.15
9cc49bab-0e0d-44ee-bff5-4260d5313455,cust_25,2025-08-14T11:31:57.047621,360.56,prod_193,2,180.28
70d8cba0-f54b-4af6-832e-6aba5507c08b,cust_19,2025-06-01T02:09:54.047621,320.1,prod_92,3,106.7
7bb32fe3-9406-4a8e-8478-b0fc4a47ffa0,cust_101,2025-11-18T10:34:52.047621,180.64,prod_117,2,90.32
48235361-81a6-4670-8974-45ad28b136dd,cust_314,2025-12-16T18:20:48.047621,241.72,prod_7,2,120.86
6fa89106-09e7-4adb-9b25-ed2be832d61f,cust_467,2025-03-13T11:25:55.047621,26.76,prod_170,3,8.92
cc840189-d2fe-4c6c-9360-ea4d0c3b2b23,cust_188,2025-10-06T08:01:15.047621,103.17,prod_8,3,34.39
d1f4f906-e517-434d-9231-0ae64fcab76b,cust_415,2025-12-21T16:16:18.047621,51.26,prod_121,2,25.63
ac83bfec-d7a3-42e3-bd0f-e46a998fb606,cust_331,2025-03-29T01:47:24.047621,46.89,prod_54,1,46.89
8f379c27-67cb-4c37-b384-79c09b00c16c,cust_488,2025-12-17T13:35:10.047621,38.29,prod_195,1,38.29
b22720b0-15e7-4518-bf02-1be0a5f5b074,cust_310,2025-09-26T03:31:24.047621,153.4,prod_35,2,76.7
41c6b560-112d-44b1-822b-7dcadd807bee,cust_65,2025-01-31T12:58:54.047621,250.7,prod_77,2,125.35
071644be-e713-43f9-8016-3141b5542e5a,cust_256,2025-06-23T02:53:41.047621,119.84,prod_13,2,59.92
57533176-b710-4b23-965a-f2448280c101,cust_328,2025-07-16T12:21:35.047621,347.68,prod_40,2,173.84
3ed483ae-4ad9-49b9-b7a7-8857070d2420,cust_90,2026-01-12T13:34:00.047621,97.02,prod_97,1,97.02
105d7793-5d0a-41ef-b3d5-9267d83dc232,cust_278,2025-06-07T09:54:57.047621,8.92,prod_170,1,8.92
1b24744e-4028-4257-b84b-6c6e57750a5e,cust_302,2025-04-24T01:47:59.047621,179.72,prod_51,1,179.72
e8e45c7b-ced0-424d-8f37-e2dcec1f9c09,cust_277,2025-03-03T18:56:25.047621,74.68,prod_55,1,74.68
ba2b49cc-dafd-4822-8af0-db2aa76a1d1d,cust_24,2025-11-09T01:15:43.047621,103.17,prod_8,3,34.39
262bb21b-8e57-4abf-9f4f-230a4b968aab,cust_125,2025-03-07T02:14:59.047621,495.18,prod_192,3,165.06
e2550870-ee81-4361-8e5b-d66d40d4637b,cust_260,2025-03-09T12:33:31.047621,89.41,prod_21,1,89.41
4e5e0483-ff2f-4b7d-be15-3e2f3917574c,cust_18,2025-11-28T05:12:20.047621,81.34,prod_53,2,40.67
8a06f6f5-caf6-43a8-95be-1269ca68701a,cust_317,2026-01-14T21:13:13.047621,439.59,prod_99,3,146.53
41c6c481-ea4a-4ed4-b1af-c2bcc9650dff,cust_476,2025-05-05T16:14:27.047621,186.65,prod_154,1,186.65
a506b5ca-97d7-45f0-9cb2-11b1470341ab,cust_353,2025-03-22T12:25:02.047621,492.48,prod_101,3,164.16
1beff114-e8ea-430b-ac37-222633aea955,cust_294,2025-09-13T17:36:19.047621,88.46,prod_159,2,44.23
76fee70c-f7dd-41e3-aee5-fd1ced3f06c8,cust_132,2025-03-08T10:36:54.047621,38.01,prod_113,3,12.67
0888f12e-fb7e-4800-84c4-af34deb84014,cust_53,2025-12-04T03:00:13.047621,452.16,prod_11,3,150.72
6df7e7e7-b2be-4732-ada7-c5d0dc8b8c3e,cust_123,2025-05-03T19:12:27.047621,199.05,prod_1,3,66.35
c33bc84e-2f24-4671-a9f7-fcc0ccf15896,cust_435,2025-11-09T10:14:00.047621,81.62,prod_144,2,40.81
26b6bf5e-d73a-45ef-a4a0-61e11018df0a,cust_113,2025-09-05T07:54:47.047621,119.84,prod_13,2,59.92
b1a1318a-f95e-4ddd-b2f6-5aac9a9f3883,cust_188,2025-12-21T01:16:50.047621,131.69,prod_86,1,131.69
6f16cfc5-0269-443c-a930-24d5748b033b,cust_405,2025-12-08T05:09:01.047621,238.68,prod_49,2,119.34
45d0a89a-2d42-47d8-b64c-6bec63b5a6f0,cust_345,2026-01-25T07:40:33.047621,36.5,prod_182,2,18.25
d1aabc18-e81b-479d-9337-fd7308b97169,cust_272,2025-02-12T07:04:39.047621,76.7,prod_35,1,76.7
06ef99f8-a9be-4b73-9520-4b630b3065d6,cust_240,2025-03-02T20:49:06.047621,235.14,prod_41,3,78.38
d0b988fc-5437-49c5-9c31-18d48be246dd,cust_8,2025-07-10T06:28:26.047621,102.31,prod_198,1,102.31
50a9845d-7ede-4787-9c51-883a177a5583,cust_198,2025-10-02T13:59:47.047621,127.23,prod_140,3,42.41
fe8abbee-a14b-43d9-ba57-54ee78e08be4,cust_191,2025-09-26T05:03:59.047621,213.36,prod_46,2,106.68
814cef0e-81c1-49c8-84f8-f4432b6df519,cust_240,2026-01-07T11:01:30.047621,60.32,prod_6,2,30.16
70cd1c98-d023-4016-a12c-6208849f47a4,cust_282,2025-06-04T04:31:23.047621,105.29,prod_19,1,105.29
6fc55914-86dc-4cfb-88c0-db04ac33a40a,cust_313,2025-06-29T17:41:58.047621,169.86,prod_91,3,56.62
05696b2f-a8f4-4a1c-b7cc-abd4415ad7af,cust_344,2025-05-30T16:04:25.047621,76.58,prod_195,2,38.29
c4494219-8ec5-417d-ae6b-eec118c97194,cust_53,2025-12-10T03:35:37.047621,144.98,prod_71,2,72.49
5797adbb-4add-4991-a5e3-4ed664a2360f,cust_348,2025-12-31T12:46:31.047621,25.63,prod_121,1,25.63
28701e00-e8d4-453b-b666-3b9e9ac9e306,cust_83,2025-11-20T21:03:00.047621,167.6,prod_110,2,83.8
9ad543b6-76a8-4f80-a0f5-258f3e59e820,cust_45,2025-11-04T07:55:00.047621,114.87,prod_195,3,38.29
4c8cae27-ff4c-4935-9182-c884cffbc1c5,cust_381,2025-12-28T07:17:19.047621,140.76,prod_96,3,46.92
dbd72b09-8657-457e-a39a-04e994f60058,cust_175,2025-07-04T08:15:25.047621,495.18,prod_192,3,165.06
731d4b3d-4da7-4173-9178-531215459095,cust_362,2025-07-04T03:52:54.047621,349.4,prod_3,2,174.7
cbad4d94-2374-462d-9ab9-c7db3b2b940a,cust_351,2025-08-29T18:01:49.047621,524.1,prod_3,3,174.7
bf118817-00f5-4f22-a963-95dc24512a57,cust_471,2025-04-02T18:27:26.047621,61.97,prod_29,1,61.97
36b2b64b-1048-4e73-9c2f-0b854cdd6097,cust_384,2025-12-25T00:36:24.047621,40.33,prod_106,1,40.33
35f1e004-6157-465d-90ab-20b24d882a13,cust_448,2025-04-15T16:15:15.047621,125.35,prod_77,1,125.35
cde2082a-7c52-4b0c-b15f-b09c9f07516f,cust_179,2025-08-16T07:38:33.047621,541.86,prod_56,3,180.62
2a2882d3-edff-4649-81cf-1434a60c44ba,cust_127,2025-04-30T10:58:16.047621,370.56,prod_52,2,185.28
6cc584b0-8adc-4d50-b45d-e0f56abac905,cust_97,2025-03-10T15:36:29.047621,84.9,prod_47,1,84.9
3def97e3-bbce-4489-aa46-9785387f3a27,cust_394,2025-12-06T23:05:49.047621,96.99,prod_166,1,96.99
2cad1954-af56-462a-8f00-6df4c4ce9d75,cust_495,2025-07-20T10:29:48.047621,161.34,prod_149,3,53.78
06990d34-5a4b-4fb1-a402-0028e33a6d9b,cust_447,2025-10-09T15:36:23.047621,239.31,prod_42,3,79.77
db3214d1-2c28-4815-b9b4-1d359023c059,cust_471,2025-04-01T12:42:56.047621,360.6,prod_33,2,180.3
9efc1812-b546-4bf7-9068-8b129bf75e22,cust_458,2025-05-14T19:44:17.047621,106.7,prod_92,1,106.7
d75e1952-6c11-4a4d-90aa-47cb1152dfb3,cust_2,2025-04-08T16:26:06.047621,51.26,prod_121,2,25.63
9c917757-390e-4f4d-a371-4ee257f68544,cust_115,2026-01-02T09:37:34.047621,317.86,prod_48,2,158.93
51e77e88-5dfe-49cd-85e1-6a7dc0746a1c,cust_298,2025-09-09T19:37:23.047621,163.32,prod_178,2,81.66
b434a54f-25ff-4d19-8770-e55e541dd910,cust_485,2025-10-08T10:07:49.047621,82.05,prod_129,1,82.05
76f698ae-ca1b-4fce-aba6-c19c574aa68e,cust_337,2025-03-25T08:52:21.047621,179.85,prod_74,1,179.85
d239d384-96cf-4eb1-a628-1f18c96f4913,cust_477,2025-07-07T13:23:52.047621,27.85,prod_61,1,27.85
3347e96e-3d46-4765-8b36-d566ac2e0297,cust_241,2025-06-08T14:12:48.047621,75.98,prod_128,1,75.98
e6596e8c-3652-4b1d-9fa9-10d18fc74c38,cust_360,2025-09-13T17:15:50.047621,436.35,prod_112,3,145.45
6d2200ca-8e80-4641-adb9-25099d1e7563,cust_424,2025-04-17T07:45:03.047621,15.38,prod_141,2,7.69
7b6f59ff-e3ee-441a-bee3-08c25d18b2fb,cust_468,2025-09-17T20:31:00.047621,541.86,prod_56,3,180.62
ea15cb27-aa53-4afb-ac94-a69908e435ce,cust_469,2025-06-28T08:05:01.047621,107.84,prod_114,1,107.84
378ac511-7a4d-445a-bdfc-03a4bec2f11b,cust_222,2025-02-25T07:40:50.047621,105.29,prod_19,1,105.29
fa11598b-2fd5-4f25-9c53-7cd6ff4a499d,cust_416,2025-11-10T01:40:07.047621,187.38,prod_148,1,187.38
c87a663f-1a64-4abc-8578-9aa01391624c,cust_467,2025-09-14T01:55:55.047621,263.38,prod_86,2,131.69
2048dbe0-3bf0-499d-8d58-d81e9f3792fa,cust_20,2025-10-17T06:36:07.047621,382.82,prod_26,2,191.41
ab540769-c9b5-4d7f-9784-1e635c1179a9,cust_307,2025-03-02T05:52:17.047621,156.76,prod_41,2,78.38
d89820a0-fae3-48af-8bb8-3279ad306590,cust_19,2025-04-17T19:03:12.047621,246.84,prod_73,2,123.42
9f9e96e6-9dcf-41e7-b87c-70305f851ce5,cust_204,2025-07-24T20:26:38.047621,81.62,prod_144,2,40.81
0536117b-83b1-409c-af82-45e5bc38909e,cust_181,2025-09-05T00:19:56.047621,57.55,prod_62,1,57.55
24da7801-2744-4f68-89a8-ee2b1396f6ec,cust_9,2025-04-25T13:14:48.047621,540.84,prod_193,3,180.28
a11f9432-edab-4ba9-b911-75c5787ad2df,cust_21,2026-01-15T12:54:40.047621,6.93,prod_60,1,6.93
69fa8f9c-56c2-4329-9276-4b99cf1e3529,cust_404,2025-10-09T11:28:06.047621,355.86,prod_72,2,177.93
4b9c3556-fabc-42c9-b2b5-c81faed50b10,cust_284,2025-03-24T05:10:36.047621,114.87,prod_195,3,38.29
d02b03cc-2fd7-4c6f-a53f-a6dd388d7bcc,cust_22,2025-10-06T18:02:30.047621,25.34,prod_113,2,12.67
8631338a-5340-4462-8be0-a240e39b6719,cust_475,2025-03-19T16:17:19.047621,149.36,prod_55,2,74.68
b5ef648e-90dd-4b22-8cca-ccea49e05e5e,cust_472,2025-10-19T19:39:28.047621,160.78,prod_34,1,160.78
a9018e56-1fdb-46fe-b78e-f1db88353b44,cust_365,2025-09-19T12:27:53.047621,53.11,prod_23,1,53.11
295ff004-d29b-4c41-9ddc-564d8ebdc7d1,cust_188,2025-10-08T15:41:26.047621,63.9,prod_82,3,21.3
d7d7b459-5cba-4471-af12-a083d86ee59a,cust_380,2026-01-20T00:54:07.047621,107.81,prod_57,1,107.81
b444ba62-0e27-4ab8-b643-776491e480bf,cust_51,2025-06-16T17:52:37.047621,61.97,prod_29,1,61.97
3616713d-1d7d-4cb2-80b2-10663f0e1962,cust_359,2025-09-29T06:22:59.047621,196.84,prod_67,2,98.42
b82b314c-b000-4f79-a8af-37c15f9588aa,cust_211,2025-06-04T14:03:04.047621,31.26,prod_127,2,15.63
74c1998d-ef22-4e4d-b339-7c23a913c653,cust_194,2025-04-02T05:37:17.047621,65.52,prod_27,1,65.52
d183b9df-f90f-4463-aa20-62bc96bce32d,cust_416,2025-04-13T17:27:34.047621,392.61,prod_36,3,130.87
af114e16-0fc9-4873-961e-6923c02c0276,cust_51,2025-11-20T07:48:42.047621,270.96,prod_117,3,90.32
fa0188b6-5ceb-4a1c-b18a-8af435f3e596,cust_60,2026-01-27T12:56:04.047621,160.78,prod_34,1,160.78
21ad5b82-b56f-4947-9dcf-ae25f69cf9bb,cust_500,2025-09-22T15:43:29.047621,154.37,prod_66,1,154.37
4aaf8a30-82f0-4127-b56b-b2417e710b7b,cust_356,2026-01-23T14:38:54.047621,125.49,prod_118,1,125.49
38e8d87e-7012-4085-a2a2-50a36e35c585,cust_283,2025-07-22T03:53:30.047621,125.04,prod_63,1,125.04
399a6d7f-923e-4fe1-850d-2d667d9171bd,cust_28,2026-01-01T18:33:49.047621,93.68,prod_108,2,46.84
2aba9764-14b5-4a5e-9ae5-874e2f457bfb,cust_86,2025-06-13T19:13:27.047621,250.11,prod_111,3,83.37
5b579440-5475-41e8-887d-04b044a18270,cust_305,2025-04-28T17:53:01.047621,73.52,prod_174,2,36.76
3a8b8f85-7c49-4d52-870b-4dc47211351b,cust_431,2025-10-25T17:42:06.047621,226.72,prod_132,2,113.36
6fa29204-8b96-40e5-87ce-0aa68035666f,cust_133,2025-06-04T02:50:11.047621,8.92,prod_170,1,8.92
d72df9d3-4a7c-40db-a084-43bac2b91861,cust_149,2025-03-13T21:33:19.047621,89.78,prod_171,1,89.78
91688d64-577f-400a-8d5b-e69259cfd0c8,cust_428,2026-01-14T16:52:38.047621,136.8,prod_186,3,45.6
b3f69db9-67b2-48e2-ae51-34fd8a805e81,cust_369,2025-10-13T06:05:15.047621,159.33,prod_23,3,53.11
d0a7795c-e90e-4ae4-8b31-205add5132f4,cust_41,2025-09-27T14:32:35.047621,93.84,prod_96,2,46.92
9f11c7c3-29ee-406e-81e9-3f5f591d76d4,cust_244,2025-09-27T20:29:19.047621,39.27,prod_163,1,39.27
c09c999c-f323-4257-8d47-639929b0eeba,cust_287,2025-06-15T03:18:03.047621,87.87,prod_98,3,29.29
af071d01-d57a-4dc9-95d8-63a623bff8e9,cust_16,2025-09-13T00:37:44.047621,77.74,prod_84,1,77.74
b424e725-0f3b-4da2-94cc-879bd182e27a,cust_274,2025-02-08T17:23:48.047621,323.52,prod_114,3,107.84
b15cf87a-4f63-4c04-a2c2-2cb63880e8cc,cust_8,2025-09-09T05:07:08.047621,256.98,prod_58,2,128.49
78878396-370a-4fd7-8679-a8f60ecd58de,cust_458,2025-08-21T14:57:32.047621,114.87,prod_195,3,38.29
4f10c946-16da-4774-bb34-ce1541fe9fd4,cust_240,2025-06-02T20:20:06.047621,523.62,prod_151,3,174.54
68532eb1-480b-4979-9210-e839bbb2013e,cust_298,2025-05-01T08:09:04.047621,540.9,prod_33,3,180.3
65935350-2235-44de-b32e-dd9105bd54de,cust_413,2025-07-08T18:00:20.047621,169.82,prod_9,1,169.82
39e7a3a2-0b5f-474f-90c0-4839d497960c,cust_382,2025-07-09T04:59:25.047621,250.98,prod_118,2,125.49
8b8fbf46-740d-4096-a063-0cbfe0ca87eb,cust_436,2025-02-02T23:26:43.047621,128.66,prod_131,2,64.33
0953c679-a96a-44db-a597-163d219a5bd6,cust_114,2025-06-03T00:12:24.047621,191.65,prod_185,1,191.65
ba4aca67-c9e2-4f3b-b6cd-dd97dcba8503,cust_462,2025-05-13T03:45:34.047621,25.63,prod_121,1,25.63
7e8dd4c1-cc51-4304-afb8-4f36ce811b39,cust_244,2025-03-23T08:02:20.047621,355.86,prod_72,2,177.93
51bf16c3-86ee-4e6d-bda0-d9bff5daf13d,cust_237,2025-11-15T02:41:44.047621,238.62,prod_150,3,79.54
24bba6c5-8b32-41c7-aa69-5bb8741f257d,cust_61,2026-01-21T00:39:21.047621,509.46,prod_9,3,169.82
cad88088-4d93-4511-9938-fb03fb635b3a,cust_269,2025-09-21T19:55:12.047621,153.4,prod_35,2,76.7
70eb4bc4-1c18-4cd2-84e4-97cb34a54fbf,cust_408,2025-05-14T20:08:01.047621,113.36,prod_132,1,113.36
906d0d05-b327-47a1-8e22-d051c06f6e24,cust_356,2025-12-10T17:21:57.047621,179.85,prod_74,1,179.85
e352cb8d-6ec7-4e01-b710-26928fac50be,cust_460,2025-12-31T23:09:42.047621,67.89,prod_138,3,22.63
08b9a6fd-22ae-4245-ae47-133dc4262d9d,cust_330,2025-12-27T14:28:34.047621,521.52,prod_40,3,173.84
2bd2d35f-5d05-4708-b30c-db5146e8cf77,cust_306,2025-04-28T14:05:41.047621,46.84,prod_108,1,46.84
1edf3de4-6844-4ede-a2e6-665e3e50e3e6,cust_110,2025-04-16T21:21:30.047621,172.14,prod_30,3,57.38
66420395-a837-4709-97cf-bd95484b7877,cust_195,2025-07-12T03:12:08.047621,509.46,prod_9,3,169.82
20ae30fc-dbd5-4395-80e9-7e7508bf71c8,cust_369,2025-05-28T00:11:01.047621,68.43,prod_145,3,22.81
95d4a1a3-1321-484c-984a-2fb247fd308d,cust_242,2025-09-04T12:02:02.047621,402.78,prod_5,3,134.26
ec33a0cc-5477-4317-854d-0e0c7d5371b1,cust_438,2026-01-20T06:48:37.047621,76.58,prod_195,2,38.29
c0dad3cf-bd3f-4ec0-a03d-4c5f0d776600,cust_54,2025-12-23T23:45:54.047621,191.65,prod_185,1,191.65
0bb8a4cd-a9c5-4133-8157-53fc935f8d20,cust_75,2025-05-24T03:49:58.047621,531.69,prod_164,3,177.23
21b42aea-4b48-4d97-baa6-d4d0951d5922,cust_439,2025-04-16T02:57:55.047621,409.29,prod_17,3,136.43
ce42d70a-e2cc-411a-8121-fbd424e5c7b2,cust_10,2025-04-19T08:54:54.047621,330.78,prod_197,2,165.39
76130132-0d60-41bb-b998-111a2b287bed,cust_123,2025-09-21T18:15:06.047621,97.02,prod_97,1,97.02
6d6b60ac-056e-4435-90a9-94f20ea7bb7c,cust_439,2025-04-27T08:32:50.047621,496.17,prod_197,3,165.39
31b5a09d-37da-456b-a42b-39a4fbe9cde5,cust_104,2025-03-01T07:14:35.047621,40.16,prod_64,1,40.16
5b1b9630-4afc-45e4-9a2b-e155f7459d49,cust_145,2025-09-10T01:01:32.047621,22.81,prod_145,1,22.81
570392df-8541-401e-bf7b-57cdedd58705,cust_135,2025-06-19T21:16:34.047621,272.86,prod_17,2,136.43
89a5c5c9-ab34-440a-99e6-43e47db54622,cust_182,2025-07-14T08:08:58.047621,132.87,prod_194,3,44.29
6c24d3e0-1ef6-4504-a8ac-60ee0ad07cce,cust_449,2025-03-13T01:55:06.047621,406.95,prod_38,3,135.65
582fb828-2b34-4f94-bce3-80e4f1d05ee4,cust_321,2025-05-21T09:50:37.047621,130.5,prod_139,3,43.5
5a7df9bf-ed7e-4d30-93bd-acfbb489c345,cust_493,2025-08-08T22:00:17.047621,76.58,prod_195,2,38.29
bb0b1987-4c66-4e8d-bef6-e7c2856228a6,cust_361,2025-07-02T06:32:59.047621,327.56,prod_15,2,163.78
c6c8b563-bde7-4abe-8887-cf86b4eb8a61,cust_331,2025-03-10T12:44:31.047621,179.56,prod_171,2,89.78
4e509d1b-8db4-478e-bea9-475282a0fcac,cust_46,2026-01-11T13:37:22.047621,151.96,prod_128,2,75.98
5b480100-c54d-49c2-8a23-c9f62c9cd4a1,cust_111,2025-11-22T15:03:05.047621,48.58,prod_143,1,48.58
27a9d838-0182-423d-baaf-232e817793ef,cust_417,2025-02-01T03:48:13.047621,114.87,prod_195,3,38.29
1c94a27c-ccad-492f-bedf-71b738b1d967,cust_25,2025-02-04T10:08:09.047621,38.01,prod_113,3,12.67
3ad75c03-2d20-488a-82ed-37b5688705a5,cust_407,2025-05-11T09:02:51.047621,270.08,prod_175,2,135.04
b49a116f-328c-4ae3-8d9f-3e740509a67e,cust_410,2025-12-02T00:32:23.047621,146.94,prod_79,2,73.47
c4af563e-e66f-43be-8ffd-43e567701d62,cust_460,2025-04-19T09:08:56.047621,228.45,prod_87,3,76.15
49bbe9ae-97d0-4ce7-9651-63540058ef25,cust_45,2025-08-10T14:21:04.047621,311.61,prod_126,3,103.87
a4ce97eb-38dc-450d-82cb-c1ba01dbf320,cust_438,2026-01-13T20:12:21.047621,524.1,prod_3,3,174.7
7f07dfa4-d8e7-4313-a72d-3460c0b3ff60,cust_337,2025-11-01T12:02:00.047621,114.87,prod_195,3,38.29
f080a6f7-3905-4fae-a278-c9e48f661101,cust_41,2025-07-04T15:42:38.047621,125.49,prod_118,1,125.49
f9bab3a9-ed9c-4184-a567-b45ee2089646,cust_52,2025-12-27T17:38:02.047621,159.31,prod_28,1,159.31
63654bf3-7c52-4f8c-a1fa-750ce062a6bf,cust_429,2025-09-20T12:15:30.047621,103.87,prod_126,1,103.87
12b18af2-da27-4a91-ac88-f0867b149d3a,cust_382,2025-08-31T21:40:01.047621,293.7,prod_115,3,97.9
89aacf05-7a26-4b05-aa7f-9b987cdd5e6f,cust_475,2025-03-27T19:15:45.047621,122.01,prod_53,3,40.67
d852ea02-d602-43ea-9605-8594d9bc2552,cust_362,2025-10-05T17:18:33.047621,119.9,prod_103,1,119.9
995d72dc-5aa7-4da4-b359-1c7832e5206e,cust_286,2025-09-27T03:57:29.047621,72.49,prod_71,1,72.49
69f065e5-9b32-4c9b-b1cd-21dcf853df41,cust_15,2025-07-31T13:16:27.047621,154.37,prod_66,1,154.37
8c199fd9-f384-4c40-9ce2-e3c6bca91a29,cust_119,2025-07-17T02:20:40.047621,165.16,prod_179,2,82.58
30e012d6-1208-4ad2-a23c-80d884d914d7,cust_304,2025-12-05T15:53:40.047621,179.68,prod_142,1,179.68
b412847d-d65b-4e3e-9020-8c479ceebcaa,cust_169,2025-07-06T12:42:17.047621,116.43,prod_16,3,38.81
f1a70609-4c80-49bc-a0b8-6e53f083274b,cust_217,2025-06-16T12:08:51.047621,149.38,prod_24,1,149.38
c12866b0-026b-42a5-87bd-bed71d2bd6c8,cust_118,2025-11-26T20:02:04.047621,155.16,prod_81,2,77.58
a8ae75c0-02e4-4cec-84df-06b0aeacfeae,cust_284,2025-05-27T21:02:42.047621,158.93,prod_48,1,158.93
9afb0f29-008c-44ad-8312-805757f655a6,cust_455,2026-01-18T11:59:11.047621,132.21,prod_199,3,44.07
f2bd958f-492b-44ae-b693-80f2802f9d61,cust_408,2025-06-19T09:54:01.047621,95.6,prod_180,2,47.8
02d7d093-28bb-4100-9b8a-7594dedf8675,cust_437,2025-10-29T21:51:59.047621,196.84,prod_67,2,98.42
0296a7ca-7612-45dd-843f-424b66865464,cust_67,2025-05-19T11:27:17.047621,256.98,prod_58,2,128.49
cc75f29d-35c9-4226-b497-d9c3f529befb,cust_331,2025-03-14T01:08:30.047621,182.3,prod_102,2,91.15
363ae046-d1eb-4da2-90f3-afe8b1e93302,cust_281,2025-04-17T13:21:23.047621,247.74,prod_179,3,82.58
c063d467-d322-4341-86ac-06b4985f9fca,cust_86,2025-10-16T03:16:48.047621,298.8,prod_162,3,99.6
392da015-b51e-44e1-94bb-bff466901316,cust_318,2025-03-31T14:02:52.047621,153.82,prod_88,1,153.82
514133d1-9791-4fe8-8044-eb4a77b7e5ad,cust_409,2025-10-19T01:30:31.047621,165.16,prod_179,2,82.58
1b8fea01-6da6-4695-8091-22f7cbe1d554,cust_165,2025-03-09T05:34:29.047621,135.65,prod_38,1,135.65
ca58762e-fb87-417f-a279-c2da014064fd,cust_24,2025-04-23T03:22:17.047621,541.86,prod_56,3,180.62
ada241df-4993-4c13-9fbf-fd7579ae0eb7,cust_248,2025-12-21T21:45:32.047621,117.81,prod_163,3,39.27
45b2aea0-8d6d-4610-b8e2-9e0da45a407e,cust_410,2025-03-25T18:39:51.047621,130.87,prod_36,1,130.87
9c9ba559-fa70-4fea-890d-e7d25d7070bc,cust_173,2025-10-15T12:31:31.047621,106.22,prod_23,2,53.11
9162323c-82c8-4ed9-bf03-e28defd0a00e,cust_182,2025-09-21T12:09:32.047621,26.76,prod_170,3,8.92
6df8df77-9485-4f88-bebf-7f0f08e7d7dd,cust_51,2025-10-18T21:41:34.047621,106.22,prod_23,2,53.11
36ab761d-d9a0-46aa-bc13-ef707b4fb312,cust_480,2025-05-29T15:19:07.047621,371.76,prod_181,3,123.92
4df13fe9-26ce-4e87-84d8-b55063a8d65f,cust_429,2025-09-01T14:02:10.047621,232.74,prod_81,3,77.58
7bd29ab4-26a8-45b3-a6f3-7505266068a3,cust_99,2026-01-22T02:06:10.047621,476.79,prod_48,3,158.93
bf4a5e33-de17-4afb-aba3-760342c96757,cust_127,2025-07-02T21:43:02.047621,76.68,prod_183,1,76.68
73551265-946e-4e1d-8860-2f9f01c0b5f4,cust_183,2025-04-12T15:29:36.047621,362.98,prod_90,2,181.49
2ddc9614-f9a2-4d6f-84db-9fcd72705ad9,cust_104,2025-07-16T04:54:06.047621,240.54,prod_122,2,120.27
f7f52b8c-8875-46b7-94d9-ac036a26dec9,cust_330,2025-04-02T23:34:02.047621,154.96,prod_152,1,154.96
4d5a0c6b-f549-455b-be71-9f633d5ad8d8,cust_102,2025-07-12T10:20:20.047621,158.13,prod_69,1,158.13
2d917449-ade1-4b6a-b09d-2311294cece4,cust_126,2025-12-14T11:30:50.047621,8.92,prod_170,1,8.92
24daccf4-2501-4238-ad80-4358ab9e0cca,cust_214,2025-06-12T06:45:41.047621,179.72,prod_51,1,179.72
3fe354bc-80ce-4760-9f3b-2904bfa82bf7,cust_106,2025-10-12T19:31:59.047621,228.45,prod_87,3,76.15
2385e61d-84bd-4300-a99c-724b8bd3140d,cust_382,2025-09-30T10:46:33.047621,121.42,prod_168,2,60.71
8373678e-0b12-461d-8e21-c5cd154ccc76,cust_268,2025-04-13T00:36:18.047621,87.87,prod_98,3,29.29
3f62ec3e-27ff-4179-b230-95c5e83c1513,cust_337,2025-05-15T15:29:33.047621,48.79,prod_100,1,48.79
1509f00f-0cec-4474-a9c2-ae14b1f8b6c2,cust_58,2025-07-31T13:34:29.047621,290.9,prod_112,2,145.45
a6df1e07-91bd-4f6a-aa53-e30a32056628,cust_233,2025-04-29T05:14:13.047621,169.3,prod_188,1,169.3
7f5a667f-4469-4c70-b44a-31ce5c7c671d,cust_99,2025-03-18T16:14:31.047621,232.74,prod_81,3,77.58
0e1cd4eb-a954-4d19-9700-6f8f0569e9da,cust_135,2026-01-21T15:31:55.047621,34.39,prod_8,1,34.39
428ba022-e4cb-4908-bba3-2680d4118709,cust_391,2025-11-09T03:56:40.047621,118.36,prod_153,1,118.36
f6a5c725-2b27-4d48-801d-740304ec1ade,cust_412,2025-07-07T05:12:55.047621,86.76,prod_104,2,43.38
ee7bdca9-e189-4e05-ad71-ff71a36d8a3c,cust_449,2026-01-03T00:16:49.047621,68.78,prod_8,2,34.39
3b7e50de-a7e6-495d-9cc0-0a9705c6e086,cust_85,2025-09-23T18:26:27.047621,477.93,prod_28,3,159.31
a9186eb0-71f9-4864-bc37-38ed44d90b8d,cust_439,2026-01-15T13:38:37.047621,146.53,prod_99,1,146.53
43f53a27-6418-4145-9231-7764a1740404,cust_272,2025-05-31T10:04:12.047621,559.89,prod_2,3,186.63
e990df60-6a2f-4591-967d-dfaefee29b0a,cust_169,2025-02-07T05:19:17.047621,298.76,prod_24,2,149.38
34241ba0-4d69-4a3f-9dff-fbeb678886a4,cust_377,2025-05-08T22:14:50.047621,127.23,prod_140,3,42.41
cb632b4d-4560-4583-8702-dd8c57f1414c,cust_325,2025-11-11T13:23:47.047621,103.2,prod_70,1,103.2
1381f116-f0c7-490c-a7ff-5194f730e39c,cust_227,2025-07-09T15:07:46.047621,101.59,prod_125,1,101.59
836549c7-8534-4414-be85-7209e6d73b55,cust_496,2025-07-24T11:26:33.047621,79.36,prod_136,1,79.36
eca3acb8-f694-4795-bf55-4c224441560e,cust_249,2026-01-22T14:56:39.047621,231.42,prod_161,3,77.14
4e5743ca-bbf9-4bae-842e-c95178204b42,cust_149,2025-02-26T00:01:58.047621,91.15,prod_102,1,91.15
822e5a4f-0fd0-4287-a14f-7ad99dd5689b,cust_393,2026-01-17T08:20:47.047621,102.31,prod_198,1,102.31
2cc34f02-3dac-4fcb-be6e-b3bab521fdff,cust_169,2025-10-26T19:17:38.047621,259.86,prod_32,2,129.93
18457f59-4bbf-4193-b4a4-988464272db3,cust_362,2025-11-19T09:19:46.047621,316.26,prod_69,2,158.13
81ece40d-0f8f-4f48-a844-9daf6fc3e416,cust_110,2025-06-16T22:24:19.047621,91.63,prod_184,1,91.63
161c877f-8f69-439a-8899-25f8d31a0fec,cust_44,2026-01-03T08:12:01.047621,452.16,prod_11,3,150.72
0780b551-d4ff-40b6-b0b6-facef1f4a0e9,cust_150,2026-01-08T23:00:40.047621,347.68,prod_40,2,173.84
20eab740-dbb4-4b82-9603-cf50e3819a67,cust_52,2025-09-05T01:46:45.047621,241.72,prod_7,2,120.86
4d8d404c-3932-4692-a3df-68418e790413,cust_393,2025-06-11T23:30:23.047621,130.5,prod_139,3,43.5
1e6988d1-76c0-4fb8-8ea5-9597b6e5a9ad,cust_453,2026-01-08T08:33:46.047621,91.2,prod_186,2,45.6
2e4802d8-db3e-4c30-b7ca-7d8712011163,cust_163,2025-05-20T16:50:41.047621,17.84,prod_170,2,8.92
d60e1944-a03b-4142-9d34-ef9883080b02,cust_42,2025-07-24T13:27:13.047621,495.18,prod_192,3,165.06
9aeffcab-2500-49b3-931e-4da3cdae96a4,cust_463,2025-07-13T12:12:40.047621,153.4,prod_35,2,76.7
9875543e-2c1e-4d1d-b5e9-c5af98bc17a3,cust_336,2025-12-18T05:34:56.047621,188.0,prod_94,1,188.0
b0d2d0b9-76b2-412f-a883-ae8b77200c52,cust_28,2025-12-20T18:07:24.047621,65.77,prod_173,1,65.77
c705dd09-7e09-4b64-8687-27350e13a4bb,cust_295,2025-12-20T20:10:48.047621,167.6,prod_110,2,83.8
ce7af816-49a6-4b3b-9b91-72b363599eb9,cust_440,2025-08-06T23:35:56.047621,140.76,prod_96,3,46.92
842c1255-e05d-484a-8cbe-227e2106a698,cust_44,2025-07-14T06:59:27.047621,311.61,prod_126,3,103.87
4f5427f7-988e-4e7a-b8cc-923d30eb0ede,cust_254,2025-12-16T19:15:31.047621,153.52,prod_196,2,76.76
02e63c92-83ba-4516-87b6-63cb6526971a,cust_30,2025-09-01T12:23:30.047621,143.4,prod_180,3,47.8
a7a63e46-7dfb-468a-9dd6-1ac079973783,cust_247,2025-05-30T06:16:12.047621,477.93,prod_28,3,159.31
c50e7e53-3270-47ec-8dde-dc05404720e2,cust_211,2025-02-08T14:07:41.047621,194.04,prod_97,2,97.02
24af8e21-45cc-48a6-9d8d-27fe65955107,cust_340,2025-03-12T18:11:58.047621,376.47,prod_118,3,125.49
956c1e9b-a846-440e-88fd-c92deaeb6fd5,cust_9,2025-10-17T03:50:22.047621,57.26,prod_155,1,57.26
55e0ef76-b3b0-4db9-a92e-40647634ea78,cust_110,2025-09-24T15:17:43.047621,42.6,prod_82,2,21.3
7d13a292-0e10-474a-92c0-2c32a38b2bb0,cust_482,2025-03-25T09:49:12.047621,131.04,prod_27,2,65.52
525e7eaa-cf9a-4e0a-90d1-41f7069541cd,cust_283,2025-02-10T01:49:49.047621,75.98,prod_128,1,75.98
ba128ea3-bf29-4dfb-b67e-7cb99ef05e84,cust_316,2025-12-29T02:45:44.047621,127.23,prod_140,3,42.41
e2374664-2be5-486c-a7f9-c3cc61296c52,cust_91,2025-04-10T00:37:45.047621,131.04,prod_27,2,65.52
1b5a4db3-c8b8-471a-95c8-73c16b6308af,cust_126,2025-06-05T02:17:00.047621,63.9,prod_82,3,21.3
a9778fb8-3956-487f-80cc-4c259e9b9f75,cust_7,2025-10-10T22:09:03.047621,188.3,prod_134,2,94.15
52c50666-479a-423a-bf45-41ca1c2eff3b,cust_482,2025-09-11T12:51:33.047621,187.38,prod_148,1,187.38
7020a3dc-1b97-4836-82d2-4589e572414f,cust_353,2025-11-03T07:08:43.047621,137.52,prod_160,3,45.84
1ae31b11-46a9-4744-9fd3-a6380f9d58dc,cust_427,2025-09-19T10:09:09.047621,59.66,prod_59,2,29.83
d5d05b70-b6c8-4cb6-ae7b-c995cf101596,cust_137,2025-09-08T22:56:43.047621,239.31,prod_42,3,79.77
e0428038-0b04-4ce3-807f-63e87b2178e6,cust_31,2025-04-04T13:37:02.047621,76.15,prod_87,1,76.15
d453330c-fd7d-42e7-b4f9-c7296ddbe638,cust_351,2025-12-10T01:55:30.047621,63.9,prod_82,3,21.3
4204b767-736a-45e1-8c52-644855253b6c,cust_208,2025-02-10T04:59:59.047621,236.72,prod_153,2,118.36
b1219f76-8700-4384-a9a3-81536f23c13e,cust_335,2025-10-19T15:54:04.047621,13.86,prod_60,2,6.93
4aab2fb2-64ce-4019-9ffe-a2350a692d5d,cust_58,2025-10-15T00:05:01.047621,68.78,prod_8,2,34.39
33a8b6e5-a123-4bc6-bf73-9c56521fc35e,cust_273,2025-04-27T08:19:22.047621,91.68,prod_160,2,45.84
00fbc2b0-2910-40d5-aeae-3477371c3ee4,cust_405,2025-02-04T19:23:24.047621,541.86,prod_56,3,180.62
178ff1db-0df6-47a9-826b-af71053a8598,cust_453,2025-07-12T18:33:48.047621,203.18,prod_125,2,101.59
8fd363f5-c0a6-4680-9ba5-580e1f176afd,cust_195,2025-08-22T12:59:20.047621,145.97,prod_20,1,145.97
51edd27d-3797-42d5-b18b-f86da33cc492,cust_456,2025-12-01T23:57:59.047621,79.77,prod_42,1,79.77
4022bc39-7bf2-42d4-bd51-63327df5888f,cust_455,2025-10-10T09:35:11.047621,15.63,prod_127,1,15.63
7ef59106-9f92-4ac2-a381-9f37751b5a56,cust_435,2025-02-22T05:33:18.047621,180.3,prod_33,1,180.3
f45081fb-6a34-4cc0-823f-ab7bbb851259,cust_52,2025-04-20T15:11:41.047621,160.78,prod_34,1,160.78
9e079fcf-8a2f-4d85-91b3-38eb2f550cbe,cust_492,2025-03-06T04:43:49.047621,197.31,prod_173,3,65.77
3282698e-a32b-4ec7-a80c-5cd89674a9be,cust_42,2025-12-14T02:30:23.047621,65.52,prod_27,1,65.52
44774a4c-3da7-4e6b-94da-461038d0e5e2,cust_391,2025-03-30T08:58:06.047621,123.84,prod_147,1,123.84
62a5264f-5afe-41cf-a516-e248505f3c32,cust_32,2025-12-01T02:08:08.047621,66.35,prod_1,1,66.35
a33939b4-5c17-4cbd-abb0-b2dffff50f84,cust_167,2025-04-04T17:25:38.047621,60.71,prod_168,1,60.71
b547a8b4-6ec4-44aa-948b-a77b383f0f84,cust_185,2025-02-27T03:42:50.047621,119.34,prod_49,1,119.34
8e45854e-5215-4cff-94d9-1bcd592b7f7b,cust_433,2025-02-27T04:14:43.047621,113.36,prod_132,1,113.36
56f1b9c4-67ae-4b51-b9fd-a9266b5c76b4,cust_124,2025-03-11T13:36:27.047621,159.9,prod_93,3,53.3
4f631718-3e6a-4735-b162-d4c45042a657,cust_24,2025-11-09T11:06:31.047621,323.52,prod_114,3,107.84
f7076926-962d-44d8-bda6-1bb5f0e31d12,cust_393,2026-01-22T07:31:27.047621,251.76,prod_95,3,83.92
a1897ed7-b732-4b37-9486-9930182b4980,cust_178,2025-12-27T14:07:16.047621,232.74,prod_81,3,77.58
33b53bc4-46d5-40bb-9a87-7058d3c84ba1,cust_301,2026-01-27T09:19:50.047621,105.29,prod_19,1,105.29
f9420e0a-123b-48dc-999c-2fe6d538ee96,cust_382,2025-03-06T21:46:05.047621,154.37,prod_66,1,154.37
b402cf0f-edc1-469c-86ff-56a900bc5222,cust_439,2025-10-03T16:06:11.047621,239.8,prod_103,2,119.9
4d6cb32e-db13-48e2-86b8-8a5ac950f0e2,cust_12,2026-01-20T16:01:43.047621,492.48,prod_101,3,164.16
09153d4f-2b47-49fb-a704-011e9b85d61a,cust_306,2025-05-20T06:12:32.047621,385.47,prod_58,3,128.49
9a5504b9-a859-4216-96a3-6524cf1ce4f2,cust_405,2025-05-27T12:18:10.047621,29.83,prod_59,1,29.83
3b1e0089-c7a2-4205-adb7-b6f976aa1cb9,cust_70,2025-10-16T00:28:49.047621,99.6,prod_162,1,99.6
79913c6a-d1eb-4ef4-8024-4e4b43dda11d,cust_343,2025-11-11T04:26:34.047621,477.93,prod_28,3,159.31
8f2a6d67-f6c6-416e-8f78-1388d79f8f2e,cust_467,2025-02-19T13:49:26.047621,160.52,prod_157,1,160.52
05d8a7b0-98cb-4eeb-a688-e2d3de9e3c24,cust_175,2025-04-17T06:11:38.047621,396.16,prod_78,2,198.08
cb9ca2a0-2b8c-4cf0-8710-98e36e8053c6,cust_285,2025-10-03T22:34:23.047621,29.16,prod_165,1,29.16
a864295b-75c5-46ef-b330-a3c9cf77d0f5,cust_228,2026-01-25T19:00:53.047621,273.45,prod_102,3,91.15
4a40dca1-e979-4e69-bf85-73e11b1ee5bf,cust_342,2025-06-13T00:27:27.047621,298.8,prod_162,3,99.6
7c919d7d-c630-4731-a24b-edbfbcd743c6,cust_389,2025-06-04T14:41:00.047621,355.86,prod_72,2,177.93
993c045b-73db-4469-b08f-063d26c82277,cust_435,2025-04-17T03:50:51.047621,47.8,prod_180,1,47.8
c8e93e25-6daa-4b33-a96a-5e9e2b7ee5da,cust_241,2025-04-27T06:17:48.047621,125.49,prod_118,1,125.49
3dd4d5a6-a360-4035-a8f3-a3dadcbccd04,cust_208,2025-10-26T15:02:35.047621,57.26,prod_155,1,57.26
90bd0e8e-5526-4e77-822d-88fc1c42882a,cust_465,2025-07-10T06:09:21.047621,46.92,prod_39,1,46.92
7dd8a7e4-1ca3-4b76-9561-ecdc9ea68c7f,cust_380,2025-12-16T05:04:29.047621,461.46,prod_88,3,153.82
5b80b20d-64ee-440f-8a10-740eb7d3645c,cust_273,2025-09-22T19:45:23.047621,111.78,prod_135,2,55.89
f817cbee-eb6c-4477-a8c6-c0d130d18b64,cust_144,2025-03-10T19:24:49.047621,295.26,prod_67,3,98.42
894e1c63-2364-4251-9a62-78fa8ec73adc,cust_108,2025-02-17T14:11:00.047621,291.06,prod_97,3,97.02
01ea65ad-f771-4afd-a76f-1126c6365fd9,cust_51,2025-11-21T14:19:54.047621,153.36,prod_183,2,76.68
c3c5bc17-2395-4e1b-a16d-c2bc73c40869,cust_209,2025-11-06T10:58:47.047621,182.3,prod_102,2,91.15
36b47a29-9372-47a3-b936-583186bbd3e0,cust_316,2025-07-09T10:22:02.047621,79.13,prod_50,1,79.13
7e536613-1f07-4376-8078-cdbedb11f457,cust_62,2025-10-10T14:22:35.047621,298.8,prod_162,3,99.6
86593fdd-79b1-4485-a823-f145d3177da4,cust_128,2025-06-06T18:20:13.047621,240.54,prod_122,2,120.27
a21aa652-5c34-4c9b-bf40-99780b344090,cust_191,2026-01-04T05:35:49.047621,136.8,prod_186,3,45.6
68fa37d0-dd45-4a80-aec8-aef03d638e8f,cust_450,2025-08-19T21:52:40.047621,271.3,prod_38,2,135.65
7826ae91-0e3d-44b5-b0c0-91f1a21a04dd,cust_291,2025-09-27T11:58:57.047621,149.36,prod_55,2,74.68
bef67737-df2c-499a-acf9-302f992d8ad1,cust_332,2025-10-10T13:11:11.047621,115.1,prod_62,2,57.55
6664b04e-5c6b-461b-acc1-50c76634bc70,cust_330,2025-03-02T00:47:57.047621,76.53,prod_107,1,76.53
58e98bc4-5a6a-4385-ae59-5106356c0256,cust_381,2025-08-25T20:30:12.047621,55.89,prod_135,1,55.89
88253764-1d68-43a6-8c3e-14232d76c438,cust_385,2025-04-13T17:06:01.047621,362.98,prod_90,2,181.49
22a70c36-7e6e-4c46-9d18-cb9a63497769,cust_165,2025-02-11T16:01:34.047621,48.79,prod_100,1,48.79
7bcf5907-c557-4cfa-9958-5c948d31892b,cust_314,2025-03-09T11:12:40.047621,239.8,prod_103,2,119.9
599549ac-5780-46d8-92d6-9678b289482b,cust_73,2025-03-17T08:38:21.047621,185.28,prod_52,1,185.28
f8baaa4d-64bf-437e-9110-b411926eeebb,cust_33,2025-07-22T06:36:13.047621,25.63,prod_121,1,25.63
435da28c-7dfa-4044-8ed0-70c45f4cd7cb,cust_79,2025-10-14T03:37:09.047621,224.04,prod_55,3,74.68
a2818d53-0f05-498f-aa32-6a6ad135db98,cust_131,2025-09-02T21:32:49.047621,214.68,prod_190,3,71.56
947bfd69-8adc-4389-83c4-35e4ce9d684d,cust_290,2025-11-07T00:11:32.047621,180.62,prod_56,1,180.62
688d12c2-71cb-4dd6-9140-4dd607775645,cust_410,2025-11-29T12:33:02.047621,172.65,prod_62,3,57.55
6405f97c-da07-4e27-b5dd-557e13aa992f,cust_59,2025-10-23T04:50:44.047621,273.45,prod_102,3,91.15
5684149c-dbfb-48bb-bf6a-7452cd625590,cust_290,2025-05-28T18:37:52.047621,374.76,prod_148,2,187.38
659c2823-2961-45ac-870a-0912bf587d4f,cust_495,2025-11-30T00:07:39.047621,132.85,prod_37,1,132.85
97268461-5f94-4049-9bab-72f5144efc01,cust_392,2025-06-02T11:51:40.047621,154.37,prod_66,1,154.37
704d9a1c-0631-4fea-ae59-51fe910d194a,cust_388,2025-04-26T21:23:05.047621,306.93,prod_198,3,102.31
bbc83f7b-79a1-40fe-90cf-723d304f3950,cust_350,2025-08-24T04:07:08.047621,196.56,prod_27,3,65.52
013ada7f-38fc-4119-b4d4-d391f9997dde,cust_139,2025-07-01T03:49:20.047621,52.71,prod_31,1,52.71
c31dfa43-cdec-4a2d-a00c-0078ce1100ef,cust_351,2025-05-27T14:12:57.047621,364.28,prod_130,2,182.14
f2083936-ff44-4156-b265-f4f3eb4f3599,cust_127,2025-05-22T05:23:50.047621,67.89,prod_138,3,22.63
14227076-d0ab-4c10-b86c-bc0a2adb0768,cust_102,2025-06-25T19:02:44.047621,562.14,prod_148,3,187.38
8da12017-5c46-4a17-9749-76aa70d15c83,cust_331,2025-10-28T02:10:59.047621,44.23,prod_159,1,44.23
2d90af37-cde4-4273-9106-c2bebfd02b9f,cust_227,2025-04-16T08:50:48.047621,150.72,prod_11,1,150.72
8e7e52c5-6852-4c44-99d4-ae5993ee7e23,cust_58,2025-09-11T12:40:19.047621,406.95,prod_38,3,135.65
adb06717-dfa3-447b-abe1-df91fbdbdc93,cust_44,2025-06-17T03:00:00.047621,183.82,prod_105,2,91.91
ab0b249d-ddcd-4403-bb73-6df285a4c8b1,cust_199,2025-05-06T20:34:43.047621,448.14,prod_24,3,149.38
0d0edf6d-df3c-49ca-9392-7f340bb24ff9,cust_153,2025-02-15T12:29:14.047621,364.28,prod_130,2,182.14
a3ec002d-5a19-4411-b8ae-50497420a4a6,cust_495,2026-01-25T01:36:27.047621,396.16,prod_78,2,198.08
ed093b1a-94cf-4ec2-8a0b-1ed31ff8eba8,cust_232,2025-10-01T08:57:54.047621,179.04,prod_146,1,179.04
a6b56ca9-ae3c-465d-be7e-f49b1d3d399c,cust_358,2026-01-05T17:55:31.047621,89.41,prod_21,1,89.41
40bb9da7-19c2-4762-9d00-aa35c99babfd,cust_363,2025-03-25T17:09:10.047621,8.82,prod_158,1,8.82
576796d9-b2f5-4a97-8f5e-070eb106d1bf,cust_8,2025-11-03T12:33:56.047621,574.23,prod_26,3,191.41
ac3eb5d1-f435-4013-9868-52852798dfa6,cust_305,2025-03-12T18:57:54.047621,362.58,prod_7,3,120.86
db45bb3d-fa8f-43fe-ba46-81a4f20a218d,cust_170,2025-04-18T04:42:07.047621,46.84,prod_108,1,46.84
e99ff1a1-9dba-4fec-8e68-179c9144adf5,cust_288,2025-12-09T08:00:05.047621,43.38,prod_104,1,43.38
57867cc2-9e5e-42ab-8166-dbbb167a854f,cust_215,2025-12-06T15:01:00.047621,246.84,prod_73,2,123.42
95a66662-3041-46f4-bc3a-ce18eded9ea1,cust_53,2025-11-12T06:36:08.047621,125.49,prod_118,1,125.49
33fb8082-0e31-4a71-b74f-68f280fa011b,cust_374,2025-02-15T17:47:30.047621,71.24,prod_191,1,71.24
7e6008cb-84fb-4acd-aa5e-2b886002632a,cust_424,2025-09-14T17:03:22.047621,234.38,prod_18,2,117.19
50644960-b238-4fdf-a995-276d899d13e5,cust_432,2025-02-22T14:54:04.047621,155.75,prod_177,1,155.75
b7011d6b-d6ee-483a-97a0-eb756f23246d,cust_400,2025-03-22T12:33:32.047621,159.33,prod_23,3,53.11
27a008f6-2750-49a6-a5cf-7a6718c18bee,cust_329,2025-06-19T08:28:25.047621,96.99,prod_166,1,96.99
158704ef-290a-47bb-8221-1c0e2e7013a0,cust_472,2025-03-06T10:41:30.047621,159.54,prod_42,2,79.77
cd1dae9c-945c-4f15-9dd4-52395bcb9401,cust_495,2025-03-19T14:40:35.047621,282.45,prod_134,3,94.15
7a13ba70-cfbe-4dc5-8c3c-33bc311d4b65,cust_158,2025-11-22T19:02:02.047621,320.04,prod_44,3,106.68
2f3ce5d7-f4f4-4aff-9c26-a278e9c46f40,cust_13,2025-10-28T19:48:27.047621,119.9,prod_103,1,119.9
0b1cbc06-b98c-4591-bd44-7792ce7df7f8,cust_143,2025-12-29T03:00:24.047621,321.56,prod_34,2,160.78
0e64ecaf-8104-431f-ba1a-5f7820aa02fd,cust_204,2025-11-21T07:23:41.047621,239.31,prod_42,3,79.77
9a1cf5ff-c215-45e2-96cd-e09380f9b5ea,cust_398,2025-08-13T06:34:59.047621,195.8,prod_115,2,97.9
c9df7bc5-6bdb-4391-8acf-197ce5c8edae,cust_25,2025-03-18T19:08:37.047621,87.0,prod_139,2,43.5
d7677430-8539-499f-850a-db5c24cfa356,cust_64,2025-03-29T13:09:28.047621,7.65,prod_120,1,7.65
62e83dd7-390c-4bd6-a452-b131b1c527f2,cust_381,2025-12-30T20:34:27.047621,250.98,prod_118,2,125.49
ed5c2a7e-bd0b-4d88-879d-aea272bada4b,cust_15,2025-02-25T09:43:43.047621,61.97,prod_29,1,61.97
ec8ec03d-fc17-4dd7-bab0-694189dc69f8,cust_107,2026-01-06T20:21:02.047621,172.65,prod_62,3,57.55
d3c97e72-9179-494e-a272-86587a5cfa8a,cust_319,2025-11-08T10:19:29.047621,76.58,prod_195,2,38.29
a8b3086f-9662-4f7b-8df1-06c18630daba,cust_318,2025-07-24T13:09:38.047621,172.65,prod_62,3,57.55
a3230367-2d6c-4b50-a185-741cef41fc6c,cust_496,2025-06-17T09:16:41.047621,298.8,prod_162,3,99.6
a37f26a2-f7a7-4d3f-9252-0688ecda9d9f,cust_395,2026-01-07T04:58:07.047621,293.06,prod_99,2,146.53
879815a3-573c-4135-b310-b1b5fef948d7,cust_435,2025-11-29T08:27:30.047621,72.49,prod_71,1,72.49
779c51aa-f65d-4397-8e13-4c29422a896a,cust_54,2025-11-13T16:54:58.047621,29.29,prod_98,1,29.29
70bc3930-0e65-4d4e-b692-88ddec769f61,cust_494,2025-09-02T09:31:57.047621,158.26,prod_50,2,79.13
5cc1e3ac-ccc7-4e84-93e3-39bebd337499,cust_207,2025-02-27T17:22:07.047621,159.9,prod_93,3,53.3
eca01c3d-f137-4a72-93be-8414f88ed739,cust_425,2025-11-24T06:41:24.047621,355.86,prod_72,2,177.93
fa98ebd3-1160-4921-90c6-7f6804d3f89b,cust_398,2025-03-24T09:37:09.047621,164.1,prod_129,2,82.05
1f26bca5-fcb7-405c-88c9-4e800fe39935,cust_95,2025-11-11T21:05:20.047621,398.55,prod_37,3,132.85
7890a831-07a7-4ab7-b46e-f089b6ee1493,cust_350,2025-02-13T15:57:39.047621,173.62,prod_123,2,86.81
af61f8d8-7cd9-47c2-b401-2e29e8c8f3e2,cust_475,2025-02-07T00:55:26.047621,76.58,prod_195,2,38.29
0ea747d7-6d22-4ca6-b5bf-3f5a9a27f66c,cust_202,2025-06-08T03:02:09.047621,234.38,prod_18,2,117.19
92232f15-384d-425f-abd3-363a3562de06,cust_224,2025-03-19T19:29:11.047621,373.3,prod_154,2,186.65
d38ff9dd-43f2-4616-8db6-22e53ec64d0f,cust_325,2025-03-13T03:35:39.047621,375.12,prod_63,3,125.04
4930b3fb-61d8-4826-aed9-64cc1d9d4187,cust_238,2025-07-26T03:29:43.047621,135.04,prod_175,1,135.04
2f70d01c-899c-4729-a124-f468a49a4cad,cust_430,2025-05-12T20:18:47.047621,21.3,prod_82,1,21.3
1e65c329-1d1d-4e85-b767-4d59ccf6b782,cust_442,2025-02-03T16:00:22.047621,232.74,prod_81,3,77.58
9ca25017-2499-4174-b63b-3bbbce958a7c,cust_33,2025-10-06T04:40:56.047621,101.94,prod_116,3,33.98
b1436d49-0fba-4812-8509-005a49be6a5b,cust_331,2025-10-12T11:03:42.047621,145.62,prod_12,1,145.62
f094ec01-a373-4290-8f05-1b875883e58b,cust_239,2025-11-26T08:15:45.047621,89.41,prod_21,1,89.41
5224b91d-a66b-451f-8b84-0db65224ae6f,cust_231,2025-05-04T21:33:05.047621,254.7,prod_47,3,84.9
cc3b0500-1b70-4b5a-83e1-b5a55889c577,cust_333,2025-12-22T08:12:18.047621,166.74,prod_111,2,83.37
7ff75d67-8f3e-4118-9ed9-7370c39f5711,cust_18,2025-01-31T19:59:51.047621,562.14,prod_148,3,187.38
d7b6ebe5-8f36-41cf-a862-7771b6dfae0e,cust_266,2025-08-27T15:26:34.047621,173.84,prod_40,1,173.84
dea32bb6-9b5e-46a5-b4fc-dbdc51548127,cust_253,2025-07-21T17:41:18.047621,265.7,prod_37,2,132.85
2fbae5fc-eaaa-46d0-be83-73ee8e15c703,cust_28,2025-04-09T15:06:37.047621,476.79,prod_48,3,158.93
c4db3bd3-d9b4-4308-8bf9-9fac3334b453,cust_470,2025-09-05T05:23:51.047621,156.76,prod_41,2,78.38
99f2fe3d-bfa4-4301-9096-fc59870fef16,cust_488,2025-07-17T08:07:57.047621,66.35,prod_1,1,66.35
b0d457e2-1d0d-4136-a950-b195a4a1da42,cust_141,2025-09-20T11:25:48.047621,73.47,prod_79,1,73.47
ad9f1fad-5f10-456d-bf05-0f1d6d77ede3,cust_55,2025-04-18T17:49:35.047621,65.77,prod_173,1,65.77
9eee55ec-4592-4617-85ea-eb7032f513b4,cust_5,2025-03-11T14:36:10.047621,172.14,prod_30,3,57.38
4819c14b-f278-49f2-b41a-c1c34bfe2854,cust_263,2025-02-11T21:48:07.047621,153.52,prod_196,2,76.76
5937530b-c1b0-4df7-80f9-18c10d861905,cust_252,2025-04-13T23:31:14.047621,38.81,prod_16,1,38.81
0261de6f-5f3f-4254-b585-70713e62cf03,cust_344,2025-07-29T09:55:00.047621,33.98,prod_116,1,33.98
57e15294-6555-47e8-b83f-4fefb33e4955,cust_231,2025-11-05T16:38:50.047621,233.22,prod_84,3,77.74
785efd9c-ee9d-4786-a2b7-695e12a5805c,cust_169,2025-05-20T11:34:33.047621,368.26,prod_200,2,184.13
31d0456c-41ee-45b3-8a6f-4dff54016a32,cust_365,2025-02-03T23:25:38.047621,307.88,prod_80,2,153.94
0547202c-5bf3-4293-91b5-e59911004782,cust_15,2025-03-13T21:30:19.047621,71.56,prod_190,1,71.56
5bfdb1be-3d7b-4523-b80a-d30cd20e0b1d,cust_59,2025-03-17T03:53:01.047621,146.94,prod_79,2,73.47
ccabe50a-e869-4b68-a3e9-b1ccbed75278,cust_455,2025-02-17T17:15:00.047621,90.48,prod_6,3,30.16
1a35ef5d-0de7-4b93-adc9-a12a9f94f46f,cust_70,2025-03-29T12:37:27.047621,113.36,prod_132,1,113.36
58bcb7fe-59f5-43c4-b993-3e0f7f76d696,cust_422,2025-06-13T10:04:21.047621,125.35,prod_77,1,125.35
68026035-41e1-4bbb-8e8f-9ac70d3bd6e1,cust_1,2025-07-26T15:44:52.047621,83.37,prod_111,1,83.37
f62ba0ca-b6dc-4b81-84b4-39cffad15e59,cust_143,2025-07-04T22:40:31.047621,77.62,prod_16,2,38.81
81cd6c0b-b6ce-458a-b50d-b1f35aae95cb,cust_413,2025-05-29T08:00:17.047621,119.34,prod_49,1,119.34
9eb7a9ed-6a06-48cf-9679-b5d95a94fece,cust_120,2025-02-20T08:55:47.047621,274.89,prod_184,3,91.63
6b409629-f88d-4866-b462-29f6aa136136,cust_263,2025-05-03T08:00:25.047621,452.16,prod_11,3,150.72
9f0f3cb8-92bd-44ba-9875-f760ae47267e,cust_53,2025-02-14T19:13:42.047621,62.46,prod_76,3,20.82
e67104fd-a18b-4326-ae5b-4dab1919cd16,cust_478,2025-07-04T16:45:03.047621,359.44,prod_51,2,179.72
8f16667f-3f5f-4d90-b7b0-fad6c2e5e6db,cust_474,2025-09-20T00:34:18.047621,33.9,prod_45,3,11.3
bfe65b9e-6092-404e-a244-c10a2911e832,cust_119,2025-06-27T05:13:28.047621,26.9,prod_176,1,26.9
ff1b314a-0e68-47d7-a2e5-626fe01d2a7c,cust_55,2025-03-05T11:19:08.047621,130.71,prod_124,1,130.71
124e90a6-1405-4436-92b3-eb4db35c7efd,cust_331,2025-05-22T21:06:17.047621,237.39,prod_50,3,79.13
04ecaa66-c6bb-4078-8b9b-dac2eb32c3fc,cust_233,2025-12-27T02:18:16.047621,355.08,prod_153,3,118.36
65107ca4-51ca-4482-92fc-a6f4c5178e66,cust_437,2025-11-19T14:00:54.047621,117.19,prod_18,1,117.19
9ad137ff-559a-4bdb-8911-fa308a792cfc,cust_104,2025-04-26T04:24:44.047621,338.6,prod_188,2,169.3
68d5d268-4684-4ab3-8d8d-1a82810180c1,cust_460,2025-03-09T20:15:54.047621,271.8,prod_43,3,90.6
a154e52f-eafd-4f06-af6f-2b9564e7ee27,cust_290,2025-12-08T03:55:18.047621,181.2,prod_43,2,90.6
529a1292-cb4f-4862-b8ce-909aa838c821,cust_125,2025-03-15T00:30:06.047621,133.07,prod_119,1,133.07
8bb9afce-680b-4983-a8a5-2b65b0651fa5,cust_358,2025-12-16T16:11:15.047621,196.56,prod_27,3,65.52
c03a053d-0ffe-49ac-a04e-c99b659d70f1,cust_336,2025-11-30T13:28:13.047621,153.4,prod_35,2,76.7
f8388ab6-632f-4d9c-9856-68d4aa76b4eb,cust_381,2025-05-02T19:56:12.047621,80.66,prod_106,2,40.33
32faf97a-a6d9-49d3-b3eb-47fcdaa7b99b,cust_354,2025-05-26T04:00:26.047621,291.06,prod_97,3,97.02
5d05739a-d19d-4f41-a7f8-30d6b2f8a59e,cust_228,2025-06-23T07:29:40.047621,133.8,prod_68,3,44.6
729c15f0-d7df-4cd8-8698-8c3c54a9faf2,cust_254,2025-08-31T17:50:00.047621,298.76,prod_24,2,149.38
36148c9e-83c4-42db-91e9-33114ddb040f,cust_93,2025-09-12T01:39:45.047621,146.37,prod_100,3,48.79
cbaa44ea-3efb-49b8-aa13-e0ee42e3ed11,cust_87,2025-07-22T16:38:00.047621,65.52,prod_27,1,65.52
7ffee93f-2e4d-4cbd-bc77-5c2e949c204c,cust_107,2025-03-30T12:04:16.047621,261.42,prod_124,2,130.71
a1064a38-406f-46fb-b702-c9208018874c,cust_367,2025-07-20T18:55:13.047621,79.13,prod_50,1,79.13
e42c239f-804f-4211-bedf-98793ab60425,cust_206,2026-01-24T14:15:28.047621,274.89,prod_184,3,91.63
3e9e990b-911c-4a40-b586-e5be0a4b6c61,cust_291,2025-04-22T07:01:22.047621,293.7,prod_115,3,97.9
173f0def-bbfc-45e9-b1c5-d413be717524,cust_321,2025-07-01T19:43:30.047621,91.74,prod_137,3,30.58
53873467-2544-4b01-9dba-5f937d5e79a7,cust_170,2025-02-10T02:48:29.047621,315.87,prod_19,3,105.29
225a1dc7-f447-4320-8764-8705b607a42b,cust_399,2025-03-06T18:40:08.047621,213.36,prod_44,2,106.68
891be32e-6259-4cbb-a9df-45577ca7f87e,cust_37,2025-03-18T23:00:43.047621,40.33,prod_106,1,40.33
fa28eb98-0d57-45a5-9970-08125603ebc5,cust_341,2025-02-24T04:29:41.047621,64.33,prod_131,1,64.33
868a1717-9fb9-422e-9395-1ece599bf651,cust_271,2025-08-25T00:23:15.047621,174.54,prod_151,1,174.54
a2056e52-f433-4fbd-8c56-2a7086c540c8,cust_126,2025-10-15T13:37:08.047621,463.11,prod_66,3,154.37
96cbec94-0af1-40d8-9947-4d3f6ed2da91,cust_461,2025-05-12T16:41:15.047621,98.42,prod_67,1,98.42
13e88b19-06fb-4cc6-ab06-b54a786f7d6e,cust_250,2025-10-28T18:48:20.047621,119.34,prod_49,1,119.34
1dc2eb7a-f0d6-4d46-8a80-7f62a8649d4a,cust_405,2025-03-01T09:22:46.047621,159.08,prod_150,2,79.54
224036c3-5cb2-483f-a4ab-4aab75bd7b72,cust_17,2025-10-27T11:55:34.047621,81.62,prod_144,2,40.81
000793d4-cad8-486a-a706-fe3afeaf4643,cust_273,2025-06-25T23:47:46.047621,123.84,prod_147,1,123.84
3c21687f-9f7f-49e7-b765-25c2be48990c,cust_38,2025-02-05T05:14:17.047621,323.43,prod_57,3,107.81
8ee3837e-147f-4d45-846b-6a502c46c7dc,cust_301,2025-12-29T15:57:28.047621,359.7,prod_74,2,179.85
4466b02f-9c1c-4b6b-9640-f0668b3fdc83,cust_449,2026-01-25T20:39:30.047621,160.78,prod_34,1,160.78
98ed4ea7-acae-4aef-b0be-2b13464e2df5,cust_361,2025-11-08T20:45:44.047621,251.76,prod_95,3,83.92
7a646016-f2bb-4914-a1b5-8fc5e76b239c,cust_253,2025-02-02T13:35:39.047621,115.24,prod_167,2,57.62
f150dae2-bd99-440c-b20d-cc97f2ee7bef,cust_27,2025-02-23T06:58:02.047621,153.82,prod_88,1,153.82
88914b07-1de8-4ded-a60b-b35686cd1d6f,cust_97,2025-09-01T14:51:18.047621,364.28,prod_130,2,182.14
6ee1f6ac-152f-42ac-b2e3-1dc63eaf33cf,cust_382,2025-03-21T03:00:52.047621,398.55,prod_37,3,132.85
f40aee96-946a-4fa1-b3a9-2e42da3b6760,cust_112,2025-05-03T20:53:07.047621,301.44,prod_11,2,150.72
9aa92ef6-f438-484c-a702-2d30d79ce0cd,cust_12,2025-09-05T18:15:03.047621,122.01,prod_53,3,40.67
7ae39cd9-dfe4-4e2d-8317-4f6361b44aae,cust_407,2025-07-01T23:17:32.047621,376.47,prod_118,3,125.49
eba8bd42-d362-4f12-8219-112721721443,cust_294,2025-05-07T21:09:45.047621,59.66,prod_59,2,29.83
dfa71114-7124-4c34-a86f-96ab6833d0e8,cust_105,2025-07-01T14:04:28.047621,188.0,prod_94,1,188.0
16c401b7-1915-4595-93ef-6d145637ebf5,cust_185,2025-07-22T23:10:56.047621,73.47,prod_79,1,73.47
932c1d71-8a1d-4beb-86de-0c8f54a2cccb,cust_246,2025-09-20T14:10:49.047621,163.32,prod_178,2,81.66
077908f5-b976-4367-9527-ff21bbd4a2ed,cust_18,2025-08-07T11:08:07.047621,320.04,prod_46,3,106.68
246380d7-bfb8-47e4-a9ea-8b3fab23f78d,cust_289,2025-09-30T10:32:31.047621,93.84,prod_39,2,46.92
322db31d-9772-48f3-953f-68fc9e94e202,cust_179,2025-08-26T15:57:45.047621,158.13,prod_31,3,52.71
7543644c-3c00-4ede-9d4e-647884af8d7e,cust_4,2025-04-12T11:17:44.047621,191.41,prod_26,1,191.41
0865efdd-86fd-4a31-a06d-bb17f4bb66ba,cust_43,2025-03-18T05:08:41.047621,29.16,prod_165,1,29.16
373e3350-f12b-42db-ad80-6e6611a67bb8,cust_294,2025-12-29T13:05:22.047621,167.84,prod_95,2,83.92
1c837426-fe8d-4e4a-8866-9e05bd1dfa0d,cust_421,2025-02-22T03:12:52.047621,173.62,prod_123,2,86.81
f12ecc6f-cb7a-4582-bb96-0fa1e8fc01df,cust_353,2025-06-10T11:38:00.047621,159.9,prod_93,3,53.3
05ff3147-0759-4ea3-a326-f323d33cc5cf,cust_358,2026-01-11T06:24:38.047621,370.26,prod_73,3,123.42
d0d371f1-84d7-4f54-b117-1e6a5d451725,cust_475,2025-03-10T18:01:20.047621,97.02,prod_97,1,97.02
f1220ca2-f98c-4ddf-849e-eeb77301ffa0,cust_278,2025-10-28T03:28:09.047621,153.52,prod_196,2,76.76
fb91f7d0-305a-4172-aacb-2a8ffcf40573,cust_235,2025-11-23T08:05:23.047621,186.63,prod_2,1,186.63
5ed484e6-bf3f-417f-871a-9e300d1df236,cust_402,2025-05-24T00:16:15.047621,57.26,prod_155,1,57.26
5ec813cf-eb55-4586-ad7c-4632783699b1,cust_198,2025-12-05T08:34:29.047621,92.54,prod_10,2,46.27
ce86612b-f407-4522-9505-d85e70da56d3,cust_93,2026-01-10T07:20:29.047621,373.26,prod_2,2,186.63
8607565f-622a-4cc1-b140-69ad79590e66,cust_415,2025-08-11T16:39:40.047621,179.56,prod_171,2,89.78
de23b7d0-5e00-408b-b780-a6aec6b915c5,cust_224,2025-05-01T00:19:02.047621,36.76,prod_174,1,36.76
a66e43f8-d1b9-4021-8854-e17fa36c7953,cust_290,2025-10-13T23:04:19.047621,73.52,prod_174,2,36.76
99a15a13-3f4c-478f-be3f-0c473d3d059a,cust_482,2025-06-28T17:47:27.047621,33.98,prod_116,1,33.98
987222c6-4174-4195-aa91-3f595fec1837,cust_237,2025-10-18T18:21:35.047621,151.96,prod_128,2,75.98
45bddbb0-4d5e-4011-ab9d-2c6c335d1160,cust_29,2025-04-16T11:25:18.047621,531.69,prod_164,3,177.23
6d3a3b1a-6df6-4f09-8879-803d42822490,cust_30,2025-05-17T17:20:14.047621,317.86,prod_48,2,158.93
dab4094a-980c-43a2-aed3-460f8594447d,cust_243,2025-06-10T04:36:17.047621,382.82,prod_26,2,191.41
5594904d-a1c7-4057-8a62-76aae507acba,cust_239,2025-11-13T07:50:57.047621,83.37,prod_111,1,83.37
86a68ff3-7337-42d1-bf26-d852d33a8944,cust_219,2025-10-16T12:37:22.047621,22.6,prod_45,2,11.3
de59e889-b5ee-456c-9b83-b6684ebb2119,cust_285,2025-05-27T10:16:34.047621,158.13,prod_31,3,52.71
a9cd8a45-59fb-4d57-81b0-49dc86db8396,cust_460,2025-09-24T22:49:04.047621,143.4,prod_180,3,47.8
56087123-d3b3-482b-aabe-56ab46a14fe8,cust_450,2025-09-06T09:26:51.047621,237.39,prod_50,3,79.13
f1899758-3226-47e3-baec-6ba7edb5a1e3,cust_441,2025-11-22T10:37:19.047621,79.54,prod_150,1,79.54
eff71101-766a-48c0-80a9-40f8e2c9543f,cust_29,2025-08-07T01:29:39.047621,250.98,prod_118,2,125.49
f38cf627-dfdc-4f3f-b987-569d9840c0a6,cust_66,2025-06-24T22:03:43.047621,301.44,prod_11,2,150.72
e674465c-0d10-443f-b884-ad70f775b59d,cust_261,2025-05-27T15:44:45.047621,243.36,prod_133,2,121.68
f3b458d6-7e32-4b30-a202-4fbf051e4622,cust_103,2026-01-09T15:33:01.047621,123.94,prod_29,2,61.97
a868c76b-8796-4685-b88c-27afd01c038d,cust_184,2025-06-27T19:32:22.047621,106.6,prod_93,2,53.3
882c4064-29c5-4957-99c7-8dbf11c106eb,cust_312,2025-12-14T22:51:48.047621,448.14,prod_24,3,149.38
b17d7374-1cdc-4419-80c1-202368a215e7,cust_489,2025-12-26T23:10:05.047621,25.51,prod_14,1,25.51
46acbaad-4d56-4d19-97c3-dff294ae789c,cust_50,2025-04-10T20:24:30.047621,301.44,prod_11,2,150.72
c3e57d4b-46e0-4315-a2bf-d189fc9d3b1f,cust_105,2025-10-27T18:17:27.047621,129.93,prod_32,1,129.93
22526d13-b7c2-4655-9a49-f072e20e6ad8,cust_208,2025-08-30T10:19:34.047621,436.35,prod_112,3,145.45
553aff2f-bd57-4987-9924-2d877b9156c9,cust_68,2025-09-20T15:40:17.047621,193.98,prod_166,2,96.99
16ee8548-126c-49df-8ee7-f7f5d6b8d8c5,cust_197,2025-03-26T03:20:58.047621,86.81,prod_123,1,86.81
1b796de3-6cda-4a8f-af71-2b01d8cc37f0,cust_333,2025-03-08T00:32:13.047621,181.2,prod_43,2,90.6
3eca48ff-a66d-4e78-979a-4c43c97a8df1,cust_479,2025-10-25T03:26:56.047621,73.11,prod_187,1,73.11
3be570d9-2bf3-4b5d-be7d-ce39f683ae1b,cust_475,2025-03-29T21:05:13.047621,78.54,prod_163,2,39.27
4c25018f-aa14-4ffe-bd23-077c23f6cdd3,cust_308,2025-12-10T23:41:20.047621,370.56,prod_52,2,185.28
a46dc861-09c6-4241-93f0-4339a96a7a29,cust_95,2025-11-16T16:23:33.047621,102.84,prod_189,1,102.84
324ff157-6b5e-46d4-a38d-fafbfdb992c0,cust_184,2025-11-26T02:18:33.047621,461.46,prod_88,3,153.82
4db5a3b3-37d3-43f6-b6c1-431bb13933a4,cust_185,2025-02-03T06:06:46.047621,143.1,prod_169,2,71.55
b9bb179b-4283-4a6e-9805-160a427cce42,cust_293,2025-04-29T01:28:22.047621,146.94,prod_79,2,73.47
8c89445c-88bf-45d9-a768-29f3fc9bca5f,cust_159,2025-08-16T22:19:25.047621,274.89,prod_184,3,91.63
f2e8e5d5-64d6-4bb1-9a9e-630a5b34ce4a,cust_389,2025-06-10T04:10:47.047621,191.65,prod_185,1,191.65
b6554062-952b-4299-8f6e-811139781000,cust_123,2025-05-10T23:55:50.047621,38.81,prod_16,1,38.81
234f86b7-5787-4364-b60b-9eb94e5e3f2f,cust_248,2025-09-29T15:04:48.047621,145.97,prod_20,1,145.97
75acc159-f7b4-4c98-bb38-fdb1d5d64dd3,cust_160,2025-10-16T14:58:39.047621,188.0,prod_94,1,188.0
1a9aa129-fe76-4f4c-96bc-88fa72fef64c,cust_13,2025-06-02T20:19:07.047621,199.05,prod_1,3,66.35
0d2c9425-df42-482b-bd5a-a0498f901f41,cust_2,2025-12-02T12:32:01.047621,182.14,prod_130,1,182.14
602f503f-01d1-46d3-af7a-d3d290507d6c,cust_496,2025-10-31T22:42:57.047621,102.84,prod_189,1,102.84
7e698041-7a36-439c-bc0f-185f6baf8d8b,cust_84,2025-07-08T02:16:24.047621,164.16,prod_101,1,164.16
0f6e1944-229f-4d43-9bfc-9d31db4d02bd,cust_222,2025-07-09T04:32:56.047621,205.68,prod_189,2,102.84
ca489227-605b-4216-87f4-a7e61c8c3572,cust_321,2025-12-03T11:39:27.047621,158.13,prod_69,1,158.13
e87b04e9-d754-4e3d-96ab-482e9fbc7d77,cust_144,2025-08-04T19:19:30.047621,540.84,prod_193,3,180.28
0813f4f9-dd3f-47f4-9bde-b15c13cbdc32,cust_477,2025-07-19T20:06:54.047621,91.91,prod_105,1,91.91
e9d42859-ec44-44d4-a528-133d409bb390,cust_290,2025-08-19T08:12:41.047621,167.6,prod_110,2,83.8
9857a053-09b9-4521-888a-7b454946b196,cust_8,2025-02-15T10:24:07.047621,254.7,prod_47,3,84.9
a31aacfc-407c-4ebb-a0ad-3ac5d443ebf7,cust_188,2025-05-30T14:03:08.047621,65.77,prod_173,1,65.77
6b6da952-7faa-485f-bfe9-2e0c4a19ee13,cust_81,2025-08-27T16:34:30.047621,180.62,prod_56,1,180.62
e714dad5-7eb3-4605-98e4-537d0cf63b75,cust_154,2026-01-05T23:00:45.047621,158.26,prod_50,2,79.13
703cd5b8-86c2-400b-bb00-bbacee4fcbc7,cust_308,2025-09-26T03:21:28.047621,309.6,prod_70,3,103.2
1d500295-1e2c-4ea7-ae50-25b8e2199ecb,cust_352,2025-05-13T20:26:50.047621,146.94,prod_79,2,73.47
48dba5b2-de76-49a7-b261-ccf11067db7b,cust_412,2026-01-05T21:43:49.047621,46.92,prod_96,1,46.92
27a2eb8d-99a2-462e-bfe8-b80b54348344,cust_465,2025-08-10T01:55:42.047621,166.74,prod_111,2,83.37
8c8abbbd-6978-48e3-864c-c4683b7c63dd,cust_266,2025-02-08T11:39:34.047621,164.1,prod_129,2,82.05
2725e99a-e728-46fd-96ce-625287807233,cust_36,2025-07-25T06:12:39.047621,234.38,prod_18,2,117.19
fc14ef23-82ef-4ec0-b3c6-b4927c8c47d3,cust_11,2025-11-07T14:58:41.047621,120.27,prod_122,1,120.27
8f1ce7c6-12ab-43d0-95fb-adb8451cb146,cust_466,2025-12-06T08:51:52.047621,46.89,prod_127,3,15.63
498178ee-b2b3-492d-9716-a7d251412184,cust_176,2025-09-06T05:54:39.047621,304.77,prod_125,3,101.59
77617ad5-9251-4133-8318-38ecea1f1e8f,cust_392,2025-04-20T08:49:50.047621,114.87,prod_195,3,38.29
6c287a82-c2c0-4060-8edf-ba86951a4ce3,cust_215,2025-11-28T02:19:03.047621,97.16,prod_143,2,48.58
0e235f33-f37f-42b9-a4e2-763f9671c3b3,cust_302,2025-04-11T12:12:35.047621,140.67,prod_54,3,46.89
c6cdb645-ee7c-4700-902f-23ca4b79b413,cust_37,2026-01-21T12:26:01.047621,562.14,prod_148,3,187.38
3ef82865-040d-4d0f-ad73-17fa158e0483,cust_250,2026-01-17T00:36:29.047621,76.76,prod_196,1,76.76
b545ae61-0753-4422-8b93-44dfdf133593,cust_221,2025-12-28T18:05:12.047621,177.93,prod_72,1,177.93
000bf24f-c3db-41c3-b7c1-5a95859332d1,cust_143,2026-01-19T19:47:16.047621,230.04,prod_183,3,76.68
2bb4135e-d47c-415b-a68c-b64f66ff8beb,cust_454,2025-03-29T10:08:22.047621,101.94,prod_116,3,33.98
b0923899-db4e-41ba-bec5-bdb1270c6e6a,cust_472,2025-05-14T06:05:53.047621,291.06,prod_97,3,97.02
7b83e937-3e63-4a7a-84f0-2ddab240bd38,cust_40,2025-03-08T18:33:29.047621,161.88,prod_109,2,80.94
a8efd131-0c8c-4900-9982-a9e4ba4bc45c,cust_313,2025-02-05T18:00:53.047621,23.07,prod_141,3,7.69
7dbc34ad-6f98-4f60-ab31-c19708b122ab,cust_185,2025-04-02T17:11:45.047621,172.65,prod_62,3,57.55
4acdf588-4650-49cb-86e6-8ff937cd382f,cust_459,2025-12-19T11:07:04.047621,86.81,prod_123,1,86.81
8930c614-9726-4415-9f27-3d2b080054aa,cust_431,2025-07-06T08:57:45.047621,452.16,prod_11,3,150.72
9e476c61-b72d-4511-a04b-a10520720595,cust_265,2025-04-02T16:26:54.047621,26.46,prod_158,3,8.82
690c15a3-486e-4bf2-8bdb-8e8d73d53656,cust_255,2025-02-11T14:41:31.047621,76.7,prod_35,1,76.7
a0b4c9ed-ecaa-4ce5-b1d8-c8d07b875c78,cust_269,2025-06-20T08:28:50.047621,491.34,prod_15,3,163.78
e1ad2eb1-8bcd-4f97-91f0-1595490da783,cust_346,2025-09-17T21:24:16.047621,153.4,prod_35,2,76.7
fa1f1292-38bf-4df9-9fb5-5b99a640ee58,cust_427,2025-10-17T11:13:21.047621,308.74,prod_66,2,154.37
20548946-d95f-4f8b-b510-087c087a15fe,cust_497,2025-03-23T07:46:10.047621,555.48,prod_156,3,185.16
f8a873a3-2f63-46ae-9d0f-7144a62eee25,cust_391,2025-11-08T02:31:46.047621,29.29,prod_98,1,29.29
a05ffa32-8251-4c0b-89c5-5a7047c287ce,cust_382,2025-07-28T15:57:29.047621,234.38,prod_18,2,117.19
021ad942-f419-4178-92e0-0c7ae8256b5e,cust_43,2025-02-11T14:15:18.047621,152.3,prod_87,2,76.15
c1244c3d-63f9-4eaa-90a7-f06081bd67a9,cust_388,2026-01-25T00:39:52.047621,123.84,prod_147,1,123.84
49be349d-9332-406c-92c8-b35c15596704,cust_488,2025-11-14T09:43:43.047621,119.9,prod_103,1,119.9
247dec06-9a5a-4cd7-a7ae-37274784f508,cust_308,2026-01-30T13:53:26.047621,240.54,prod_122,2,120.27
f4b1c42b-a691-4df6-904a-e78e5077fcff,cust_301,2025-03-09T02:11:04.047621,371.52,prod_147,3,123.84
8c346e2c-003f-4f84-8295-78405b9295b8,cust_173,2025-05-10T16:11:07.047621,196.56,prod_27,3,65.52
e641f5c0-e0e4-436d-9e2b-f3700ff3560b,cust_352,2025-04-02T14:11:48.047621,17.84,prod_170,2,8.92
774d474b-1c09-4eb0-997c-2358f098d00d,cust_6,2025-08-06T03:39:30.047621,169.3,prod_188,1,169.3
4105ca73-aabe-4942-8dd7-3bf08dc70ae2,cust_157,2025-11-06T09:16:44.047621,79.36,prod_136,1,79.36
79d320b8-5b5c-41ce-a724-cf64489095ef,cust_157,2025-04-09T23:24:38.047621,230.04,prod_183,3,76.68
c3b49483-659c-4142-8ae1-7fa33ada0e58,cust_3,2025-02-15T16:52:27.047621,395.07,prod_86,3,131.69
ff11fbe4-7677-47a5-b960-a5e34ab85364,cust_201,2025-07-22T00:56:59.047621,77.62,prod_16,2,38.81
2c38641d-d7c1-4635-93d8-2aa9556a6fa1,cust_132,2025-06-13T07:41:31.047621,172.65,prod_62,3,57.55
52af67cb-28e3-4170-9533-f37b68036314,cust_154,2025-07-09T02:20:30.047621,153.52,prod_196,2,76.76
52169c72-74d2-49ee-b72b-14e3c8fe3bf8,cust_261,2025-07-16T18:45:29.047621,164.1,prod_129,2,82.05
975924ae-4074-4e25-ab97-7286a59646b4,cust_286,2026-01-04T17:24:52.047621,474.39,prod_69,3,158.13
89f4af7e-3eb7-4860-85ab-8d1d5155c053,cust_174,2025-07-22T23:12:18.047621,461.82,prod_80,3,153.94
d13588eb-eb4d-43d4-8dfc-b94e3cf535c6,cust_108,2025-12-01T07:36:25.047621,103.2,prod_70,1,103.2
1ce37a28-ffdd-4c28-afba-bc3dd3a6dfc8,cust_297,2025-06-19T22:58:01.047621,136.43,prod_17,1,136.43
81b88375-0547-4583-b022-00d4a3dee896,cust_174,2025-09-22T08:59:34.047621,179.56,prod_171,2,89.78
89537e16-42d0-4c05-b310-c2422421ad37,cust_222,2025-10-15T03:43:10.047621,89.49,prod_59,3,29.83
34ccabdd-f047-473f-b7cc-13d90d05609a,cust_193,2025-11-22T13:18:07.047621,110.28,prod_174,3,36.76
6f333de5-4b57-4bdc-a938-87e78f2e33a0,cust_360,2025-02-26T02:56:37.047621,158.13,prod_31,3,52.71
ecae854b-cd42-4f2e-a5a9-fe0c4741f34b,cust_344,2025-11-25T14:23:22.047621,180.62,prod_56,1,180.62
1656e09b-8091-424d-82b1-de29a9add80c,cust_190,2025-06-04T23:44:52.047621,359.44,prod_51,2,179.72
8446f457-c535-4b1a-b11d-32f316d052e3,cust_34,2025-07-19T00:06:43.047621,53.78,prod_149,1,53.78
9ecd3db9-64c3-49c9-9744-769f2bd5fd7f,cust_115,2025-05-09T21:53:05.047621,259.86,prod_32,2,129.93
8da8b6b5-5f26-4dfe-a849-0ae6f44a3fe3,cust_349,2025-02-04T11:53:22.047621,315.87,prod_19,3,105.29
15cc20f0-ba13-43b0-a9d9-0761c3f73644,cust_199,2025-08-05T10:33:06.047621,234.38,prod_18,2,117.19
bf13a074-1fde-42a3-b9b8-109ad1daaede,cust_183,2025-09-15T19:01:34.047621,496.17,prod_197,3,165.39
9bde6ae0-5b96-45f3-92c6-fde5731fe993,cust_170,2025-07-10T10:19:37.047621,197.31,prod_173,3,65.77
4158ed56-b33a-44e7-8a23-51040b4ea050,cust_446,2025-10-13T17:55:56.047621,174.7,prod_3,1,174.7
1975c88f-a254-4443-8898-9ea32f1ed5fd,cust_490,2025-11-13T23:35:53.047621,136.43,prod_17,1,136.43
8fb395ad-b9d5-455d-be68-3b4c3d3d1b86,cust_100,2025-02-12T13:53:06.047621,120.86,prod_7,1,120.86
ed6fadee-4ad6-4b7c-8caf-6ce604a3a416,cust_289,2025-02-05T16:16:43.047621,103.2,prod_70,1,103.2
1112c3d0-0eeb-4e39-9d49-89f0aea50005,cust_124,2025-03-15T09:10:07.047621,149.36,prod_55,2,74.68
5761dae1-b1d4-4d9b-a0e8-25ba8d780d77,cust_486,2025-04-10T17:32:00.047621,383.3,prod_185,2,191.65
b02ccbb9-0fb6-4152-8650-b796d472464b,cust_124,2025-08-12T22:00:27.047621,171.78,prod_155,3,57.26
e9c6d66f-dc59-451e-b566-dcff0e2b3f64,cust_347,2025-05-21T14:19:43.047621,128.66,prod_131,2,64.33
5f943192-cac1-4e21-a69a-675bbccc161f,cust_133,2026-01-09T15:00:05.047621,22.6,prod_45,2,11.3
9f09a011-2d21-4724-9f5a-322b47625a72,cust_451,2025-03-11T16:42:21.047621,298.8,prod_162,3,99.6
1c05fc99-1128-463d-8fb2-e344c1738734,cust_433,2025-10-05T03:51:43.047621,101.59,prod_125,1,101.59
408cae7e-7e10-4b31-9a4b-c66afa5b3f6a,cust_31,2025-09-20T18:48:41.047621,97.58,prod_100,2,48.79
28c2954f-6758-40b7-8800-b63026661abc,cust_217,2025-07-10T13:02:00.047621,271.8,prod_43,3,90.6
721ee836-93d2-45bd-a828-9e53e2942ae5,cust_277,2025-04-07T13:16:38.047621,533.79,prod_72,3,177.93
6c573c20-b69b-40de-aac9-23e4df871dc5,cust_25,2025-05-07T01:00:14.047621,105.29,prod_19,1,105.29
68096dd9-eb70-47b5-8b2a-70206b62d781,cust_54,2025-10-29T11:58:05.047621,402.78,prod_5,3,134.26
3bf34ab0-943d-4efa-a72b-2fe90fa19d32,cust_310,2025-04-29T22:10:14.047621,91.68,prod_160,2,45.84
fd2968f5-4875-4729-82b0-d6ba7847abb6,cust_430,2025-05-28T10:07:56.047621,161.34,prod_149,3,53.78
1b7c3e18-f0c3-4542-967f-1f1135a5815e,cust_148,2025-06-22T12:25:38.047621,153.52,prod_196,2,76.76
286cd58a-36fd-42ab-afe9-b742742ae0eb,cust_155,2026-01-19T20:05:40.047621,210.58,prod_19,2,105.29
32fc86be-f15f-46c7-ab5a-d7c082852a2a,cust_359,2025-04-01T08:03:06.047621,127.23,prod_140,3,42.41
455f9412-0a86-45fb-9ecc-335a305256f0,cust_115,2025-02-06T19:42:19.047621,123.42,prod_73,1,123.42
a3af526d-cf80-449a-837b-9cefa34c1de5,cust_127,2025-08-18T22:28:37.047621,273.45,prod_102,3,91.15
6c35fce0-6fb7-47f6-bfe0-afa01c41da9e,cust_198,2025-11-05T08:21:56.047621,227.94,prod_128,3,75.98
3d31f61f-b894-42bc-a1b4-17e9d943264f,cust_231,2025-06-20T16:38:57.047621,436.35,prod_112,3,145.45
a0fa6423-4824-49eb-8bff-2771eb657647,cust_184,2025-05-14T10:51:16.047621,113.36,prod_132,1,113.36
426aefd6-a5f1-46c1-bf18-e07bea3e1c49,cust_48,2026-01-16T14:22:52.047621,119.9,prod_103,1,119.9
31bf8bc0-1656-44de-b51c-a80583d85c16,cust_207,2025-09-01T11:07:56.047621,370.32,prod_156,2,185.16
af1dd279-445e-424d-a694-3f449bbdaf56,cust_262,2025-06-08T18:04:14.047621,17.64,prod_158,2,8.82
46b35fab-25fb-4d36-a6ad-d37a852b14bf,cust_343,2025-04-04T16:19:57.047621,301.44,prod_11,2,150.72
a117ff4a-abbe-4b63-acc0-12932fd26937,cust_489,2025-05-30T20:40:59.047621,48.79,prod_100,1,48.79
dfad1b80-2105-43eb-a82f-9ff3e538cdd0,cust_331,2025-10-28T06:33:46.047621,164.1,prod_129,2,82.05
567778cd-c166-46a2-b75e-d93bbb89d90b,cust_247,2025-06-21T20:38:31.047621,145.74,prod_143,3,48.58
4d123d7b-b1de-4764-92ca-e4d9671d3b81,cust_11,2025-10-14T20:18:59.047621,71.24,prod_191,1,71.24
91c1f4e3-da5a-4d18-b27d-beb07e1d4bd4,cust_288,2025-10-01T19:04:55.047621,359.7,prod_74,2,179.85
2b1d53b4-1d5a-4ca5-99ac-312b109406c9,cust_236,2025-11-27T02:23:17.047621,215.62,prod_57,2,107.81
c5193db0-36eb-4f08-9775-e2c8ab04eda7,cust_142,2025-08-10T01:19:54.047621,113.36,prod_132,1,113.36
2fe03f4c-e12b-4975-84f6-d675c6ef0baf,cust_290,2025-04-17T17:10:37.047621,167.67,prod_135,3,55.89
18553a93-f3f5-4902-8f85-749369842956,cust_48,2025-12-08T02:40:12.047621,29.16,prod_165,1,29.16
4baf070d-c2c5-4c1d-8c97-34d4b7a7c4b7,cust_250,2025-11-23T19:33:20.047621,199.2,prod_162,2,99.6
634c3338-a762-4afc-8b86-d9c32fa67911,cust_289,2025-02-28T12:37:33.047621,539.04,prod_142,3,179.68
0f121f28-cb2b-413f-8c67-a4f3a3084c13,cust_351,2025-04-09T05:24:43.047621,130.87,prod_36,1,130.87
ab53bc2d-8792-4684-9df7-786f9e8f7984,cust_279,2025-04-29T10:49:02.047621,38.81,prod_16,1,38.81
08e867e0-3fb6-44a9-8878-cbe65d805024,cust_204,2025-10-29T17:58:32.047621,298.8,prod_162,3,99.6
698e493c-cbd2-4985-952f-6fc999f230d9,cust_484,2025-03-15T16:19:07.047621,552.39,prod_200,3,184.13
5b0c4934-288e-4b4e-9391-57e8bcaf4267,cust_365,2025-06-02T11:40:18.047621,323.43,prod_57,3,107.81
78245c49-031c-448f-ad08-40e296b70ceb,cust_12,2025-12-17T23:40:51.047621,370.56,prod_52,2,185.28
684eee8d-7465-40ae-8f2a-637c881a570b,cust_37,2025-10-04T05:59:25.047621,172.65,prod_62,3,57.55
d899dd15-e6d1-43db-a669-1574f5be8a21,cust_7,2025-04-07T08:44:26.047621,44.23,prod_159,1,44.23
47d2724b-72f1-42b3-ac97-796aafe2efb8,cust_329,2025-02-23T17:51:08.047621,191.65,prod_185,1,191.65
2fc4363b-62cd-4616-bc6c-44048715798a,cust_14,2025-12-21T12:47:38.047621,307.88,prod_80,2,153.94
f13304bf-7c1e-46a9-bd02-d2090413dc3e,cust_65,2026-01-04T10:31:08.047621,121.68,prod_133,1,121.68
363245e8-6e2d-4013-b4c2-428a1be56f6b,cust_126,2025-11-30T07:50:47.047621,62.46,prod_76,3,20.82
86c04455-7fcc-4c66-b0b7-3f64da26b568,cust_436,2025-11-15T08:05:28.047621,67.89,prod_138,3,22.63
5b4f4d0f-e813-4fc1-94af-94c67979f807,cust_378,2025-11-27T06:51:30.047621,291.94,prod_20,2,145.97
78804a93-e4b6-461a-aa5e-b0fa2cae6d5c,cust_133,2025-10-21T21:30:08.047621,181.2,prod_43,2,90.6
f789b5bd-ce60-4ad7-8e10-ffa0d3f17c48,cust_433,2025-11-21T11:16:55.047621,320.1,prod_92,3,106.7
70e96820-284b-4207-8801-08fa38bea82f,cust_160,2025-05-14T06:38:04.047621,555.84,prod_52,3,185.28
740337e1-6626-44cb-b2ac-fd8f7de3ecfc,cust_485,2025-02-25T11:46:19.047621,232.74,prod_81,3,77.58
9186d9d6-0a44-4ef4-a793-026a0d5c0d70,cust_315,2026-01-21T02:37:45.047621,185.16,prod_156,1,185.16
d9699d6e-594e-415f-aa72-90f3ad175d9b,cust_472,2025-08-10T08:44:35.047621,122.01,prod_53,3,40.67
cb32f85c-ebbb-45e6-bf47-512fd6182bea,cust_200,2025-10-21T14:44:18.047621,20.82,prod_76,1,20.82
d9ecd399-46fa-43f4-8892-c15e41cc815f,cust_445,2025-02-11T18:59:51.047621,29.16,prod_165,1,29.16
276d9cf1-0471-406c-aa8f-696ba8e75dcd,cust_484,2025-05-03T13:38:59.047621,195.8,prod_115,2,97.9
fcf6351f-9c1e-456d-b918-bba4713b31cd,cust_276,2025-02-12T21:10:11.047621,247.84,prod_181,2,123.92
b6f13355-2af0-478b-9709-de35b4d3a495,cust_289,2025-11-23T05:06:05.047621,487.92,prod_4,3,162.64
17aad44f-7bbc-465e-b6a8-d916ae6fc476,cust_227,2025-10-27T09:23:07.047621,117.19,prod_18,1,117.19
989cb68e-c35d-4c87-abe2-1aa23552fd83,cust_416,2025-06-10T02:02:03.047621,562.14,prod_148,3,187.38
bccc7df4-5281-46a2-ae46-3a347aceb39f,cust_450,2025-10-19T21:04:58.047621,227.94,prod_128,3,75.98
1611cb60-80eb-46a4-beed-405e46f8bdd2,cust_131,2025-12-13T12:46:15.047621,290.97,prod_166,3,96.99
55de1154-dac7-490b-a619-7c167b504bcf,cust_421,2026-01-15T08:28:23.047621,123.84,prod_147,1,123.84
97bb4aa1-d109-4f5d-9454-e51274d84b31,cust_281,2025-05-28T15:10:48.047621,93.84,prod_39,2,46.92
99be42f3-bcdb-4565-8be6-40d6670ff16b,cust_106,2025-05-14T23:32:39.047621,339.64,prod_9,2,169.82
48292c88-a5e5-49b6-a00c-a122317fbde4,cust_441,2025-07-02T03:59:28.047621,265.7,prod_37,2,132.85
9d575dca-7880-411c-ab06-0d1115584c31,cust_439,2025-11-01T01:21:46.047621,173.62,prod_123,2,86.81
0b04d759-0ee6-41f7-8f2d-7ddb8aa028e0,cust_27,2025-06-28T19:52:59.047621,79.36,prod_136,1,79.36
8819583f-8f89-4dcb-926c-16a994893fbc,cust_435,2025-03-16T23:57:49.047621,41.64,prod_76,2,20.82
dcac406a-09ba-498c-ba5e-223b18beb748,cust_140,2025-06-02T11:18:32.047621,26.9,prod_176,1,26.9
48fee4ac-fcba-4566-9e2f-9d42c23ff22e,cust_354,2025-03-31T13:41:55.047621,57.62,prod_167,1,57.62
1b55a933-e026-4b55-95c8-ea15247166b3,cust_80,2025-10-13T09:09:31.047621,243.36,prod_133,2,121.68
55624650-8c7d-4420-81a5-a123763154ed,cust_176,2025-06-30T20:00:21.047621,158.26,prod_50,2,79.13
67d04524-7184-4d27-9ff3-ec0d6c38f874,cust_364,2025-05-11T01:28:33.047621,57.38,prod_30,1,57.38
8676a6af-e797-4e0e-8afd-c8c034230c38,cust_428,2025-11-01T10:10:08.047621,73.11,prod_187,1,73.11
03737e08-026c-45f8-b958-378b3d36f98d,cust_33,2025-03-07T19:10:30.047621,524.1,prod_3,3,174.7
ee59c184-4631-47de-ac05-e13ed07de576,cust_282,2025-09-08T01:59:12.047621,293.06,prod_99,2,146.53
874bb52c-a0a6-4321-9bdc-dceb00cc3668,cust_286,2025-02-07T11:07:19.047621,76.15,prod_87,1,76.15
e9eab2b6-cd5b-4322-b79e-6d9b50cc2fba,cust_82,2025-02-04T18:19:40.047621,40.16,prod_64,1,40.16
e946a334-cd4f-4ad1-a23e-1181768c9d20,cust_340,2025-05-04T00:55:19.047621,113.36,prod_132,1,113.36
f8ad8e18-e18f-4ef3-8750-e9f23d171e4c,cust_339,2025-04-28T15:58:21.047621,38.29,prod_195,1,38.29
dfb98070-45af-4be2-b8ae-bc926ebddd0f,cust_490,2025-05-28T05:42:16.047621,354.46,prod_164,2,177.23
4b435b19-0110-43c9-b143-420aa134a3aa,cust_258,2025-06-04T08:16:45.047621,111.78,prod_135,2,55.89
58dd245d-47f3-4f3c-a3d3-86f9f3b97020,cust_277,2025-06-30T23:45:17.047621,143.12,prod_190,2,71.56
90bed944-736c-4fac-bd14-1a26223f05b0,cust_214,2025-03-22T06:45:44.047621,226.72,prod_132,2,113.36
4209b52f-82be-4341-b353-45c5102f907d,cust_238,2025-02-01T08:06:55.047621,41.64,prod_76,2,20.82
dba6fa4c-9728-4948-b7cc-a0c6ec2e76ba,cust_213,2025-04-30T18:14:29.047621,151.96,prod_128,2,75.98
83fd5678-59fd-4d65-a285-e146cc64773c,cust_64,2025-12-07T04:18:58.047621,140.76,prod_96,3,46.92
9e260836-35d4-4058-bb53-752aa5ee574b,cust_328,2025-05-24T04:44:27.047621,94.15,prod_134,1,94.15
25a18e1d-6859-4cf1-9c5d-145d5f1c2cf0,cust_146,2025-02-10T00:49:41.047621,217.47,prod_71,3,72.49
aafa13ea-a546-4569-8fcc-ebb90527863e,cust_30,2025-07-03T09:37:42.047621,92.54,prod_10,2,46.27
56fa479b-d53c-430b-ae35-1bdd57b66afa,cust_12,2025-07-13T20:18:05.047621,521.52,prod_40,3,173.84
d2c367eb-75e6-4b42-8dd2-8ac4fb1a7b0f,cust_165,2025-03-28T20:46:09.047621,65.77,prod_173,1,65.77
950bb853-d222-4f3f-b87d-6f38ac38cf3f,cust_280,2026-01-23T03:27:29.047621,232.74,prod_81,3,77.58
da98bc56-6fe8-4616-8ede-e71d2afbf46f,cust_263,2025-08-04T11:45:38.047621,83.55,prod_61,3,27.85
3263622f-1668-4615-9f4c-7984b85854ec,cust_86,2025-06-02T02:14:39.047621,135.04,prod_175,1,135.04
74968699-08c1-4018-abcc-33613257e6eb,cust_286,2025-08-06T18:41:43.047621,68.78,prod_8,2,34.39
6262fcb5-5089-4685-b638-a8abb325f890,cust_471,2025-10-24T22:12:27.047621,120.27,prod_122,1,120.27
36cdceb6-c1dc-4ee7-b7b1-2660a336ea5f,cust_231,2025-12-04T15:08:24.047621,48.79,prod_100,1,48.79
799bd599-f696-4c4e-8127-35f9b1fb9b1a,cust_57,2025-04-01T22:26:49.047621,544.47,prod_90,3,181.49
aebcf753-0576-4806-bba9-2dd355c84dba,cust_65,2025-08-28T17:41:20.047621,123.92,prod_181,1,123.92
93ab315b-c504-4d36-a3da-ca3774bb28d9,cust_312,2025-05-20T15:21:33.047621,123.94,prod_29,2,61.97
6833f79d-cf7b-46ac-9845-e9d08f3d5768,cust_402,2025-03-27T12:15:30.047621,135.04,prod_175,1,135.04
bfff8af0-b175-4bad-abc3-9a12bf687339,cust_497,2025-10-14T14:12:32.047621,93.78,prod_54,2,46.89
63dc4b41-0c0e-481c-8002-ee29f6e954b4,cust_378,2025-12-17T12:35:46.047621,153.52,prod_196,2,76.76
5b867354-563a-4f5b-9339-a0ee302e3790,cust_216,2025-10-11T06:10:13.047621,406.95,prod_38,3,135.65
bf5b4136-84da-4f52-bd7b-74e2d56a33c4,cust_294,2025-06-02T02:13:38.047621,91.74,prod_137,3,30.58
4524e4b2-c3db-4275-982b-737450e8f83e,cust_392,2025-08-09T04:47:01.047621,80.94,prod_109,1,80.94
3c13bf77-3a98-494f-ae96-45afaa90e53b,cust_215,2025-04-02T15:06:23.047621,546.42,prod_130,3,182.14
0ad81b08-97cf-420c-8109-ed44390b7028,cust_427,2026-01-13T04:46:03.047621,91.68,prod_160,2,45.84
0bc3cb80-e40d-4455-a626-50dc79a3304a,cust_381,2025-02-09T14:59:15.047621,158.93,prod_48,1,158.93
bc2eb70b-5dc4-4f0f-aeb7-f45c8176a826,cust_150,2025-08-10T09:01:44.047621,370.2,prod_89,3,123.4
2db93f13-5882-489c-b4d2-d0ad1ef1aa59,cust_110,2025-02-22T16:40:37.047621,153.36,prod_183,2,76.68
b3cbbd53-4ab5-4cfb-974e-3b31c6f17b0c,cust_346,2025-07-03T22:21:56.047621,137.52,prod_160,3,45.84
d147deb7-1600-4760-b036-a983f0700ddf,cust_401,2025-09-11T20:25:11.047621,187.38,prod_148,1,187.38
8c641fda-686d-4865-a245-b8156a236203,cust_472,2025-06-06T11:44:05.047621,47.8,prod_180,1,47.8
881ca7cd-dad5-4b44-afc9-7d38efe43901,cust_123,2025-02-10T16:01:54.047621,270.96,prod_117,3,90.32
be5cd071-aaec-46b5-a3e6-db62ea01f93b,cust_181,2025-07-18T00:17:04.047621,67.96,prod_116,2,33.98
6b5ceb42-95c4-494b-b9af-7bd4da19632a,cust_348,2025-09-22T01:27:46.047621,91.68,prod_160,2,45.84
bce3c42d-74ed-41de-93b1-0c3a313ffe1e,cust_316,2025-09-09T17:41:59.047621,77.58,prod_81,1,77.58
7d3d21be-9cca-4160-aa12-196d41d86a79,cust_165,2025-12-25T07:06:40.047621,84.82,prod_140,2,42.41
500697f0-de6b-4d57-a039-ff8aaf1b9710,cust_67,2026-01-30T06:05:46.047621,224.04,prod_55,3,74.68
f7188803-93b1-4e56-8e9d-7e87b733b381,cust_123,2025-08-25T00:35:33.047621,72.49,prod_71,1,72.49
fee833cf-2442-49bd-8ee4-e3d80719db83,cust_433,2025-12-20T22:25:00.047621,40.16,prod_64,1,40.16
fe0571c6-635f-4442-a1c1-ee69c7ae74f9,cust_68,2025-06-19T05:06:50.047621,309.92,prod_152,2,154.96
e93f67d3-771c-4599-bcdf-9896aa3d172f,cust_462,2025-10-29T16:45:55.047621,43.38,prod_104,1,43.38
da1c02fe-c158-49ae-a4e0-4ae55b2e1929,cust_65,2025-11-29T06:27:12.047621,203.18,prod_125,2,101.59
6078a74a-6c9e-41e1-a573-455e0837adcf,cust_358,2025-07-24T01:44:35.047621,154.96,prod_152,1,154.96
9a105cd9-f96a-4ae0-8034-db985662f536,cust_175,2025-02-25T08:14:52.047621,33.9,prod_45,3,11.3
aea932a5-f432-4f57-9812-ecb49b8198b8,cust_308,2025-08-26T05:02:50.047621,185.91,prod_29,3,61.97
a0995acf-8473-473d-8a2d-ab2f2a868066,cust_247,2025-03-04T06:17:48.047621,23.07,prod_141,3,7.69
4726d778-2019-4e48-a7b1-83937d698e4b,cust_101,2026-01-10T18:55:17.047621,268.23,prod_21,3,89.41
81b5658c-085a-44bc-a6a9-0053afafd1bc,cust_235,2025-08-14T21:55:47.047621,298.76,prod_24,2,149.38
100d5916-0784-42d5-b9c2-f5a6cf27b338,cust_415,2025-03-28T19:56:12.047621,240.54,prod_122,2,120.27
d72878e2-88d3-40f8-be6b-229a6d3ebc36,cust_157,2025-04-11T20:36:11.047621,396.16,prod_78,2,198.08
bda5bc24-8a3c-4063-8419-54a27023c291,cust_331,2025-05-20T06:00:56.047621,43.5,prod_139,1,43.5
565347b3-af14-4705-b0d0-567ddf368e16,cust_78,2025-03-15T15:38:43.047621,246.15,prod_129,3,82.05
9f27d9ac-f886-4cfe-b8a6-acbece768fd1,cust_82,2025-07-05T03:40:32.047621,552.39,prod_200,3,184.13
e8151a1b-5e3a-4661-8750-06dfada95a3d,cust_53,2025-06-28T19:03:41.047621,26.08,prod_22,1,26.08
393f15a6-25c7-4d89-983d-6d65238afc64,cust_415,2025-07-07T02:54:39.047621,164.1,prod_129,2,82.05
0f6e2940-b2ba-40c0-a590-8cbe77806af6,cust_449,2025-04-11T07:39:07.047621,45.62,prod_145,2,22.81
8671ec18-9168-4a7b-9422-65b13b57d37c,cust_253,2025-08-14T15:24:30.047621,247.68,prod_147,2,123.84
f4f5395e-59a0-41bc-8676-2f365bf5df2d,cust_479,2025-09-22T20:33:38.047621,30.58,prod_137,1,30.58
a36234cc-3077-4db4-ae72-72072100300e,cust_132,2025-06-23T17:11:03.047621,101.59,prod_125,1,101.59
31dad325-4e49-47c8-9853-02e11f7e22b7,cust_133,2025-07-03T22:17:09.047621,132.69,prod_159,3,44.23
59a0aebf-ab51-4dc6-b2d3-f7e55c10475a,cust_11,2025-10-22T08:39:34.047621,181.2,prod_43,2,90.6
df4701de-d098-4193-b838-fcd798afcca2,cust_116,2025-03-09T07:50:44.047621,160.52,prod_157,1,160.52
0da73347-2a0b-4332-ba93-c56066533377,cust_44,2025-06-03T02:41:51.047621,376.47,prod_118,3,125.49
c956b821-8eb3-4060-909f-e18c00b197b2,cust_319,2025-06-29T02:19:28.047621,102.31,prod_198,1,102.31
4819eafb-373b-45ac-8c2f-16fccc0dc706,cust_60,2025-02-12T20:21:14.047621,182.13,prod_168,3,60.71
9a8140ac-8dcb-4ac6-9792-e9306ff8d639,cust_403,2025-05-25T00:44:43.047621,158.13,prod_69,1,158.13
5fb5f34d-408d-4a1f-b396-f5dd64ff68f7,cust_45,2025-09-13T12:16:55.047621,159.54,prod_42,2,79.77
309e753e-892a-4ddc-8378-7fee146b3588,cust_21,2025-03-18T23:12:36.047621,439.59,prod_99,3,146.53
a37c011d-f823-4150-8f61-2b76aba01b3f,cust_401,2025-04-21T22:49:31.047621,20.82,prod_76,1,20.82
dc35489e-0108-4feb-be44-4d2f553ecb29,cust_202,2025-09-25T23:09:18.047621,26.46,prod_158,3,8.82
8741b16a-583d-451c-9e23-82597100109c,cust_236,2025-06-08T16:19:47.047621,474.39,prod_69,3,158.13
d2960235-f1ba-4f4b-bd93-60a2bf7be41d,cust_80,2025-07-10T14:48:19.047621,120.27,prod_122,1,120.27
76369231-c126-4907-bd08-48ce86e1c690,cust_35,2025-09-09T05:27:41.047621,17.64,prod_158,2,8.82
e28bc6c2-b770-40f8-91d0-4531abdebeb3,cust_249,2025-09-16T08:32:35.047621,125.04,prod_63,1,125.04
1dae9413-0dc2-49e7-8116-a6c036894bf8,cust_497,2026-01-01T03:34:20.047621,238.08,prod_136,3,79.36
409b7a95-90b2-4207-90ae-629bb37d90ab,cust_292,2025-06-10T06:39:12.047621,131.04,prod_27,2,65.52
9599fbfc-7438-4b65-9c0b-aeba392ed57d,cust_182,2025-06-23T19:44:25.047621,311.5,prod_177,2,155.75
ad91c5eb-66e6-4aa3-a925-96d8c5d2c3e2,cust_350,2025-06-22T02:49:18.047621,29.83,prod_59,1,29.83
80e09a76-4b7e-4b78-8120-d618f3ee8e0d,cust_434,2025-02-09T03:53:13.047621,76.58,prod_195,2,38.29
47fdc728-5f53-4b0c-b222-76a3bf3d1cf9,cust_410,2025-11-22T16:40:32.047621,44.07,prod_199,1,44.07
b8a260a9-5588-48db-9ea3-f459f8a75df0,cust_443,2025-03-03T04:09:49.047621,261.74,prod_36,2,130.87
7b721800-86dd-4869-965e-2791d7c19ecc,cust_108,2025-07-05T00:22:56.047621,259.86,prod_32,2,129.93
9650c2ca-a21d-449a-be49-8bf6a06bdb05,cust_369,2025-08-04T10:10:41.047621,99.6,prod_162,1,99.6
fe6a5972-8c3d-4d47-88ed-1126ae7d921c,cust_245,2025-10-10T17:39:37.047621,88.58,prod_194,2,44.29
3c3328c3-8ca5-473c-ba59-2c01d13d75aa,cust_60,2025-02-10T17:07:15.047621,130.14,prod_104,3,43.38
ce7b122e-cf51-4504-ae96-c13e5b73da03,cust_188,2025-02-10T13:06:25.047621,238.62,prod_150,3,79.54
364b460b-cf39-496f-a2dc-f6b83e383dec,cust_489,2025-10-06T22:22:58.047621,107.84,prod_114,1,107.84
589779f3-bd48-4946-9843-b8908507f389,cust_165,2025-07-16T18:09:31.047621,370.56,prod_52,2,185.28
ddea4bb2-5c79-4fa0-a0d0-2fb583c243a6,cust_89,2025-02-28T23:47:03.047621,107.81,prod_57,1,107.81
fffffd8a-ae5e-4eb2-a1ca-ddd019b61387,cust_183,2026-01-16T11:35:13.047621,149.36,prod_55,2,74.68
fe45f9d9-bd10-4415-b82b-ad92f38ee452,cust_80,2025-11-04T05:58:21.047621,177.23,prod_164,1,177.23
edec6028-0711-4b26-9992-3cb8da0bd114,cust_68,2025-12-10T13:14:11.047621,370.32,prod_156,2,185.16
36122439-11e2-49ff-b283-c4bcaf77f26c,cust_33,2025-02-06T14:31:55.047621,8.24,prod_172,1,8.24
f923ab38-4dcf-4baf-964e-f9597da6598f,cust_256,2025-08-08T03:51:40.047621,115.1,prod_62,2,57.55
28d51469-fd27-44c4-9713-beff8899b145,cust_483,2025-09-19T05:30:31.047621,137.52,prod_160,3,45.84
b5ef1ca7-5c24-45ec-91dc-0dc8b15211dc,cust_30,2026-01-25T02:15:42.047621,358.08,prod_146,2,179.04
5754b024-99d9-416f-8a92-764ef1b3b54a,cust_473,2025-07-17T02:37:21.047621,76.58,prod_195,2,38.29
28b2905e-f692-4f33-be01-c6b25b1d47fb,cust_334,2025-07-12T04:51:38.047621,131.54,prod_173,2,65.77
52fcc9f2-f206-4e7f-b185-309498c53f48,cust_386,2025-10-14T17:57:17.047621,89.41,prod_21,1,89.41
6d41f78b-cfbf-4c35-89ac-56b905e7c0fb,cust_225,2026-01-11T15:59:03.047621,250.98,prod_118,2,125.49
582230fe-f2da-4bc3-bddc-482de5a2ded2,cust_75,2025-04-08T14:52:22.047621,6.93,prod_60,1,6.93
9d673a90-7919-4782-8d37-95a9c05d803f,cust_319,2025-03-05T03:08:08.047621,83.37,prod_111,1,83.37
dd3f5f79-73cb-4082-aa88-3b260931faef,cust_406,2025-05-15T07:58:15.047621,15.63,prod_127,1,15.63
0021b351-3d91-47c5-b205-1cb2094ba5fd,cust_62,2025-12-01T16:12:23.047621,323.43,prod_57,3,107.81
7be3312a-9d97-4bbd-879d-005622dd2306,cust_63,2025-05-27T10:45:40.047621,256.98,prod_58,2,128.49
76f1badc-0ca1-4c9c-b614-53da22184555,cust_31,2025-05-18T07:26:34.047621,165.06,prod_192,1,165.06
42c37bb1-b8d2-48b9-a441-4a32750ed199,cust_229,2025-06-26T05:25:18.047621,51.26,prod_121,2,25.63
f8246735-768a-423e-9151-491ba6dadfee,cust_393,2025-06-13T19:29:24.047621,244.98,prod_178,3,81.66
16ae071e-22fc-4e90-8d90-fcdc87fc72ee,cust_179,2025-11-15T05:31:07.047621,60.32,prod_6,2,30.16
5db132be-2905-484f-9fb1-4f637d6017de,cust_238,2025-07-17T23:07:34.047621,81.34,prod_53,2,40.67
0502b454-8dc2-4bb6-8f27-25f1eae6b5d5,cust_472,2025-08-02T23:04:46.047621,123.42,prod_73,1,123.42
47325ef1-36cf-4ac5-87c4-e4bfcb771daa,cust_440,2026-01-26T23:01:45.047621,315.87,prod_19,3,105.29
b4c8e6e1-a5b4-46ae-b701-50cab9293d3f,cust_441,2025-09-16T06:24:10.047621,76.53,prod_14,3,25.51
4a2c6560-bd1e-4aef-983d-caf3ff23c0a9,cust_469,2025-07-28T04:51:18.047621,57.26,prod_155,1,57.26
d621a328-d199-4f57-ab5f-b789c17d2247,cust_222,2025-04-23T03:47:48.047621,106.7,prod_92,1,106.7
dd954753-595a-42d6-a585-4be52ccb3865,cust_271,2025-04-02T18:00:17.047621,11.3,prod_45,1,11.3
d2e706df-5c50-431c-ab72-dc9a834e53ea,cust_475,2025-05-09T19:13:04.047621,120.99,prod_106,3,40.33
32f51944-4cc1-4596-a608-f3fcb0f27058,cust_77,2025-06-24T15:30:05.047621,120.86,prod_7,1,120.86
8b9c5e86-b741-451d-a87c-f8dc292cbb51,cust_179,2025-06-15T16:44:57.047621,145.62,prod_12,1,145.62
01f92a9c-e3b2-45b0-9c86-b42d623fb927,cust_144,2025-07-22T17:39:49.047621,7.69,prod_141,1,7.69
a2aa3b11-e650-45a6-b7ea-a2b9b4eac8b6,cust_268,2025-06-26T10:21:10.047621,40.33,prod_106,1,40.33
b6f48016-e439-4f8f-a55b-d5831f5b541d,cust_399,2026-01-16T08:07:04.047621,155.48,prod_84,2,77.74
61569c7f-6929-42b4-b79f-2b682c360bd9,cust_262,2026-01-06T10:23:51.047621,402.78,prod_5,3,134.26
64c65d27-1e88-4f35-a12e-3acf4c552c8c,cust_479,2026-01-28T10:01:42.047621,523.62,prod_151,3,174.54
b4f413f7-06a0-4811-a9c0-9447a96e3d1b,cust_91,2025-12-07T03:22:43.047621,213.36,prod_46,2,106.68
834e6075-5de5-4b46-95d4-adc20055c0f7,cust_392,2025-10-22T19:07:57.047621,130.14,prod_104,3,43.38
1bc8ca95-7b1a-4888-97eb-84f8ccdf43e2,cust_123,2025-04-18T15:16:43.047621,88.59,prod_85,3,29.53
98213e79-cf75-434a-8ca0-b94c96b1425f,cust_402,2025-11-19T07:28:14.047621,213.36,prod_44,2,106.68
dbb72d91-27e6-46ab-9e9c-46a494d0101e,cust_241,2025-07-24T11:46:25.047621,143.1,prod_169,2,71.55
0cf5a683-4e4f-48ef-ac55-e6a8b47afc55,cust_426,2025-05-24T12:28:51.047621,159.08,prod_150,2,79.54
b9b96f92-c8d4-4326-a13c-a30f2cdfd3c2,cust_201,2025-09-27T14:29:44.047621,392.61,prod_36,3,130.87
ab5922ba-62e9-4e2d-b211-2764865c35fc,cust_188,2026-01-09T18:24:35.047621,33.98,prod_116,1,33.98
813ca145-f5ca-4fd9-abc0-ce1b3c3f986a,cust_9,2025-02-11T03:53:56.047621,524.1,prod_3,3,174.7
6932aac7-2bf4-42f4-83da-182080ed61bd,cust_166,2025-12-11T05:34:45.047621,169.86,prod_91,3,56.62
4bf3cdb5-f088-448a-a744-d5b4a91daa97,cust_227,2025-03-08T22:24:11.047621,18.25,prod_182,1,18.25
c3eab85a-57a8-4f5e-9299-faeea577220c,cust_113,2025-04-27T05:40:13.047621,179.72,prod_51,1,179.72
79fe06bd-8e0d-4f9c-a349-7867fd916dac,cust_103,2025-12-10T16:28:05.047621,177.93,prod_72,1,177.93
f68dd39e-7405-487c-b54c-b8de20b666cb,cust_118,2025-12-24T17:25:14.047621,58.32,prod_165,2,29.16
c57c6da5-4a3a-4b49-8a6f-32a0107f6f9c,cust_276,2025-04-16T03:18:45.047621,153.82,prod_88,1,153.82
7bda2116-7eae-4b3b-99f0-244f187b807a,cust_148,2025-06-28T07:57:40.047621,207.74,prod_126,2,103.87
cff2dc48-db75-4ca3-ac92-e941f7e17b18,cust_221,2025-02-22T02:32:11.047621,40.16,prod_64,1,40.16
a73b55ed-21dc-45e6-a9c4-4f7f4d9986d8,cust_254,2025-03-12T11:04:11.047621,48.58,prod_143,1,48.58
1bca12e8-134d-4fed-bdf8-d03d5078a514,cust_365,2025-05-25T04:07:39.047621,59.06,prod_85,2,29.53
8e4dcd5c-975d-4ab4-b13a-ae1ad5253c22,cust_367,2025-06-09T13:39:32.047621,330.12,prod_192,2,165.06
836b905d-6f00-439b-96fc-04a023da6e25,cust_198,2025-10-07T17:00:15.047621,304.77,prod_125,3,101.59
10d4e67e-06d1-4902-8c5a-0bdaaffb6f85,cust_207,2025-09-21T00:57:19.047621,171.78,prod_155,3,57.26
55b06873-3927-400f-b19d-f5fe1346fb5d,cust_338,2025-02-18T02:10:06.047621,57.38,prod_30,1,57.38
6c121611-6e28-4d0d-b433-ddf31138f1e0,cust_475,2025-05-20T02:04:01.047621,73.47,prod_79,1,73.47
87ac6bf4-04ce-437b-a84a-2a5b8161071e,cust_128,2025-05-24T05:00:26.047621,250.08,prod_63,2,125.04
6bb7d69c-a774-4162-b69b-e16a825a9cf5,cust_70,2025-04-27T17:08:37.047621,180.28,prod_193,1,180.28
a2217d4c-728f-4355-ac60-7e593f673cdb,cust_309,2025-05-14T16:22:22.047621,375.12,prod_63,3,125.04
9613a3b3-5eb2-4fc4-a56d-5db12d683654,cust_31,2025-10-24T14:57:31.047621,295.26,prod_67,3,98.42
03b94e8b-2244-4344-b940-222c9db1ea9e,cust_253,2026-01-29T14:38:47.047621,174.54,prod_151,1,174.54
72ead849-9325-4779-abf3-ca4a475ca2d7,cust_408,2025-12-04T04:59:04.047621,24.72,prod_172,3,8.24
eca0ded4-1bd3-4e76-996a-35089238e302,cust_317,2025-11-30T00:33:48.047621,358.08,prod_146,2,179.04
caa6fd5a-8889-4e7e-9e86-57b935ffa49f,cust_156,2025-10-03T10:08:37.047621,241.72,prod_7,2,120.86
be59ee66-c382-4af5-a805-c047f53a69aa,cust_241,2025-12-03T14:57:21.047621,191.41,prod_26,1,191.41
d1ce9dd5-6d18-47ec-ba72-f853d46689b1,cust_201,2025-07-12T18:33:08.047621,213.36,prod_46,2,106.68
84f1ecab-9293-436a-9ac2-8003b7a000f0,cust_9,2025-04-24T12:17:53.047621,214.65,prod_169,3,71.55
b3620c42-ff82-4aab-8eda-2cfebe6893bb,cust_239,2025-12-21T17:10:28.047621,237.39,prod_50,3,79.13
2eeb149f-69fa-406e-bfb0-fda2457f2e91,cust_491,2025-10-06T19:13:45.047621,219.33,prod_187,3,73.11
4349b908-cb46-4893-9d2b-983cc115153b,cust_393,2025-02-25T01:32:44.047621,76.58,prod_195,2,38.29
09af8af5-c630-42c4-82f3-45c1a83cb4f5,cust_305,2025-02-18T19:52:57.047621,123.42,prod_73,1,123.42
77d81f8d-64d3-4367-9c33-f1ad9a2ff444,cust_103,2025-02-20T13:13:55.047621,238.68,prod_49,2,119.34
c6d45782-9e71-4dc5-ac0f-052ef7b70943,cust_186,2025-02-19T21:50:06.047621,115.1,prod_62,2,57.55
b5a1e8ad-414b-4ec4-8651-14778fd126ae,cust_216,2025-10-21T00:11:45.047621,80.7,prod_176,3,26.9
0fc5c332-b27f-480c-a6c1-06ea36c6e595,cust_410,2025-12-07T19:05:18.047621,97.58,prod_100,2,48.79
0986b824-256b-42fa-931f-33a62eab7933,cust_383,2025-10-14T18:57:17.047621,47.8,prod_180,1,47.8
1af8262b-8b15-493e-a2ba-c7b6b7c042e2,cust_460,2025-11-26T23:45:36.047621,166.74,prod_111,2,83.37
0f102b2d-0f39-4ea8-96a6-6a59eaad26f5,cust_486,2025-12-26T17:30:16.047621,270.08,prod_175,2,135.04
85f49c50-077f-4041-b7e4-da2666ed3a62,cust_242,2026-01-04T23:01:24.047621,84.9,prod_47,1,84.9
ddb5a0d8-98d3-4268-9116-493a9c4c76c3,cust_214,2025-04-19T17:16:41.047621,125.49,prod_118,1,125.49
00fe1cfd-5013-469f-a064-94c7c75303de,cust_330,2025-07-16T06:05:24.047621,132.7,prod_1,2,66.35
ed628dfc-6970-4de2-b4d1-455c91fed9f6,cust_494,2025-10-02T21:08:42.047621,320.04,prod_44,3,106.68
06c9a0cc-cbef-4da8-9369-ad1c750ca0e4,cust_278,2025-02-09T00:53:47.047621,159.33,prod_23,3,53.11
f7371c21-4c69-4bd8-9581-ebb9caaa4356,cust_278,2025-09-20T09:20:48.047621,131.69,prod_86,1,131.69
47c45e2f-730f-469b-bd0d-3bd074d4e063,cust_129,2025-03-09T07:40:47.047621,539.55,prod_74,3,179.85
7aa75b65-5b77-4cf1-be8f-86613456c74b,cust_484,2025-11-08T23:19:07.047621,101.59,prod_125,1,101.59
c0024594-e4ae-49da-b179-9d716dd8bf10,cust_90,2025-02-19T05:39:24.047621,145.74,prod_143,3,48.58
1b09caaa-0214-4c0d-8caf-d47de3cbd36d,cust_291,2025-02-04T05:55:45.047621,145.45,prod_112,1,145.45
c6c18505-ae86-481b-948c-cf7e9825020c,cust_391,2025-06-19T13:26:34.047621,275.73,prod_105,3,91.91
c3ac75df-8073-4b93-96f9-2d65266ca81f,cust_89,2025-07-18T06:55:08.047621,161.34,prod_149,3,53.78
6186ad8b-6c22-445a-834d-abd4f99211b6,cust_239,2025-10-07T15:50:40.047621,53.8,prod_176,2,26.9
c756fce7-cce8-4759-9338-7090a4ff9fc4,cust_216,2026-01-14T21:59:24.047621,230.04,prod_183,3,76.68
ba3c177f-fa38-462a-aa54-fbf26298b593,cust_259,2025-07-02T18:37:31.047621,61.16,prod_137,2,30.58
18eb525f-655f-4df7-b9ef-b40fc5565755,cust_166,2025-09-15T02:35:04.047621,79.13,prod_50,1,79.13
e79f806b-2e1b-4a3f-9a14-cc9aa12afb98,cust_37,2025-10-01T17:48:58.047621,131.69,prod_86,1,131.69
c53282dd-eaab-4b36-b8e8-86bfb765020f,cust_75,2025-12-29T08:43:36.047621,16.48,prod_172,2,8.24
12172548-abdd-41a0-8962-baeb83669540,cust_161,2025-07-05T03:30:24.047621,184.13,prod_200,1,184.13
d3ba9f4e-953c-49ff-9fc5-467ccc576544,cust_395,2025-11-04T18:10:44.047621,57.38,prod_30,1,57.38
66829231-b4c6-4390-9f0c-55052770293a,cust_23,2025-11-10T23:12:58.047621,76.76,prod_196,1,76.76
2247528c-b2f9-4037-921a-def95e349f2a,cust_393,2025-02-14T08:35:24.047621,521.52,prod_40,3,173.84
eacf4a62-0b92-4673-afda-335744629224,cust_190,2025-02-20T01:18:35.047621,182.3,prod_102,2,91.15
f7aeb6cb-9994-474b-83d0-e0e706a29c24,cust_204,2025-05-26T12:05:53.047621,131.69,prod_86,1,131.69
0c497a0c-a866-4a58-a3d0-efb09ebcf596,cust_426,2026-01-17T23:38:30.047621,210.58,prod_19,2,105.29
66461db9-0c8f-4c6d-a6c5-ca7953d0dee4,cust_167,2025-11-30T10:23:02.047621,46.92,prod_39,1,46.92
3720f32f-7db9-4281-a4a0-6f2ef22a5d0e,cust_23,2026-01-08T19:02:46.047621,91.15,prod_102,1,91.15
6d8df569-654d-4c76-a828-b9e7bb7ccaf0,cust_500,2025-09-17T22:13:37.047621,93.68,prod_108,2,46.84
d1ffef00-f556-4d96-86f1-d07c99f28b5b,cust_146,2025-08-18T23:38:18.047621,382.82,prod_26,2,191.41
b5f706ef-0afe-4be3-9c38-78f193559fd9,cust_427,2025-05-04T23:39:10.047621,182.3,prod_102,2,91.15
1a2f9d92-1747-4bbf-b9a9-31a7a0dd6d5f,cust_124,2025-07-03T23:52:19.047621,31.26,prod_127,2,15.63
cf255620-bed3-485a-a267-cb91fcf297ab,cust_125,2025-12-30T20:44:58.047621,197.31,prod_173,3,65.77
14eeca34-77bc-4a3d-864c-03b8a1e68afa,cust_493,2025-12-01T21:24:32.047621,562.14,prod_148,3,187.38
6e525f91-8270-4db2-96f6-3ed0a99b55ce,cust_226,2025-03-16T11:58:58.047621,564.0,prod_94,3,188.0
81aac7be-84ea-46c3-bae6-20fd62efc2ee,cust_337,2025-08-01T14:45:17.047621,133.8,prod_68,3,44.6
116c7a39-913f-42e4-8a32-b2eac072ef2f,cust_235,2026-01-21T03:36:38.047621,137.52,prod_160,3,45.84
07ac2dca-c1c5-4079-8049-187a2a03e677,cust_291,2025-10-29T20:13:49.047621,83.55,prod_61,3,27.85
345c9bc4-5a21-4228-8419-1adc8949b987,cust_261,2025-09-02T22:56:59.047621,371.76,prod_181,3,123.92
efc93f37-354d-4c41-b616-1e15deb61634,cust_435,2025-11-04T09:29:23.047621,76.76,prod_196,1,76.76
920f6d24-c6d6-4026-82ec-7504ba1571e5,cust_245,2025-11-11T06:52:49.047621,125.49,prod_118,1,125.49
065d2ab0-3c7e-4acd-bda1-78f362baab09,cust_62,2025-10-29T10:32:07.047621,80.32,prod_64,2,40.16
1a31e7da-d3ed-4f37-bff7-d7f62640a4f1,cust_448,2025-02-13T12:22:50.047621,22.81,prod_145,1,22.81
e2149b3b-5181-413f-a933-053a5b72c75b,cust_248,2025-12-07T07:21:16.047621,546.42,prod_130,3,182.14
86077442-85c2-42fb-a4ea-d23a28531c72,cust_72,2025-06-19T17:04:30.047621,143.4,prod_180,3,47.8
0372c148-60d6-41a2-be84-8518691c5451,cust_140,2025-09-23T14:22:59.047621,373.26,prod_2,2,186.63
ebf8abc2-c3ca-49b3-bca2-2fc985817902,cust_417,2025-10-18T02:30:33.047621,180.62,prod_56,1,180.62
17d276e8-0d27-4227-9936-4b9d4c9b5a97,cust_428,2025-03-08T19:13:02.047621,179.04,prod_146,1,179.04
80f8bd39-4fd0-45c0-8f6b-897c11b38df9,cust_347,2025-02-20T07:43:57.047621,78.24,prod_22,3,26.08
8facc33e-f0e5-4a95-8415-412197241419,cust_232,2025-04-10T11:36:12.047621,128.49,prod_58,1,128.49
36e6df90-fe72-48e3-bbdc-6d0f34da0910,cust_285,2025-06-09T20:54:53.047621,15.3,prod_120,2,7.65
43ac5ff7-df75-4a5c-b248-6cf28a17b624,cust_262,2025-12-05T08:01:01.047621,213.4,prod_92,2,106.7
c268a5d8-ed4a-4dff-87dd-7db6513ddf81,cust_441,2025-04-09T00:28:04.047621,57.62,prod_167,1,57.62
02f72107-6e51-4f47-880a-2ba5b3febf47,cust_285,2025-03-02T07:55:58.047621,509.46,prod_9,3,169.82
46fd5a7d-124b-48c5-968f-eda57d7fb4fb,cust_491,2025-07-23T09:59:58.047621,215.68,prod_114,2,107.84
d2e3aed5-5592-402b-b51a-429e062a3aec,cust_136,2025-03-13T08:35:51.047621,153.36,prod_183,2,76.68
50f8c98e-f234-4617-ac49-2be2b5dac0e4,cust_252,2025-09-29T20:07:35.047621,96.99,prod_166,1,96.99
fc6f5da6-ae23-46c4-9c72-54268882468f,cust_277,2025-03-16T08:43:40.047621,30.16,prod_6,1,30.16
7d6e3f95-dcc7-4403-911c-feb57d394693,cust_237,2025-05-01T18:11:25.047621,26.08,prod_22,1,26.08
b0630e50-8c39-47f2-84e8-abf018c4d25a,cust_177,2025-06-27T17:20:57.047621,96.99,prod_166,1,96.99
4393bb44-1d3d-4427-a315-7bfa03e2452a,cust_469,2025-11-28T10:22:16.047621,78.24,prod_22,3,26.08
d75dc79c-abd2-4481-9b3d-866722ea40aa,cust_114,2025-06-21T17:12:13.047621,107.84,prod_114,1,107.84
fa4d867a-1407-4933-a959-70cf070a651a,cust_43,2025-05-29T09:00:29.047621,79.13,prod_50,1,79.13
03362c78-a4b6-4a2d-ae56-1ab05072faec,cust_116,2025-09-01T14:50:30.047621,81.62,prod_144,2,40.81
82d5511b-87b6-4f8f-9a71-6043961cff27,cust_470,2025-05-24T21:56:23.047621,231.42,prod_161,3,77.14
fdbcbced-f7ae-42f3-8dcd-06f1dbfc0468,cust_207,2025-11-01T16:10:36.047621,474.39,prod_69,3,158.13
7182fb39-06df-4322-8403-d0d3239de677,cust_121,2025-11-19T08:57:45.047621,56.62,prod_91,1,56.62
8c350eff-9b36-4435-8ac4-8d8ac48722f6,cust_337,2025-05-15T02:48:38.047621,71.55,prod_169,1,71.55
57a22925-1673-4610-8963-fa0431f86a6c,cust_299,2025-02-21T07:27:22.047621,68.78,prod_8,2,34.39
3920761f-c671-4581-9d15-e2022c0b1156,cust_417,2025-09-29T11:39:06.047621,359.36,prod_142,2,179.68
300ae6cd-8e74-43f0-8dca-9d46d56e7eff,cust_52,2025-08-29T20:57:00.047621,239.31,prod_42,3,79.77
07804f1d-7153-478c-b31d-10a3c6390ad9,cust_318,2025-09-05T18:34:43.047621,87.0,prod_139,2,43.5
f76d358f-374b-4741-b8f4-fd702e73814b,cust_311,2025-05-02T09:44:09.047621,360.81,prod_122,3,120.27
a164bd82-9c44-49e3-8c6a-a94dee5e60b1,cust_497,2025-10-05T12:49:58.047621,376.05,prod_77,3,125.35
862568df-8ff4-429b-b534-1fccce6bfb0e,cust_313,2025-08-29T20:57:49.047621,311.5,prod_177,2,155.75
addd562f-ef89-49e7-a7e4-f267ef42faa1,cust_46,2025-10-14T08:00:14.047621,492.48,prod_101,3,164.16
ef394e4a-d0b7-4eb6-b14b-da251b24e801,cust_269,2026-01-01T02:45:07.047621,362.58,prod_7,3,120.86
13156752-a959-44c2-80e5-a6f7965ec56c,cust_195,2025-09-20T22:42:44.047621,317.86,prod_48,2,158.93
89e90960-8457-4130-a7fe-a063d1a09736,cust_483,2025-06-21T16:19:46.047621,161.34,prod_149,3,53.78
649ab552-5c3a-4c78-bad8-674bf0a6f132,cust_57,2025-12-09T06:13:13.047621,76.89,prod_121,3,25.63
f585ac31-8c2b-4869-869f-7f799a487e24,cust_67,2025-04-01T10:13:18.047621,68.43,prod_145,3,22.81
e39d794e-a56d-48f7-b625-74c2c902295e,cust_221,2025-04-03T04:12:25.047621,146.37,prod_100,3,48.79
95e26d2c-873b-4972-8034-67393374c925,cust_388,2025-10-19T14:24:40.047621,26.76,prod_170,3,8.92
ff11c24c-2d37-479f-aa79-642d1a58ad17,cust_10,2025-12-27T06:39:42.047621,140.52,prod_108,3,46.84
b5405aaf-792a-4f88-9c0c-b3761b2e6f89,cust_20,2025-02-05T21:55:14.047621,275.73,prod_105,3,91.91
9c3e9bfa-fc68-4074-bf45-d38eebcfc7fa,cust_435,2025-08-19T10:40:36.047621,53.11,prod_23,1,53.11
2c01c39e-abad-4a91-a25e-1325fb27a5d9,cust_64,2026-01-29T03:56:38.047621,555.84,prod_52,3,185.28
8c7208da-2f01-46db-9b03-f4ccb68e81fe,cust_424,2025-12-02T23:51:34.047621,132.85,prod_37,1,132.85
e2fe60e5-afc5-4bfb-acb4-a85413278ad4,cust_334,2025-02-16T13:43:16.047621,47.8,prod_180,1,47.8
91a62185-e5ff-4f5d-90d4-6c0eab2adb71,cust_262,2025-05-01T05:58:14.047621,199.05,prod_1,3,66.35
ab7d6813-485c-4ed9-bbb3-60dc713baa6a,cust_38,2026-01-28T22:03:12.047621,235.14,prod_41,3,78.38
d6ee727c-e772-459a-a1e4-127762d42740,cust_467,2025-11-08T22:12:52.047621,120.99,prod_106,3,40.33
ef132b56-2bb6-4973-b7f7-f3b37cd3df6a,cust_4,2025-09-15T17:12:02.047621,153.36,prod_183,2,76.68
f0094786-edbb-48ac-b7c4-37cff23a6de7,cust_275,2025-05-13T06:13:29.047621,338.6,prod_188,2,169.3
5f13f60d-3a49-4dcd-960f-b542f87f8275,cust_19,2025-09-22T07:32:27.047621,96.99,prod_166,1,96.99
d2faaefa-c3d7-4420-829d-6da3b1dadddd,cust_101,2025-11-05T00:36:37.047621,236.72,prod_153,2,118.36
50a9380e-ccef-4af4-a61c-ce8dddea2a4e,cust_142,2025-04-23T19:25:50.047621,156.76,prod_41,2,78.38
0e5ec5b2-ceb6-480a-9bd7-675338fd5a06,cust_467,2025-03-18T01:25:29.047621,213.36,prod_46,2,106.68
d637de73-6ca2-4c81-b0ce-07fcc5596e38,cust_9,2025-03-11T13:23:00.047621,59.06,prod_85,2,29.53
a517696e-99ae-445e-84e6-326d1d35cd84,cust_306,2025-09-30T16:28:17.047621,228.45,prod_87,3,76.15
e8e1eb8a-27af-41c6-8a76-5b4d2665848d,cust_212,2025-11-14T18:03:31.047621,247.68,prod_147,2,123.84
34050f99-3e13-44e6-8d10-dbf393556bcc,cust_164,2025-05-01T06:39:20.047621,45.26,prod_138,2,22.63
0c705f7a-d8f6-40ed-b2b3-3fa7ab589228,cust_253,2025-09-27T16:09:47.047621,256.98,prod_58,2,128.49
3be70be2-b408-46a1-aa45-feb7ee03264a,cust_305,2025-12-04T07:01:12.047621,304.77,prod_125,3,101.59
c3cbd212-fd8c-4c68-9329-d6b4c00efdd5,cust_54,2025-06-27T05:58:44.047621,196.56,prod_27,3,65.52
c6100d12-3084-46d7-9572-4e3b54775911,cust_161,2025-10-20T01:29:23.047621,18.25,prod_182,1,18.25
aa86578b-a877-477a-ba5d-645b29f3f775,cust_393,2025-03-11T00:20:44.047621,29.29,prod_98,1,29.29
e2f3c9da-6477-4f4f-8025-fc8273751656,cust_143,2026-01-30T12:32:29.047621,132.69,prod_159,3,44.23
a0aff31a-d622-4964-9493-8fac4b0bfcc0,cust_493,2025-07-03T06:59:32.047621,151.77,prod_83,3,50.59
07144df0-e7af-45d0-a8ad-c54b84596b34,cust_67,2025-03-01T17:31:19.047621,406.95,prod_38,3,135.65
4a042dee-093d-45fd-98d9-3a9aa3e693ce,cust_493,2025-11-10T04:44:02.047621,150.72,prod_11,1,150.72
9a0ffea0-e224-40d6-82c6-b8ec66843fed,cust_428,2025-09-10T06:20:37.047621,66.35,prod_1,1,66.35
da5b66ee-8c9b-448b-94ef-588e6a5f8fbb,cust_393,2025-04-04T17:30:28.047621,477.93,prod_28,3,159.31
34843470-b08b-4ff8-a82a-5826d53f1111,cust_346,2025-06-30T17:39:24.047621,290.97,prod_166,3,96.99
7ef28acb-520d-4857-b11b-b89938dcfba7,cust_479,2025-08-21T12:12:42.047621,123.94,prod_29,2,61.97
bd4eafcb-3c1c-4e08-ad9b-20bf37d37abb,cust_115,2025-08-07T18:49:41.047621,213.36,prod_46,2,106.68
118d10d0-8a0e-40c0-983a-088ec67a6f27,cust_24,2026-01-08T20:48:41.047621,125.04,prod_63,1,125.04
69a04ec0-50f8-410f-ba26-6acb5b5d7357,cust_494,2025-10-27T06:57:34.047621,315.87,prod_19,3,105.29
c36c8420-47df-47b7-9939-71dc2ed8bfa6,cust_371,2025-01-31T17:47:44.047621,154.37,prod_66,1,154.37
7c6cb161-5149-4bec-b60f-b479dafd80da,cust_146,2026-01-01T22:19:15.047621,213.36,prod_44,2,106.68
44732a46-2515-455c-92bf-15e838845c10,cust_53,2025-03-09T00:08:33.047621,492.48,prod_101,3,164.16
fe9b3c79-70bb-4c70-8ca5-a36e4b9c519d,cust_27,2025-02-25T02:17:02.047621,51.02,prod_14,2,25.51
e24e3465-ce76-474f-8465-190f4b10173f,cust_10,2025-04-24T03:22:03.047621,8.82,prod_158,1,8.82
5c5b3406-bc77-4689-96ce-9d67609c4b11,cust_286,2025-08-23T10:36:45.047621,187.38,prod_148,1,187.38
59baa174-f1ea-4325-9d59-84d89f612549,cust_167,2025-03-06T07:36:26.047621,237.39,prod_50,3,79.13
ed02b798-eb80-4892-ae3e-03033babd98c,cust_79,2025-11-21T21:15:12.047621,493.56,prod_65,3,164.52
2a4d1603-b8fe-4d18-b0c3-82272c1663fd,cust_491,2025-12-29T02:19:09.047621,477.93,prod_28,3,159.31
48bee3aa-1f5d-435d-ba3d-e62e4c1afd7f,cust_192,2025-10-21T23:24:57.047621,15.63,prod_127,1,15.63
8b36bff3-c51e-474f-a643-8b7ac1161f8a,cust_342,2025-12-31T22:36:15.047621,358.02,prod_49,3,119.34
be9ef672-7ce7-4f5c-8a2d-763cca50f9b3,cust_11,2025-09-12T11:27:29.047621,77.58,prod_81,1,77.58
0385a825-10bd-432e-8615-ca123c7369a9,cust_484,2025-10-09T10:08:53.047621,80.7,prod_176,3,26.9
5c9dd6c3-7ed5-4a65-8a8e-dee00869c083,cust_432,2025-07-02T21:57:00.047621,206.4,prod_70,2,103.2
c201e2c9-168e-4c80-b86f-942bff713718,cust_330,2025-09-22T11:05:22.047621,250.08,prod_63,2,125.04
49d5097d-ac3d-45e7-8807-af903a7063e2,cust_425,2025-06-02T14:20:01.047621,140.67,prod_54,3,46.89
b289ffa9-a9c0-481a-bd25-1df0916f26f4,cust_151,2025-10-07T00:34:06.047621,237.39,prod_50,3,79.13
28d22b81-aeec-4a6e-89da-a9e23f7a4cab,cust_53,2026-01-29T19:38:34.047621,149.36,prod_55,2,74.68
885fdaed-fce8-4948-a3c9-f4570ffa7d88,cust_445,2026-01-05T14:47:10.047621,271.08,prod_75,3,90.36
32e46550-8948-4c3d-a388-65a66493b78b,cust_376,2025-02-06T03:35:24.047621,46.89,prod_54,1,46.89
d1e9fba5-4fca-4dd0-bbc8-3a5abc23d193,cust_337,2025-03-10T00:46:57.047621,149.38,prod_24,1,149.38
dfa1a749-f0f5-4637-a152-af6a94de7647,cust_426,2025-07-21T15:22:55.047621,123.92,prod_181,1,123.92
69cb13fc-8f15-42c2-b392-fb516385f342,cust_81,2025-07-04T08:54:02.047621,213.72,prod_191,3,71.24
d97acab7-385d-4600-b0e9-caafb424eee7,cust_170,2026-01-04T23:39:23.047621,185.91,prod_29,3,61.97
e1b158ce-dbb3-4eeb-98d5-f114a1eb4584,cust_166,2025-04-24T09:25:35.047621,214.68,prod_190,3,71.56
da7d0322-5cde-41cc-b9dc-7cd8365835bb,cust_338,2025-05-20T12:44:28.047621,107.81,prod_57,1,107.81
b0728c6a-215b-4be2-abd7-eb9ff7c55024,cust_342,2025-12-22T23:25:27.047621,250.7,prod_77,2,125.35
decec7db-5079-443d-9898-bb1596c1ba54,cust_135,2025-09-25T00:44:44.047621,68.43,prod_145,3,22.81
c0978d15-c623-4907-a487-f0bba59441d3,cust_296,2025-10-26T01:37:17.047621,329.04,prod_65,2,164.52
e64d9811-dfc6-489b-8b06-a7243536c225,cust_344,2026-01-07T09:19:10.047621,58.32,prod_165,2,29.16
4576f2de-7df9-474f-b0ef-b1b9ffb0a015,cust_223,2025-07-23T03:52:22.047621,115.1,prod_62,2,57.55
3eaaeae3-773e-4f3c-8d69-25fd0261fbf6,cust_362,2025-06-05T16:50:56.047621,53.78,prod_149,1,53.78
d7a822a0-1ebf-48d1-8c1c-c5a524652df5,cust_302,2025-03-07T14:43:04.047621,309.6,prod_70,3,103.2
0c6066f1-1afe-4ce0-93d8-3eaef6390630,cust_217,2025-02-22T13:03:35.047621,31.26,prod_127,2,15.63
22fa81ad-3da5-4e1c-8847-a559b5c44d47,cust_411,2025-03-18T06:00:43.047621,215.68,prod_114,2,107.84
f759b3e8-92a2-4cd1-92fb-eac58a649418,cust_337,2025-02-19T20:34:09.047621,237.39,prod_50,3,79.13
86d2cd88-4e91-47cd-928e-d11193f70045,cust_215,2025-07-17T05:39:14.047621,39.27,prod_163,1,39.27
d8f7094d-fcaf-4909-b5cc-27b5bd599984,cust_85,2025-04-23T16:39:47.047621,224.04,prod_55,3,74.68
712742ce-5cd1-42e1-bbfb-99086edce952,cust_408,2025-04-07T07:20:22.047621,385.47,prod_58,3,128.49
4e1b1a84-5e1b-46eb-bae1-2f29576026b4,cust_272,2025-07-28T02:22:42.047621,236.72,prod_153,2,118.36
8cfd8b91-77ad-4620-a5f6-e477cd6d4f85,cust_119,2025-08-03T07:01:45.047621,261.42,prod_124,2,130.71
3d6206eb-df38-4bbe-a82a-fe5e99c8cad9,cust_252,2025-11-13T02:25:35.047621,290.9,prod_112,2,145.45
37bf2e25-07e7-4553-9483-a50b776b01f2,cust_236,2025-08-02T23:31:20.047621,482.34,prod_34,3,160.78
957bc761-810d-4e79-ab48-ac655ed67e95,cust_274,2025-12-07T21:15:21.047621,179.76,prod_13,3,59.92
9b382e6b-cd54-429f-97be-e36defda6b10,cust_78,2025-03-17T14:27:30.047621,205.68,prod_189,2,102.84
91676c89-7419-4796-acd4-0c2f3f31ef1b,cust_107,2026-01-07T14:26:55.047621,77.74,prod_84,1,77.74
63424ca6-25be-4337-9782-7140388ffd7b,cust_40,2025-04-21T20:50:34.047621,241.72,prod_7,2,120.86
8dd25754-0275-40f0-98f5-cc82c253d49e,cust_400,2025-09-26T14:02:18.047621,173.62,prod_123,2,86.81
559ba133-383c-4486-ae36-cdb1756a9d4e,cust_63,2025-12-02T20:17:00.047621,371.52,prod_147,3,123.84
488b9835-f8ae-4b57-9c30-b27e13dfca21,cust_41,2025-06-17T22:49:37.047621,123.94,prod_29,2,61.97
c8ed0955-6c39-40c8-9951-bc08d1c65795,cust_212,2025-02-27T18:29:36.047621,8.92,prod_170,1,8.92
2d7b7934-bf6f-4a0f-86cf-bc4596be0b70,cust_392,2025-08-31T14:50:18.047621,71.24,prod_191,1,71.24
01e5284e-d2bb-481b-abc9-a14fd034b9b2,cust_408,2025-03-12T18:42:59.047621,63.9,prod_82,3,21.3
70ee9a0c-1f85-4453-a8ab-cca5c7a5c08d,cust_467,2025-12-30T16:37:31.047621,219.33,prod_187,3,73.11
c8f5719a-c614-4e67-8b66-596722e3f00d,cust_39,2025-03-02T22:09:14.047621,496.17,prod_197,3,165.39
b2ed103a-2ff6-4d91-a96c-297c9fcd170b,cust_271,2025-10-25T02:57:04.047621,23.07,prod_141,3,7.69
c4008d85-987a-4fdb-bb97-48c2331e56a1,cust_372,2025-10-23T17:34:54.047621,304.77,prod_125,3,101.59
45f394bd-4afc-47c6-a166-9d3d51d753a3,cust_394,2025-03-17T19:48:43.047621,123.42,prod_73,1,123.42
26acdc4e-bd63-4d46-9004-e5427402e764,cust_487,2025-09-03T10:41:21.047621,119.84,prod_13,2,59.92
babc082b-bbb9-46b1-809d-e7cba4311cbd,cust_498,2025-05-21T23:21:07.047621,199.2,prod_162,2,99.6
b8d84b67-8cc0-40fd-9cff-5b4a19ba73fc,cust_91,2025-12-26T14:56:47.047621,102.84,prod_189,1,102.84
55ca026d-c61e-4807-ba2f-293e76c61aa5,cust_447,2025-03-04T19:00:34.047621,160.78,prod_34,1,160.78
5de7d870-f2b1-4cc2-8162-4c640b5c2eed,cust_488,2025-05-20T03:33:47.047621,493.56,prod_65,3,164.52
f9f8747a-ff8e-49a5-b143-b44bb5981880,cust_317,2025-07-25T22:59:13.047621,230.28,prod_196,3,76.76
276a63dd-82e0-47a0-be47-aeca20566005,cust_268,2026-01-17T02:36:11.047621,91.15,prod_102,1,91.15
ea1deb99-7479-4a4d-b678-020c59b43ee9,cust_189,2025-05-05T21:10:27.047621,198.08,prod_78,1,198.08
2183bf09-15f2-4268-a0bb-1faae9c5760c,cust_6,2026-01-02T10:55:12.047621,173.84,prod_40,1,173.84
629bea74-7e50-4dd7-920e-ce53c5468e1a,cust_366,2025-07-29T08:40:14.047621,362.58,prod_7,3,120.86
e5ea1c68-7a88-4b55-a5fd-b822da4f177e,cust_290,2025-04-24T23:32:35.047621,57.38,prod_30,1,57.38
c1aa3f9e-2dec-4abf-b3d3-6510253949cb,cust_342,2025-05-17T16:22:50.047621,153.36,prod_183,2,76.68
3daa8739-b563-4fed-96fd-4cb99c8d15d6,cust_389,2025-10-20T20:45:17.047621,306.93,prod_198,3,102.31
3ebc238c-ac7f-4679-8ab9-82aec7d65d75,cust_382,2025-11-09T19:14:48.047621,22.95,prod_120,3,7.65
ea728580-fc27-4bc1-86c9-78bdd5337737,cust_152,2025-11-12T18:00:20.047621,328.32,prod_101,2,164.16
ab5124f5-dee3-49de-8596-5149285fbb41,cust_489,2025-10-21T17:40:10.047621,323.52,prod_114,3,107.84
ad5efb00-7308-4d30-89c7-9fb79c09fc67,cust_5,2025-02-01T14:14:36.047621,172.14,prod_30,3,57.38
1ad03019-0467-4a80-8569-bfd46baadbdc,cust_74,2025-09-21T16:16:03.047621,57.55,prod_62,1,57.55
e0274a3c-bab9-4795-ab97-87315328e9a4,cust_363,2025-07-17T08:35:39.047621,105.29,prod_19,1,105.29
86ec8726-ba74-433f-9f6c-f5f0ea8254c9,cust_158,2025-04-15T08:17:39.047621,125.35,prod_77,1,125.35
443c73ef-7eea-4f67-82df-4a86150e11e9,cust_271,2025-02-02T00:25:09.047621,45.26,prod_138,2,22.63
4e6f43dc-5aec-43bb-bd17-722ce994f266,cust_4,2025-05-05T15:13:32.047621,199.2,prod_162,2,99.6
2595a92f-ef04-4580-b12b-59de91d868df,cust_49,2025-12-11T07:41:21.047621,291.06,prod_97,3,97.02
79cfef15-1a0a-4a5a-a24e-83eced70aad9,cust_161,2025-02-07T11:37:10.047621,351.57,prod_18,3,117.19
a01875ab-351e-4508-b71d-770b0eb96831,cust_37,2025-02-15T00:25:28.047621,358.08,prod_146,2,179.04
c4f4f191-bcc6-46f1-a660-7bebca045676,cust_413,2025-06-23T22:33:08.047621,376.0,prod_94,2,188.0
7addf377-9a2b-44a7-b2ca-03d6903995b6,cust_278,2025-04-10T21:13:49.047621,185.91,prod_29,3,61.97
14dc6166-4478-45ff-9c85-b2b64fd42225,cust_66,2025-07-13T15:21:20.047621,254.7,prod_47,3,84.9
9034bb4b-fbe3-4d66-8b1a-8ff846ef1d7c,cust_205,2025-06-09T04:40:15.047621,196.84,prod_67,2,98.42
887c9273-97c5-4ef3-8b63-a49fe41583b5,cust_365,2025-03-23T05:45:07.047621,59.92,prod_13,1,59.92
e886ea37-4b6e-4d4b-a938-1db6e22cb38f,cust_156,2025-04-29T11:33:36.047621,555.48,prod_156,3,185.16
01a08468-8bcd-4b90-9211-8c8372f47127,cust_285,2025-11-28T07:12:14.047621,282.45,prod_134,3,94.15
650cd0b0-ae6a-414e-a4c1-aa546e7ac643,cust_59,2025-02-08T02:26:38.047621,133.07,prod_119,1,133.07
31850b6b-3c0b-4463-af4c-656b496d62b2,cust_331,2025-08-07T04:32:01.047621,320.04,prod_46,3,106.68
36b9ddf1-7e9c-46be-95fa-e6a4e31992eb,cust_27,2025-09-23T17:08:32.047621,135.65,prod_38,1,135.65
648833ca-2995-4541-8f57-252c17287c04,cust_211,2025-07-14T20:32:48.047621,523.62,prod_151,3,174.54
5baa017c-0095-4e5e-b5d2-8779c199d956,cust_253,2025-04-13T01:42:24.047621,146.37,prod_100,3,48.79
0ccd623e-08ba-4315-85c3-9b3b5f1717f7,cust_321,2025-06-15T04:40:47.047621,232.74,prod_81,3,77.58
d98508c4-02fa-4d81-8743-6f90bfb79105,cust_11,2025-03-27T11:48:45.047621,59.06,prod_85,2,29.53
c91f4613-abc0-4260-9cce-4a51c70e5e57,cust_137,2025-03-27T22:19:43.047621,158.13,prod_69,1,158.13
ec7b5715-916d-4705-8fa3-fda391423740,cust_298,2025-11-12T09:05:00.047621,7.69,prod_141,1,7.69
c278e164-1aaa-4480-95e1-6508820002b3,cust_2,2026-01-10T09:56:50.047621,226.72,prod_132,2,113.36
5c2a1ab8-d801-4382-ab65-7511904e052a,cust_207,2025-03-23T14:04:04.047621,93.68,prod_108,2,46.84
cedea969-146d-4eb8-aaab-24218d6af72d,cust_329,2025-12-19T00:41:33.047621,110.28,prod_174,3,36.76
a25eb782-3b79-4e60-be04-8bbd0f507746,cust_451,2025-12-18T13:12:24.047621,203.18,prod_125,2,101.59
f4e3cdaa-01e9-4c51-bfe4-95bc0eeda71d,cust_76,2025-02-15T10:12:32.047621,240.54,prod_122,2,120.27
1661dd14-22d3-4627-b6f6-e965c72fc44d,cust_424,2025-09-26T03:12:42.047621,22.63,prod_138,1,22.63
d6bf8edc-1948-4b89-93f8-b048810ec090,cust_29,2025-09-17T18:41:52.047621,183.82,prod_105,2,91.91
fdb0370f-9511-4a6e-9b44-b4f248471712,cust_53,2025-04-15T20:01:04.047621,185.16,prod_156,1,185.16
8c626ed5-13a7-477a-9244-1e960170efc9,cust_385,2025-04-28T03:25:42.047621,137.52,prod_160,3,45.84
9edc7db5-f468-4041-a294-f624b61592fe,cust_53,2025-06-27T20:45:52.047621,541.86,prod_56,3,180.62
b6ea23ad-c3d0-412c-ad85-52052e99aa44,cust_186,2026-01-14T18:04:25.047621,191.65,prod_185,1,191.65
d5d733fa-d6ff-46c6-8fbf-d2dc1353f220,cust_236,2025-06-09T16:33:08.047621,243.36,prod_133,2,121.68
a8887164-024e-499e-8d6f-9f4966adae5f,cust_23,2025-05-19T06:41:09.047621,308.74,prod_66,2,154.37
10092217-222e-4a59-b098-256b25ce55ee,cust_113,2025-09-17T15:38:34.047621,172.65,prod_62,3,57.55
324b9a53-e30c-4d48-b09b-e65bce2150c6,cust_466,2025-06-09T21:30:24.047621,50.59,prod_83,1,50.59
b530be8e-d3d5-41d8-9738-30bfac77bf95,cust_294,2025-10-24T01:27:39.047621,90.32,prod_117,1,90.32
a3c0fcf8-b87d-4cb7-ad02-f7a8fc98ccb4,cust_401,2025-10-15T14:12:15.047621,91.74,prod_137,3,30.58
285fcbce-1e7b-4db7-aed6-9f58ec4c7e01,cust_86,2026-01-22T09:26:49.047621,169.86,prod_91,3,56.62
0b4fb65a-d851-4652-96b6-68c7a2f543b7,cust_370,2025-03-06T14:53:11.047621,359.7,prod_103,3,119.9
05dd719c-a88f-4bbb-9fd3-f27bc33d812e,cust_178,2025-08-02T02:15:29.047621,362.58,prod_7,3,120.86
17d69231-dced-433d-840e-0ab2ddb7030d,cust_357,2025-09-12T18:20:19.047621,179.72,prod_51,1,179.72
cb399c95-3f6e-4f1c-94c7-4a442d911f73,cust_259,2025-06-15T09:30:59.047621,135.04,prod_175,1,135.04
db650035-6bbd-49a9-a555-c995cdf79529,cust_287,2025-10-15T16:37:07.047621,80.94,prod_109,1,80.94
d024f50e-7436-4913-9008-859abe1ab89b,cust_327,2025-07-08T12:31:00.047621,191.41,prod_26,1,191.41
a84e65ed-1bd3-44b3-8524-38c30327dcb3,cust_358,2025-08-23T06:52:43.047621,327.56,prod_15,2,163.78
4046bc9e-95fe-4e43-8dff-3c07bec8f4aa,cust_239,2025-06-16T20:38:07.047621,396.16,prod_78,2,198.08
4f269ff2-8d85-4b5e-ba50-08d1b976ff4d,cust_20,2025-08-25T20:26:07.047621,531.69,prod_164,3,177.23
0eab267a-0d0d-409e-8c8c-0ca255a48cda,cust_330,2026-01-04T11:42:12.047621,44.23,prod_159,1,44.23
430d38f8-1456-42df-af01-ef19c0f884cd,cust_28,2025-10-20T14:42:16.047621,58.58,prod_98,2,29.29
62a6831c-8a81-4562-b74e-69b5adae4a5a,cust_336,2025-08-07T12:17:44.047621,402.78,prod_5,3,134.26
41322178-4ebe-4805-af2d-1723bfdc1f08,cust_335,2026-01-30T14:17:48.047621,256.98,prod_58,2,128.49
e4a8439e-a387-465a-9c5b-92fd0320b2a0,cust_369,2025-11-24T16:28:04.047621,120.27,prod_122,1,120.27
f90e350a-b51f-4b31-9cc6-419b1949c613,cust_96,2026-01-25T17:21:03.047621,184.13,prod_200,1,184.13
4d0e45d8-71c7-4b26-a3f8-f3a90e70042f,cust_96,2025-11-02T11:21:57.047621,474.39,prod_69,3,158.13
b8d20a9f-df15-4085-9667-4019fdf002fb,cust_372,2025-10-13T07:48:37.047621,15.63,prod_127,1,15.63
7871276e-e6f1-43cf-9fab-1b30d3f59ccc,cust_239,2025-09-20T21:47:53.047621,523.62,prod_151,3,174.54
1044cc37-9bec-4323-b263-18e28063fb24,cust_100,2025-05-16T20:11:27.047621,45.62,prod_145,2,22.81
ad918f18-91ba-4feb-9821-21d53011b3bf,cust_449,2025-12-27T15:31:46.047621,461.82,prod_80,3,153.94
5e0b56f9-9d28-4954-9656-a87f2d0de013,cust_45,2025-06-12T09:33:31.047621,80.94,prod_109,1,80.94
a3fc77b5-4433-4617-b0f9-67e3b3cdddb2,cust_400,2025-09-15T12:20:43.047621,247.68,prod_147,2,123.84
873c33f0-92d3-4be3-a72b-cac9ea44c5f0,cust_64,2025-03-29T20:18:25.047621,75.98,prod_128,1,75.98
fd59fbc1-5e74-4981-93f5-efc9fb546ede,cust_366,2025-09-08T05:42:20.047621,86.76,prod_104,2,43.38
b865f2c8-a807-4c90-88a9-8c80152b6d8c,cust_452,2025-04-04T22:02:56.047621,106.68,prod_46,1,106.68
f7c45dcf-7018-46e2-ba64-2a6bf3c54416,cust_301,2025-04-27T06:21:52.047621,120.86,prod_7,1,120.86
953d5023-94ec-446c-a570-9d385af428fb,cust_2,2025-12-06T22:14:01.047621,173.62,prod_123,2,86.81
b49a538f-2f5d-4774-b341-c1243031e484,cust_439,2025-09-06T12:35:07.047621,231.42,prod_161,3,77.14
480748cb-2faf-4dde-96ac-c4d129d2b2bc,cust_456,2025-07-09T22:47:00.047621,539.16,prod_51,3,179.72
bb1de932-bdd7-4854-8f3a-1da05b59c58d,cust_463,2025-08-13T08:30:11.047621,89.2,prod_68,2,44.6
ea69b637-af53-4a24-bb74-41460bdd074d,cust_85,2025-11-21T17:36:07.047621,158.13,prod_31,3,52.71
0bee84b6-095b-4919-af12-bb73d307cf3e,cust_232,2025-08-28T21:32:46.047621,172.65,prod_62,3,57.55
0dbb819e-1ac5-40cc-b966-f295a86d380e,cust_6,2025-03-27T10:26:58.047621,160.78,prod_34,1,160.78
09a6e6dd-4247-4edc-9538-fb13b815fd6a,cust_497,2025-11-10T06:13:24.047621,110.28,prod_174,3,36.76
a77cfb96-01b9-4e4a-871e-daa99d037f36,cust_483,2025-02-22T12:05:13.047621,164.1,prod_129,2,82.05
15911d23-7985-4bcc-97a3-9217c346a697,cust_288,2025-03-24T14:02:02.047621,340.08,prod_132,3,113.36
80140cf4-77f3-4a0f-9028-d73972989a85,cust_471,2025-09-14T07:43:07.047621,340.08,prod_132,3,113.36
eaeeb6bc-bafc-4c1d-b5ff-219599499495,cust_163,2025-07-05T07:25:20.047621,145.97,prod_20,1,145.97
f49b5fa4-f315-4974-b429-4a1d61ef9532,cust_5,2025-09-06T09:49:47.047621,402.78,prod_5,3,134.26
17061a8c-145d-4c82-a3ca-683d65a70ae5,cust_55,2025-06-15T06:45:10.047621,91.2,prod_186,2,45.6
5104fed8-fe41-452c-ba20-96d3cab16e6d,cust_100,2025-03-08T07:23:14.047621,361.24,prod_56,2,180.62
3720e85b-eb18-461d-a04c-088e3e586786,cust_327,2025-12-15T18:37:48.047621,44.6,prod_68,1,44.6
fe96b029-8f16-43c2-9d7a-ef2cfb0b9315,cust_319,2025-04-04T18:13:08.047621,213.36,prod_44,2,106.68
9419f0e3-c60b-42c8-acd2-766fc681deb9,cust_121,2025-07-22T14:22:10.047621,79.54,prod_150,1,79.54
1ffd87bb-b0a3-4e2d-81fe-b0d0d2319ea6,cust_474,2025-04-01T17:47:59.047621,29.83,prod_59,1,29.83
51a70cd8-f489-4117-b732-5b73e91dce81,cust_465,2025-06-14T05:18:30.047621,210.58,prod_19,2,105.29
f7b1ff54-dd1c-41e8-a41d-c205ef5d0788,cust_47,2025-11-28T15:57:00.047621,338.6,prod_188,2,169.3
a64093ff-f1cd-4ec7-b17d-3b6ec24a077a,cust_332,2025-11-25T04:57:01.047621,123.42,prod_73,1,123.42
6a7bf34b-f72b-403d-a1e2-7ce9dc61bfc6,cust_425,2025-11-06T09:13:31.047621,293.06,prod_99,2,146.53
ed230e5b-061c-40ee-a9e0-f4d6c53b9ea9,cust_62,2025-11-07T05:14:44.047621,25.63,prod_121,1,25.63
fdf83b25-7c56-412c-aae7-3c4687167bb4,cust_489,2025-02-11T05:10:22.047621,55.89,prod_135,1,55.89
18b25fc5-4b27-4bb6-b89d-7376ef097506,cust_29,2025-07-09T02:31:09.047621,101.94,prod_116,3,33.98
712e2c27-5409-46da-8074-f2ad1a3b774b,cust_113,2025-07-10T14:15:05.047621,273.45,prod_102,3,91.15
afdc4dfe-767c-46bd-97f5-d6676ce83bae,cust_493,2025-08-09T13:09:12.047621,155.48,prod_84,2,77.74
9c4ba512-50f3-4be1-89cb-36ccaa03937b,cust_58,2025-04-03T18:58:57.047621,370.32,prod_156,2,185.16
06be0f3f-ffc4-42dd-91bc-87b9dedf8d64,cust_84,2025-04-03T12:28:07.047621,43.38,prod_104,1,43.38
33bf7ef1-4184-48bf-923b-c219c23d89a7,cust_127,2025-08-22T21:38:19.047621,154.96,prod_152,1,154.96
bf8e80b0-475f-410b-a5d0-402b05b29a13,cust_300,2025-05-22T13:47:32.047621,78.54,prod_163,2,39.27
42aac022-4cbd-4e08-848f-6d26d3f1ea7d,cust_488,2025-09-17T01:40:38.047621,153.94,prod_80,1,153.94
3fe04c96-c9b5-4baf-b771-02f36f3cb651,cust_411,2025-12-31T12:01:52.047621,20.82,prod_76,1,20.82
71867081-39a9-4245-bcb0-4db52717a55e,cust_444,2025-12-28T19:43:02.047621,76.53,prod_107,1,76.53
2fe32662-2603-453f-ad17-91083c8cbe25,cust_176,2025-04-10T18:33:25.047621,251.76,prod_95,3,83.92
45ccbc35-78f0-49e3-ac96-5727ad7217ad,cust_392,2026-01-23T20:51:02.047621,186.65,prod_154,1,186.65
73b766af-ebd1-4e6b-90db-e5f4454b2a27,cust_100,2025-08-15T13:16:54.047621,199.2,prod_162,2,99.6
13ddf248-78aa-49ef-a69d-8ec4609580c9,cust_203,2025-08-01T20:12:36.047621,78.38,prod_41,1,78.38
1451eac4-886a-4d2d-9e46-90d49a3926bb,cust_274,2025-05-07T04:37:39.047621,181.49,prod_90,1,181.49
c01d0943-1d9f-4574-8046-b3b99b2902b8,cust_337,2025-12-31T03:36:02.047621,232.74,prod_81,3,77.58
f93f4178-536e-4505-98ba-b87c6df0b638,cust_154,2025-05-17T10:30:37.047621,155.48,prod_84,2,77.74
c3e1b809-0333-4195-a6dc-4cc520596228,cust_114,2025-08-16T19:05:35.047621,158.72,prod_136,2,79.36
2840e8e9-41da-46a5-a8e5-a44f4e784a0c,cust_476,2025-03-15T19:30:41.047621,145.74,prod_143,3,48.58
01391931-f6ba-41cf-bd93-7cdad756191f,cust_433,2025-03-20T11:34:12.047621,275.73,prod_105,3,91.91
19e3fe59-c86b-440c-9053-1d3e6d0b3c03,cust_27,2025-10-07T03:52:33.047621,97.16,prod_143,2,48.58
8d11a533-07c5-43e4-bc7e-47dbe7eadc41,cust_474,2025-11-02T19:29:49.047621,159.54,prod_42,2,79.77
dc266dd3-3587-4f08-ac64-9c68bd101adc,cust_277,2025-03-20T20:29:29.047621,461.46,prod_88,3,153.82
710c6ace-dacc-4f88-8c03-88d0e41a6b79,cust_64,2025-11-03T05:03:45.047621,76.53,prod_107,1,76.53
70df96cd-e7b6-4789-a75d-f080d3946e53,cust_311,2025-12-24T18:43:24.047621,88.14,prod_199,2,44.07
1406bdee-0234-4a89-9da1-5fe453b52a9f,cust_383,2025-09-24T22:35:42.047621,392.13,prod_124,3,130.71
925e37ba-ac3e-4a15-879b-69476e14a58d,cust_112,2025-07-18T08:19:59.047621,204.62,prod_198,2,102.31
20582ad4-9401-4400-b356-6fc09bdebfc0,cust_296,2025-02-09T16:06:54.047621,376.05,prod_77,3,125.35
4dc3d4e5-538c-4efb-a9c5-de6b9d8fc9ed,cust_459,2025-05-20T20:44:43.047621,232.74,prod_81,3,77.58
a4302438-9b83-4b99-a6ac-59132a25c7dd,cust_371,2025-03-20T06:57:52.047621,409.29,prod_17,3,136.43
748a7a03-76fb-4076-9fb0-22e2c93d11f5,cust_191,2025-05-28T23:58:25.047621,359.7,prod_74,2,179.85
004df93b-3575-4c51-99f8-fcea62f1e8b9,cust_435,2025-11-10T22:20:17.047621,77.62,prod_16,2,38.81
45370e57-35b1-4e77-81c7-0a8a2aebc458,cust_188,2025-09-10T06:52:31.047621,7.65,prod_120,1,7.65
150a7027-1d4e-4ca2-9bb4-d1ade2643864,cust_389,2025-07-28T13:43:31.047621,172.14,prod_30,3,57.38
801b0f39-e136-4c1b-bf8d-596197f2c550,cust_30,2025-02-13T06:23:34.047621,81.62,prod_144,2,40.81
32d6434b-a39e-4779-b8b8-8880a4206db9,cust_254,2025-11-07T14:16:40.047621,254.7,prod_47,3,84.9
b36f3638-4d09-45fb-b2a0-5d3b47f6ef3a,cust_327,2026-01-09T14:41:14.047621,53.3,prod_93,1,53.3
53999cdb-52ce-4558-928f-37aa652b99dc,cust_162,2025-04-27T00:48:24.047621,293.06,prod_99,2,146.53
f22f9040-b9e4-4496-917a-d3bede5f986f,cust_247,2025-07-25T00:31:53.047621,93.84,prod_39,2,46.92
a104ece7-f0b6-47f4-857a-77ca3e0c01b0,cust_428,2025-08-04T23:22:56.047621,91.15,prod_102,1,91.15
7da3d858-b272-4304-9651-2dd48e9191da,cust_170,2026-01-15T17:15:50.047621,46.89,prod_127,3,15.63
946dfb11-e36e-4fad-b6bf-90f92008c548,cust_338,2025-07-22T01:42:35.047621,290.9,prod_112,2,145.45
d255a03e-d189-47f2-b993-273a8014b08f,cust_97,2025-06-14T19:27:30.047621,370.26,prod_73,3,123.42
8dcf99dc-44d3-434d-8d40-f9b3ca54ce15,cust_70,2026-01-09T10:00:12.047621,158.26,prod_50,2,79.13
957885e4-1ac1-402f-99bc-4ffc6dc34192,cust_264,2026-01-14T13:55:49.047621,523.62,prod_151,3,174.54
9e50e4a8-e6e1-4895-8077-4e6d9719921c,cust_203,2026-01-06T20:00:37.047621,65.77,prod_173,1,65.77
cea4fa3a-da92-4187-8ee7-78ded18cc650,cust_263,2025-05-03T23:50:30.047621,79.36,prod_136,1,79.36
85421431-8f8e-4ad0-bb64-f9209b9aa4df,cust_196,2025-09-10T13:54:10.047621,26.76,prod_170,3,8.92
1f3d0da7-641d-45c9-aeb9-0cc611f44cae,cust_264,2025-06-29T14:38:12.047621,355.86,prod_72,2,177.93
64ac803c-0efc-4a81-a0df-7ee0b53c353f,cust_460,2025-06-28T12:40:27.047621,448.14,prod_24,3,149.38
20808e0b-886a-4b6b-89e8-51efe40f11dc,cust_142,2025-04-05T17:16:49.047621,77.58,prod_81,1,77.58
526ad13f-4700-4a4f-80d0-e97a93200d8d,cust_452,2025-07-11T09:21:07.047621,97.02,prod_97,1,97.02
c0e98d9e-ab13-4200-aa3c-55be3d7c839e,cust_30,2025-04-14T20:54:46.047621,355.08,prod_153,3,118.36
d5c3d78c-4d65-4278-a4dd-dc2c743f5848,cust_90,2025-10-11T14:06:58.047621,323.52,prod_114,3,107.84
3ad074a5-c29f-4911-94c7-34c731927931,cust_104,2025-11-22T09:06:45.047621,210.58,prod_19,2,105.29
2d812c05-a6a7-4b8e-991d-3c9c4cf3eee3,cust_18,2025-02-24T14:53:55.047621,188.0,prod_94,1,188.0
f7653566-36a7-4475-a6ae-b8820fafa42b,cust_335,2025-12-04T08:00:40.047621,135.04,prod_175,1,135.04
b8ca1060-0689-4c6e-a18e-9e1fef730c6e,cust_2,2025-12-20T04:06:00.047621,173.84,prod_40,1,173.84
fb6d60a1-c599-4bc2-8b1b-59ff741358bf,cust_188,2025-07-13T07:49:09.047621,52.16,prod_22,2,26.08
9a284344-7b31-47dd-86c6-9809cf4cd446,cust_83,2025-11-08T00:37:32.047621,174.7,prod_3,1,174.7
8d49fa8a-8e99-47ee-bce6-82c7bc458308,cust_159,2025-09-20T10:54:11.047621,158.72,prod_136,2,79.36
3ae21534-96db-4e41-bd43-d0a343697bdb,cust_134,2026-01-13T07:04:22.047621,24.72,prod_172,3,8.24
06eb863f-0d3f-48f6-b0df-a42125c78f17,cust_158,2025-04-06T21:18:10.047621,552.39,prod_200,3,184.13
cb67faf6-47eb-44d8-ac9c-434d35cf259a,cust_269,2025-11-03T17:11:53.047621,53.78,prod_149,1,53.78
7e2c839e-1ab1-41cc-a9dc-b87b23b40e9e,cust_457,2025-12-10T15:15:12.047621,282.45,prod_134,3,94.15
c9a44d4b-55f6-46e6-9c8d-c5f020467a0e,cust_191,2025-02-28T20:30:29.047621,65.77,prod_173,1,65.77
8dfc909e-f8e5-4752-8e26-165fd980bd8c,cust_1,2026-01-20T11:57:16.047621,25.51,prod_14,1,25.51
6e9764fd-b27f-47d4-bdd0-fa87fc812689,cust_217,2025-11-05T09:18:32.047621,29.83,prod_59,1,29.83
772d63c9-7434-45a9-9260-793a436752f7,cust_439,2025-02-07T07:59:44.047621,373.26,prod_2,2,186.63
14f3d3e5-3259-4f49-8cd2-a87c89c5854e,cust_63,2025-08-25T08:50:28.047621,137.52,prod_160,3,45.84
3e5e6b58-d1fb-47f0-a7ec-f1a4288e35c9,cust_375,2026-01-15T17:50:04.047621,180.64,prod_117,2,90.32
4a4bb833-fd06-46bd-b580-a218d9988d86,cust_346,2025-11-29T04:32:18.047621,174.54,prod_151,1,174.54
ded1569d-dbc8-470e-8823-8a617df3e432,cust_188,2025-02-23T20:46:43.047621,273.45,prod_102,3,91.15
71f70035-f13b-4987-ba67-68f480db9592,cust_232,2025-06-21T04:20:56.047621,101.94,prod_116,3,33.98
4961a0fd-7eba-43dc-b165-3cc2f7ea4ebe,cust_279,2025-12-08T00:39:21.047621,194.04,prod_97,2,97.02
cb9f9f16-6605-4aee-96eb-d6e4905d1706,cust_128,2025-08-05T22:56:53.047621,204.62,prod_198,2,102.31
752c8780-1469-42b7-beb2-53ef843204c1,cust_363,2025-04-25T15:03:12.047621,78.54,prod_163,2,39.27
ce223882-2b33-4a57-a3f3-0029ed82cf8c,cust_400,2025-06-21T17:45:54.047621,53.11,prod_23,1,53.11
b89cf9b2-ed24-4b54-922a-517bad689398,cust_265,2025-08-26T13:24:48.047621,106.68,prod_46,1,106.68
551c733f-b551-4bee-9f65-16b0fdf8423c,cust_228,2025-10-12T20:11:51.047621,81.34,prod_53,2,40.67
670696d5-b76d-4f09-b62e-60da5dfe71b2,cust_107,2025-09-15T10:28:54.047621,86.76,prod_104,2,43.38
8fc018bd-7ed9-4d51-af6c-ef19a7d81047,cust_417,2025-08-07T16:44:53.047621,71.24,prod_191,1,71.24
9add7247-8912-4b58-9a0d-3f14179adf53,cust_145,2026-01-12T04:18:55.047621,559.89,prod_2,3,186.63
f5837bc2-edb8-48e0-95e6-6ffc2f718bd5,cust_360,2025-09-03T10:26:00.047621,154.37,prod_66,1,154.37
0e816da2-b195-41a4-b508-aba57ec98fc6,cust_474,2025-02-20T11:06:31.047621,559.89,prod_2,3,186.63
429fec43-8c6e-4a8c-bd72-9a2a5a6c9e9c,cust_487,2025-05-21T11:29:29.047621,373.26,prod_2,2,186.63
3cdc7e23-19e7-4496-968a-28bfee46addc,cust_477,2025-09-29T13:47:51.047621,461.82,prod_80,3,153.94
f5e058dc-6bd0-47ab-b361-50b274c14428,cust_269,2026-01-03T04:01:42.047621,227.94,prod_128,3,75.98
ac3bbb7c-4789-42c9-a4b3-114f49708026,cust_125,2025-09-26T22:47:10.047621,271.8,prod_43,3,90.6
4169642f-5ed8-41c1-ab59-07953bcc071d,cust_451,2025-03-15T01:40:11.047621,359.7,prod_103,3,119.9
1b8035ee-4bca-4e32-b386-c69af009fa9d,cust_12,2025-02-12T23:43:38.047621,185.91,prod_29,3,61.97
4be5e0da-712d-4060-8ba2-502e4d7861ae,cust_184,2025-07-12T13:50:41.047621,77.14,prod_161,1,77.14
fdc8dd6d-5254-4301-8ee2-ce7b0b141068,cust_476,2025-09-27T04:20:59.047621,495.18,prod_192,3,165.06
b43515d2-79b3-46c0-be80-946c590718c9,cust_358,2025-08-05T16:11:25.047621,359.44,prod_51,2,179.72
8c30f2d7-8920-489f-bd02-9a881f845326,cust_146,2025-02-10T03:22:23.047621,8.24,prod_172,1,8.24
9d2869c0-b49c-40ff-bc4f-926f78422636,cust_496,2025-12-21T11:10:46.047621,271.8,prod_43,3,90.6
9ae81e99-73c9-4aa7-bb68-e8d27ff15f05,cust_130,2025-04-26T23:35:23.047621,309.92,prod_152,2,154.96
723d7d65-96f0-4a34-8e07-48ca8d3cba1f,cust_19,2025-07-29T09:01:07.047621,46.89,prod_127,3,15.63
acb2a4f0-77a6-4233-8438-5ea864e2868f,cust_471,2025-03-20T20:38:17.047621,259.86,prod_32,2,129.93
45fb089c-e4bb-4b8e-9138-d62566bdb91d,cust_44,2025-02-24T06:36:28.047621,307.88,prod_80,2,153.94
c7172aa8-5080-4419-9dbf-f86a8f457268,cust_426,2025-08-18T01:21:42.047621,181.2,prod_43,2,90.6
4a810e93-1a39-4831-bb51-17a929d00967,cust_94,2025-02-20T18:30:41.047621,149.36,prod_55,2,74.68
c6f54b6c-c10c-4259-b877-0db2a0d6afd4,cust_55,2025-11-03T06:59:52.047621,482.34,prod_34,3,160.78
ecf46c41-e099-4be2-91ea-1e04c56fc8a3,cust_444,2025-02-12T12:10:26.047621,155.16,prod_81,2,77.58
b6ea7c23-4c11-401a-8ae6-37f5b9bc9cd9,cust_460,2025-04-20T01:45:49.047621,482.34,prod_34,3,160.78
a8f841f8-4c8e-4424-83b5-27db8c44030b,cust_314,2025-05-04T04:19:45.047621,79.77,prod_42,1,79.77
1932f785-37c1-4c19-a34a-6ad70daa6598,cust_36,2026-01-04T01:37:00.047621,263.38,prod_86,2,131.69
df88ba49-380c-4453-b66b-c9643766bd00,cust_145,2025-02-20T08:01:31.047621,133.07,prod_119,1,133.07
7842229b-2073-401c-b4a4-51c945e65031,cust_237,2025-04-19T00:27:04.047621,60.71,prod_168,1,60.71
e278c098-ae70-4360-b286-e802907145fd,cust_344,2025-04-14T09:19:31.047621,120.99,prod_106,3,40.33
f15df4e2-b6ce-4af7-ac2b-4f8bfe80c2a1,cust_162,2025-10-29T07:45:50.047621,389.79,prod_32,3,129.93
3aabbff3-8578-4365-a631-df8f617fffde,cust_342,2025-04-04T05:57:47.047621,275.73,prod_105,3,91.91
070098c1-c693-486d-b3d1-fa24453ab3c1,cust_458,2025-12-30T12:29:37.047621,125.35,prod_77,1,125.35
6acc1780-666c-4e25-ac61-d1e1c3fe901e,cust_13,2025-08-10T11:05:54.047621,153.52,prod_196,2,76.76
3b9c4a45-a6dc-450f-bc69-85d575c18d7f,cust_95,2025-08-23T05:36:59.047621,309.6,prod_70,3,103.2
dc0d4571-d7b5-413b-b1a4-b762ca19350b,cust_467,2026-01-04T11:29:53.047621,51.26,prod_121,2,25.63
5ecb8a86-f798-4152-baad-3b7916bd4453,cust_408,2025-06-17T02:17:48.047621,233.22,prod_84,3,77.74
ed7929ca-6233-44bf-a4bc-71f2fe489a4a,cust_292,2026-01-25T19:47:45.047621,271.08,prod_75,3,90.36
a3249f9b-0ad8-4414-9a49-af1c16effd07,cust_289,2025-08-22T04:42:53.047621,178.82,prod_21,2,89.41
b738154d-89c3-4dad-8908-cb693be7b2fb,cust_439,2025-04-24T00:55:45.047621,159.08,prod_150,2,79.54
823aa453-4ecc-4815-8526-ac4f1f36b39f,cust_309,2025-06-13T01:50:07.047621,198.08,prod_78,1,198.08
a91f253d-55f5-435b-a90a-d9f13253c84a,cust_186,2025-10-19T08:28:40.047621,142.48,prod_191,2,71.24
b2ccd504-42c0-44ce-aa44-740cf4b735af,cust_447,2025-05-11T11:03:55.047621,71.55,prod_169,1,71.55
7447af35-f687-401c-a4cd-5bbf3bc704e5,cust_180,2025-05-09T16:19:25.047621,240.54,prod_122,2,120.27
ff502101-f531-4e45-910b-bc7af17f2f60,cust_407,2025-05-21T00:58:33.047621,474.39,prod_69,3,158.13
0ab1c227-322d-4858-86f1-2d7179b65b4d,cust_335,2025-01-31T19:59:24.047621,385.47,prod_58,3,128.49
30c547eb-16cb-4d09-abbb-12df67b2d429,cust_409,2025-09-23T16:50:58.047621,215.62,prod_57,2,107.81
37f80c6a-ce9c-4974-ab57-5efbd179e102,cust_282,2025-06-05T10:53:46.047621,376.05,prod_77,3,125.35
0d02177f-2078-446f-a369-1850d92e5a6d,cust_41,2025-03-21T05:47:56.047621,347.68,prod_40,2,173.84
a4641459-a174-4a9f-9fd2-3b59b966b7c0,cust_340,2025-04-01T11:52:42.047621,143.12,prod_190,2,71.56
476188fb-6c3d-4aec-88f6-4922150dfcf4,cust_162,2026-01-26T20:22:13.047621,307.64,prod_88,2,153.82
38aee2eb-b911-46fa-9964-5b1b1ca2baff,cust_357,2025-10-08T12:25:20.047621,40.16,prod_64,1,40.16
8540556d-77c3-4544-9c6a-750d49a4fbb1,cust_280,2025-07-29T11:43:08.047621,230.28,prod_196,3,76.76
5371d7ac-99f0-4470-9b55-b9e9105af932,cust_80,2026-01-25T06:56:23.047621,214.68,prod_190,3,71.56
f0c18a94-b7ec-4b24-b0e8-3137d45d9b80,cust_449,2025-02-24T16:43:32.047621,235.14,prod_41,3,78.38
cde0195b-39fe-46ea-8e3b-cebc54c53043,cust_233,2025-11-29T05:04:32.047621,130.87,prod_36,1,130.87
95fd6e98-d0a2-4659-ad13-31a85be8e8fd,cust_284,2025-03-30T03:44:13.047621,26.46,prod_158,3,8.82
05d40ea9-5e1a-4dbb-b761-1e19fbb0c65b,cust_451,2025-12-13T18:07:07.047621,304.77,prod_125,3,101.59
8b5d6998-6cef-49ba-8563-bfb6345eb4ac,cust_40,2025-10-29T12:57:18.047621,187.38,prod_148,1,187.38
a12ec4b9-cd23-4e7e-9553-3c7a5fe5ffc8,cust_92,2025-10-09T20:36:38.047621,48.58,prod_143,1,48.58
39b5d8f3-b7bb-4c25-9b3c-32d907a81332,cust_212,2026-01-12T18:39:04.047621,146.37,prod_100,3,48.79
6f6d2e01-26ad-4e3f-aa83-040da0e1a174,cust_157,2025-02-17T23:01:22.047621,46.84,prod_108,1,46.84
4dc8241a-a0bf-484d-a88f-f4b95bf2e026,cust_210,2025-07-27T07:28:07.047621,293.7,prod_115,3,97.9
6ebfd1d4-f529-4932-aeeb-c4231273a4d3,cust_82,2025-02-06T00:19:17.047621,169.86,prod_91,3,56.62
fd41e9a3-f6cf-44b7-840f-9c16461085ac,cust_29,2026-01-04T08:12:28.047621,272.86,prod_17,2,136.43
c7fbf830-dfa2-4e16-ad62-cf73f329d662,cust_299,2025-11-29T11:46:29.047621,463.11,prod_66,3,154.37
c043f5e0-2574-4314-9f85-920bb757afe2,cust_233,2025-07-27T04:35:57.047621,370.56,prod_52,2,185.28
1802873c-0b2f-4c0e-95dd-715a9aa6e174,cust_174,2025-09-07T05:14:46.047621,349.4,prod_3,2,174.7
a7b4a69c-9695-496e-b175-36f373f7340f,cust_4,2026-01-11T15:03:27.047621,73.47,prod_79,1,73.47
153a2c13-f4e2-4d66-9fee-99b93a1bb543,cust_8,2025-06-04T12:06:31.047621,383.3,prod_185,2,191.65
0baacb67-bd77-46e8-be43-033c0d379b38,cust_59,2025-07-12T01:35:12.047621,487.92,prod_4,3,162.64
23bf2a45-2932-4d53-9255-f647d5e9c360,cust_413,2025-07-15T17:24:39.047621,38.81,prod_16,1,38.81
40d753d4-1727-4427-a2e1-8e8302ad4a1d,cust_355,2025-02-10T15:31:51.047621,437.91,prod_20,3,145.97
b9974dca-a0bb-4d24-9858-7e5dd947d831,cust_285,2025-08-11T00:43:19.047621,91.63,prod_184,1,91.63
de2452de-db3b-4ae5-b87e-4be50c5d2b61,cust_162,2025-07-15T17:15:17.047621,94.15,prod_134,1,94.15
bf4ed52f-29f1-4df8-9739-16359cf26ea8,cust_33,2025-12-17T22:51:22.047621,114.87,prod_195,3,38.29
d5a05526-67f8-4a6f-8da4-755bc878fc37,cust_425,2025-10-15T20:27:57.047621,138.81,prod_10,3,46.27
eed2aa43-9b12-43ec-9395-99966a009907,cust_471,2025-05-08T04:43:05.047621,78.38,prod_41,1,78.38
449c841c-9abe-45c0-b229-05014dd7163a,cust_274,2025-04-24T14:13:08.047621,76.7,prod_35,1,76.7
03e9c8ff-e4d6-416d-939e-448043bb392b,cust_302,2025-10-16T22:08:07.047621,182.13,prod_168,3,60.71
0b75dd98-af93-4376-a2f4-d9ec96043c98,cust_443,2025-06-02T03:28:03.047621,182.13,prod_168,3,60.71
0eba7d5b-2b3f-4171-903a-aa7a2835fa16,cust_362,2025-05-02T23:19:06.047621,140.76,prod_96,3,46.92
8e7e330e-edc8-442c-99fa-addf6ea8b41d,cust_217,2025-04-17T03:06:30.047621,180.72,prod_75,2,90.36
147d333a-ebc0-4b1d-ae78-d2a99392b99e,cust_302,2025-04-18T15:57:54.047621,71.56,prod_190,1,71.56
a20c22a4-13b6-4ef3-8154-413ba02821b4,cust_82,2025-08-27T01:08:25.047621,330.78,prod_197,2,165.39
6f57c11d-c1e9-4b7f-8899-6389934f4928,cust_458,2025-04-21T23:29:45.047621,90.36,prod_75,1,90.36
4825ce2c-7524-43bf-ab70-86971bafe918,cust_495,2025-07-01T09:47:52.047621,56.62,prod_91,1,56.62
972a660d-40a0-4d84-8c8e-59debdf945c9,cust_435,2025-03-05T01:09:52.047621,91.91,prod_105,1,91.91
8c14e0e0-dd3a-434f-ab7c-48500e835e49,cust_327,2025-06-20T03:32:45.047621,153.82,prod_88,1,153.82
9c55163f-5f13-4871-8831-b5d715484214,cust_312,2025-02-10T17:22:06.047621,158.13,prod_69,1,158.13
903fd773-6ac2-415f-a0c1-612e408385df,cust_145,2025-12-10T09:03:40.047621,145.45,prod_112,1,145.45
ae6a347e-5f04-471b-b6ae-cd88632aec22,cust_189,2025-05-26T18:52:16.047621,38.81,prod_16,1,38.81
45ff40d2-1bfc-4ed8-9777-f11a95e0052b,cust_20,2025-11-09T09:55:57.047621,136.8,prod_186,3,45.6
ec0f0d08-0d6e-4872-80aa-c8e4cdfe119c,cust_332,2025-02-14T11:35:20.047621,169.86,prod_91,3,56.62
d7615e11-4659-4818-a273-252ee2f3e286,cust_309,2025-06-14T04:01:39.047621,25.63,prod_121,1,25.63
6f870ea1-38c6-4205-a35f-204ecf68f765,cust_32,2025-11-27T11:31:36.047621,290.9,prod_112,2,145.45
4966dd1e-1d6c-4d66-9df2-cb2d500c93e8,cust_7,2025-08-19T21:28:19.047621,136.43,prod_17,1,136.43
762e642c-9982-487f-8ba2-e2dd7b33ca55,cust_343,2025-12-30T12:54:49.047621,183.82,prod_105,2,91.91
90458030-9aa9-4382-8765-18452aa3ca5e,cust_359,2025-05-06T02:52:30.047621,83.55,prod_61,3,27.85
ac7d4375-dd02-4294-8bc4-6d2355a41acf,cust_85,2025-05-04T12:42:08.047621,45.84,prod_160,1,45.84
59df01d5-7837-476f-ac0a-3795935e9176,cust_148,2025-10-12T12:48:15.047621,145.74,prod_143,3,48.58
47c39d00-0dff-479b-9081-a60324df7e28,cust_2,2026-01-02T21:29:23.047621,146.22,prod_187,2,73.11
454e8866-6baf-4153-bcce-c8d4b5343227,cust_423,2025-06-21T20:37:40.047621,215.62,prod_57,2,107.81
24560a82-dfee-4010-af89-b53cb2aa4dbb,cust_426,2025-04-25T20:33:49.047621,123.92,prod_181,1,123.92
6bc0e81c-2469-4552-87b8-e874ee251cc0,cust_209,2025-03-18T09:52:11.047621,33.9,prod_45,3,11.3
93a3d958-787f-4a39-952d-6fb3ddbee153,cust_390,2025-07-04T10:11:56.047621,8.92,prod_170,1,8.92
e7fc2ca9-29f5-4533-8d2b-3952b3f42e3b,cust_355,2025-11-30T01:01:58.047621,84.82,prod_140,2,42.41
aff2a57b-102c-4bf4-86b9-ab049d9f1a84,cust_369,2025-09-26T11:50:51.047621,72.49,prod_71,1,72.49
0a971637-89c6-44a6-ba49-58a417ba9d91,cust_95,2025-11-13T14:35:48.047621,150.72,prod_11,1,150.72
1f843a78-4c97-4217-84c8-51d842ce75b4,cust_384,2026-01-25T05:39:45.047621,22.95,prod_120,3,7.65
1a1f2af9-9cb2-4c2b-b7a9-d49699c9e0ab,cust_111,2025-07-24T06:33:54.047621,241.72,prod_7,2,120.86
a92502b5-b13d-4de3-b85a-0cbdd69e65ca,cust_362,2025-08-18T10:11:40.047621,373.3,prod_154,2,186.65
9a9cdd59-e4b1-4cda-b0e2-e50b0c29f9a2,cust_65,2025-08-03T18:51:25.047621,77.62,prod_16,2,38.81
753d3b25-1f44-4e8f-8559-6b908da38bc0,cust_92,2025-10-26T12:32:18.047621,463.11,prod_66,3,154.37
e0cfff1f-f38c-4643-b13e-df0d9f8c24ff,cust_431,2025-04-02T14:10:38.047621,130.14,prod_104,3,43.38
aeca9910-3706-4bea-9932-966fbe4cf1d6,cust_220,2025-12-21T09:07:10.047621,243.36,prod_133,2,121.68
e5350884-e036-48c5-83bf-73db27e8696a,cust_451,2026-01-30T02:59:11.047621,58.58,prod_98,2,29.29
d6f6cbce-4b58-4888-b73b-0a4533aa5e62,cust_7,2025-04-06T08:15:58.047621,355.08,prod_153,3,118.36
ae080f17-db28-4d22-974c-e78f699d509b,cust_333,2025-10-11T05:17:34.047621,233.22,prod_84,3,77.74
357727c3-e797-4394-83ee-fe8d14b3982f,cust_305,2025-08-05T08:57:05.047621,140.76,prod_39,3,46.92
a89ad436-379b-4cea-bb97-c03415713bba,cust_445,2025-08-17T23:51:32.047621,76.89,prod_121,3,25.63
c0137656-9f31-433b-a076-88c523215df1,cust_60,2025-04-04T06:52:33.047621,132.21,prod_199,3,44.07
7dbbbd72-2570-4b16-9d5e-7b17b52de247,cust_479,2025-02-09T17:32:51.047621,90.6,prod_43,1,90.6
f7d609f7-0927-4fd9-9c07-587b062b5c9a,cust_237,2025-04-06T05:22:36.047621,33.98,prod_116,1,33.98
e4a514a4-7b8c-426e-a43c-a6697bd8c70b,cust_134,2025-08-20T01:16:18.047621,65.77,prod_173,1,65.77
4984b33c-e939-4629-b4a2-896ce55e1584,cust_337,2025-11-12T07:12:23.047621,105.29,prod_19,1,105.29
7f79c0d9-e62b-4be9-8122-6f3c6ea7ce8f,cust_441,2025-02-25T11:57:10.047621,185.91,prod_29,3,61.97
7de2b1cc-0fec-4bc7-8109-0300128d1e5f,cust_310,2025-07-25T10:38:28.047621,154.96,prod_152,1,154.96
655a491d-8ead-4a5c-91b3-f3fec68b6db9,cust_34,2025-01-31T11:16:13.047621,376.0,prod_94,2,188.0
c6832982-f59d-4f9c-b18f-424b88255237,cust_128,2025-12-21T23:08:31.047621,247.84,prod_181,2,123.92
02e819df-6104-40ed-9660-dd43ae17eefb,cust_78,2025-05-25T17:26:57.047621,359.7,prod_74,2,179.85
9be38467-52b8-4210-bb37-600dc80b63b0,cust_311,2025-02-13T13:58:41.047621,45.6,prod_186,1,45.6
4d0c3e76-8c42-4884-87b1-a8ffdaa25221,cust_223,2025-07-11T00:34:57.047621,82.58,prod_179,1,82.58
f187eefe-9f1b-49e9-acf2-294a28c61e2e,cust_424,2025-03-07T02:34:05.047621,99.6,prod_162,1,99.6
60fc46d6-8d73-4350-9ab6-bc97e8c283d1,cust_318,2025-04-09T06:36:31.047621,172.86,prod_167,3,57.62
fd5dbece-8c84-4999-9b48-77c58f4231b7,cust_496,2026-01-07T14:35:19.047621,491.34,prod_15,3,163.78
697b4b9c-ddd7-4c26-8c1d-e33ca3937df3,cust_333,2026-01-22T11:27:36.047621,130.87,prod_36,1,130.87
5233d104-b540-4ad4-8f1d-73d5ef1c8bda,cust_342,2025-05-22T09:49:21.047621,402.78,prod_5,3,134.26
7332b025-32f1-41d9-8709-04d466a30004,cust_498,2025-07-11T05:11:20.047621,250.08,prod_63,2,125.04
fe08f1a4-d9ba-4905-8843-7d8a4967f829,cust_351,2025-10-22T16:51:23.047621,50.59,prod_83,1,50.59
51c51ee3-62bd-4636-8ccf-2fb72464c1ae,cust_310,2025-06-28T05:46:10.047621,165.39,prod_197,1,165.39
5f4562a1-e0aa-4e5b-8e0f-6bf0e7bea5cf,cust_464,2025-03-16T14:57:19.047621,185.91,prod_29,3,61.97
c96fb77e-37b7-47b2-bf2f-cde359484e66,cust_182,2025-02-09T12:25:54.047621,179.76,prod_13,3,59.92
1c5fbe81-ea9f-418d-a6b4-c4cd342c1f61,cust_420,2025-10-04T17:52:17.047621,128.49,prod_58,1,128.49
009c810b-3139-4129-ad3f-06c235f1a19a,cust_187,2025-06-27T00:26:11.047621,158.72,prod_136,2,79.36
35cb459a-1547-4077-93d4-0af2ae9cf672,cust_346,2025-02-14T18:13:25.047621,179.72,prod_51,1,179.72
01319df8-469f-48be-b597-13f4e08d3bf5,cust_160,2025-06-02T15:41:19.047621,574.95,prod_185,3,191.65
66fa80b3-30e3-46da-9c53-57255ad8bca6,cust_125,2025-12-31T13:36:05.047621,164.16,prod_101,1,164.16
40b44ad9-21eb-4ed0-bf12-b8f814fcdfe1,cust_419,2025-08-31T06:45:42.047621,53.11,prod_23,1,53.11
7dba8555-ca60-4f1b-a325-020dd8c802d5,cust_83,2025-08-22T22:04:36.047621,291.24,prod_12,2,145.62
86271677-c37f-4f14-ad35-8bbaeede267d,cust_217,2026-01-01T03:48:36.047621,154.37,prod_66,1,154.37
2651b24a-e7f8-47df-9206-7814e42dee99,cust_386,2025-10-18T04:22:30.047621,250.08,prod_63,2,125.04
090abb6f-232c-415c-8144-2e88715ee342,cust_226,2025-08-30T21:36:40.047621,359.44,prod_51,2,179.72
92cb1c1f-bd32-434f-92f9-d357c3282c4f,cust_364,2025-03-07T23:23:29.047621,271.8,prod_43,3,90.6
b3092730-9bbe-4c28-a26c-07699c6e6a2c,cust_51,2025-06-17T11:09:52.047621,247.84,prod_181,2,123.92
5cdb2e1f-36f2-44e6-8006-b6b665f8e539,cust_108,2025-05-10T02:22:47.047621,219.33,prod_187,3,73.11
36318acb-a4e1-4afa-9646-77aa41f9a3a9,cust_426,2025-09-02T17:42:04.047621,117.19,prod_18,1,117.19
a912a6e8-2739-4a80-bbbd-3d86c596793d,cust_196,2025-09-17T05:24:38.047621,539.04,prod_142,3,179.68
583071fb-5b9b-4f34-9eeb-803885521aa9,cust_245,2025-11-08T14:07:10.047621,22.63,prod_138,1,22.63
9f444035-37f7-4744-87fb-0477048ca838,cust_376,2025-02-21T07:00:19.047621,330.78,prod_197,2,165.39
f4835d41-0f26-403a-9800-11ec36f34aa2,cust_405,2025-05-29T21:40:19.047621,165.16,prod_179,2,82.58
6ae0ed65-cd10-45a8-a763-af677609f987,cust_307,2025-10-03T01:17:25.047621,173.84,prod_40,1,173.84
df046b25-0d30-4024-8261-cdabbd5b76b6,cust_81,2025-12-07T01:05:26.047621,145.97,prod_20,1,145.97
a0f8ea31-099b-4981-90bc-f6e64b8d2331,cust_334,2025-04-16T05:59:16.047621,159.54,prod_42,2,79.77
759314b1-e358-4b3f-ad30-ed058ac7e35c,cust_415,2025-07-18T19:54:17.047621,115.1,prod_62,2,57.55
6545557c-9589-46a7-a547-0195af5d96dc,cust_157,2025-09-06T14:30:58.047621,93.84,prod_39,2,46.92
b966ef78-b922-409d-9b03-05c19e771c22,cust_160,2025-04-19T08:07:28.047621,89.49,prod_59,3,29.83
28abe543-ed93-43c7-8dc4-c981d543d529,cust_91,2025-05-31T01:01:24.047621,106.6,prod_93,2,53.3
661cc4f1-da05-4ec6-ae3a-f221b582e77a,cust_372,2025-03-30T22:01:17.047621,31.26,prod_127,2,15.63
7b38dc9f-a12c-4e11-9fe5-245769d4ef6c,cust_41,2025-04-13T05:21:09.047621,214.65,prod_169,3,71.55
5f299bac-8a81-4eb5-beae-b6c80fa58a7a,cust_108,2025-02-19T22:08:20.047621,38.29,prod_195,1,38.29
a0d1b7ee-e743-4901-8cb5-2fb599749ae2,cust_359,2025-11-26T04:50:05.047621,265.7,prod_37,2,132.85
9fc9177c-41aa-457b-9b59-7fb6d38755d2,cust_78,2025-02-21T21:36:57.047621,293.7,prod_115,3,97.9
79349f75-de81-4857-a1b3-a711d57b13c0,cust_274,2025-07-16T01:33:25.047621,169.86,prod_91,3,56.62
356ecd15-10f2-4778-9d51-a830c5d45f6d,cust_269,2025-10-01T10:31:26.047621,162.64,prod_4,1,162.64
042228f5-aae1-42a4-afee-f7d136e23ab7,cust_424,2025-07-07T13:10:53.047621,220.41,prod_79,3,73.47
66b5aed6-3ec2-462d-9148-6f97e33ef265,cust_378,2025-05-14T04:53:47.047621,544.47,prod_90,3,181.49
f1600d44-1ded-4813-917e-461a7f768548,cust_479,2025-02-18T12:38:09.047621,396.16,prod_78,2,198.08
3c15d3c5-a75e-4113-a82c-7c6fee2f74bb,cust_311,2025-08-14T02:55:19.047621,44.6,prod_68,1,44.6
e472fd29-f454-4b14-9a90-64c6c9dd1e24,cust_129,2025-12-11T21:58:14.047621,123.94,prod_29,2,61.97
b092e46f-adbf-4917-b2d1-d502687d0b48,cust_378,2025-08-07T21:56:29.047621,320.1,prod_92,3,106.7
cc901c8c-ee87-475d-8b9d-a42b6a015bce,cust_338,2025-12-01T09:26:13.047621,323.52,prod_114,3,107.84
d1b486bb-8954-4cb2-a806-dd4a9c2534b6,cust_356,2025-07-06T22:03:07.047621,238.08,prod_136,3,79.36
35d106e5-ccbe-4a6d-b884-6a85edb6b945,cust_163,2025-06-20T15:48:31.047621,291.24,prod_12,2,145.62
1958ec7e-acf3-46cb-9028-c47855cf9ef1,cust_287,2025-09-06T01:51:06.047621,114.52,prod_155,2,57.26
a1f8d908-cffa-4e1e-9a9b-0c577cf20227,cust_190,2025-04-14T02:20:25.047621,436.35,prod_112,3,145.45
8e4c4a01-6414-4955-8b6a-8cf338a4eec8,cust_458,2025-10-29T20:39:18.047621,125.04,prod_63,1,125.04
c210d682-8aab-4f44-85cf-156ffeb4445c,cust_207,2025-08-01T23:17:26.047621,132.69,prod_159,3,44.23
06364353-a70b-4204-8e57-0a680254c1af,cust_230,2025-11-01T15:40:37.047621,185.16,prod_156,1,185.16
9b0fa9cc-cf42-4128-af81-976ac284cb33,cust_399,2025-09-15T20:38:20.047621,88.46,prod_159,2,44.23
b688755a-dfc1-4724-8ceb-5fb96956d3c0,cust_56,2025-08-15T22:23:05.047621,56.62,prod_91,1,56.62
7f7cf336-2939-441e-8617-1753928cf42d,cust_61,2025-06-18T06:02:47.047621,23.07,prod_141,3,7.69
5fde9667-6607-4ce1-8a9f-c62f8a5c8f60,cust_21,2025-05-26T21:23:12.047621,40.81,prod_144,1,40.81
4fe0b9ac-6904-4b9c-8035-0295e6ecedd6,cust_405,2025-06-04T00:27:05.047621,87.87,prod_98,3,29.29
81950fba-61f9-49f0-a7de-6a23ab9f0b5d,cust_286,2025-11-01T19:34:26.047621,481.56,prod_157,3,160.52
137b7bb8-3434-49b9-8258-9130cd3744ac,cust_28,2025-10-04T17:51:35.047621,261.74,prod_36,2,130.87
0e3c6e32-e205-4905-a78d-14b4b4e5d699,cust_365,2025-11-28T15:09:36.047621,146.22,prod_187,2,73.11
b27bbc6a-2943-48ae-923c-c9eb31c457fe,cust_425,2025-08-07T23:05:46.047621,43.5,prod_139,1,43.5
8068372c-e3ed-4832-964a-a1e70073149e,cust_468,2025-07-19T05:28:47.047621,38.01,prod_113,3,12.67
c8bf9f92-9162-442d-8706-d111de15e2fd,cust_206,2025-07-31T01:05:57.047621,140.76,prod_39,3,46.92
365dd59e-d5a4-47e5-aca5-d64c38bfc108,cust_172,2025-08-08T00:33:33.047621,50.59,prod_83,1,50.59
a44b7c52-9622-4548-821d-cc4d98520c83,cust_82,2025-10-18T01:58:49.047621,238.62,prod_150,3,79.54
b0b4b999-4b0b-4dd6-ac79-2d859caca0c1,cust_31,2025-02-13T23:53:41.047621,50.59,prod_83,1,50.59
fd4aa6c4-cace-4619-8e69-e6f2f21e4b76,cust_64,2025-03-12T22:12:35.047621,238.08,prod_136,3,79.36
9106bbc9-7975-4c7a-8f0b-b9841b30f60a,cust_242,2025-06-22T01:01:01.047621,271.3,prod_38,2,135.65
f0dfca94-5aa6-41f1-a6e7-d301307b8228,cust_390,2025-09-22T15:51:00.047621,370.2,prod_89,3,123.4
88dd866c-7e61-4799-aa58-f7780bf8ab4b,cust_199,2025-08-22T12:06:11.047621,123.92,prod_181,1,123.92
7c5c455e-19eb-4e37-a15b-cd9da5978d99,cust_87,2025-07-20T09:58:10.047621,186.65,prod_154,1,186.65
bf9d6f1d-67ec-4032-9200-064eb76c0158,cust_208,2025-02-17T01:19:10.047621,552.39,prod_200,3,184.13
164425b5-f567-4a9e-9b8a-f7109d96d38d,cust_216,2025-02-22T09:30:26.047621,103.17,prod_8,3,34.39
c0231c88-ff23-497e-853d-d6cf28ffdc47,cust_165,2025-11-02T03:46:15.047621,76.15,prod_87,1,76.15
da61e9be-587f-409d-8d9b-12761adeb639,cust_61,2025-05-04T03:54:18.047621,261.42,prod_124,2,130.71
5cd30bf7-9f53-4a20-bc9c-ef50caf6bdc3,cust_134,2025-08-10T13:18:20.047621,496.17,prod_197,3,165.39
a06263a3-0b11-43ef-ad90-1686b0eb70a5,cust_325,2025-05-28T03:02:30.047621,174.54,prod_151,1,174.54
df4c5e4b-4d8d-4d39-976f-1745697fb6dd,cust_371,2026-01-02T18:30:23.047621,171.78,prod_155,3,57.26
20926992-011e-4bd0-be9e-8a4e3e2eaa81,cust_9,2025-11-11T01:40:44.047621,238.08,prod_136,3,79.36
192ebeae-526f-480d-9e25-0b7ff16bb086,cust_246,2026-01-03T14:45:32.047621,46.84,prod_108,1,46.84
8a12b780-4179-4a7e-8f29-df00db921368,cust_247,2025-03-16T02:18:54.047621,60.32,prod_6,2,30.16
7b2a572e-1fb3-4cf3-917e-c1c0eef74f54,cust_425,2025-10-09T12:54:46.047621,193.06,prod_25,1,193.06
86fce4f7-1431-4bd8-9482-12dfc6d47c9c,cust_129,2025-12-29T16:58:18.047621,392.13,prod_124,3,130.71
85774181-d19d-45a7-ba91-a65567c89709,cust_363,2025-03-19T13:14:31.047621,47.8,prod_180,1,47.8
97d6d403-7ab5-4415-868a-d2a70311ca92,cust_190,2025-11-12T11:01:07.047621,86.76,prod_104,2,43.38
472c43ed-e567-4698-b842-03e6264cf376,cust_82,2025-12-19T14:24:03.047621,22.81,prod_145,1,22.81
a23c626e-a275-4a7e-a5fb-faf78537151c,cust_91,2025-11-04T19:32:10.047621,25.63,prod_121,1,25.63
8f5057b7-3f7e-412a-8f60-88ba1199a748,cust_145,2025-06-21T12:08:47.047621,562.14,prod_148,3,187.38
11f97643-dd61-4777-8181-35323a94611c,cust_145,2025-11-30T15:55:29.047621,219.33,prod_187,3,73.11
38b32a51-28c9-4f8b-93b6-fe4d61be8357,cust_110,2025-08-10T09:51:01.047621,362.98,prod_90,2,181.49
177301a1-84f1-4c6c-9a99-0b67ee842909,cust_253,2025-06-18T08:47:38.047621,320.1,prod_92,3,106.7
92a8106b-f1e3-4a87-bef0-f8437d9e0b6b,cust_408,2025-08-03T06:29:59.047621,142.48,prod_191,2,71.24
d1549a37-ac47-4d7f-84ef-99ddab70fbdd,cust_148,2025-11-30T05:53:01.047621,405.12,prod_175,3,135.04
9473eb65-d6ba-49b3-8ed0-bcb784e8db12,cust_439,2025-06-04T11:00:34.047621,179.85,prod_74,1,179.85
15e83494-4d79-4cf3-a344-eeb268ede6bb,cust_166,2025-10-30T10:32:25.047621,271.08,prod_75,3,90.36
5efa7610-c5cc-42e6-84d8-0d3af780dc29,cust_450,2025-07-31T04:58:39.047621,339.64,prod_9,2,169.82
abe3c0ae-c2c9-45c7-a57c-f014efd88f42,cust_153,2025-11-15T03:21:35.047621,186.63,prod_2,1,186.63
01ba4d08-c023-4b0f-8cf7-06590db119f9,cust_452,2025-03-15T02:23:46.047621,271.08,prod_75,3,90.36
c7c3909e-96e9-45cf-a7b0-ea3f5c23da71,cust_193,2025-06-19T11:55:05.047621,243.36,prod_133,2,121.68
e630e95f-0a41-47ed-ad50-d339dfd94929,cust_235,2025-12-21T10:35:36.047621,119.84,prod_13,2,59.92
b30798f1-67b9-4b5f-91bf-f8bdf6dd7c81,cust_313,2025-02-21T21:30:06.047621,320.04,prod_46,3,106.68
206b08e6-02e4-4fdb-bec4-f41027b900da,cust_435,2025-10-28T22:38:19.047621,362.58,prod_7,3,120.86
26b1e506-9408-4e65-9de4-66caa91365b4,cust_146,2025-06-09T10:31:21.047621,165.39,prod_197,1,165.39
4b41c263-e061-4de6-be48-59c75aacfc79,cust_65,2025-12-14T03:47:03.047621,237.39,prod_50,3,79.13
9e6d13c4-b7d5-4f53-83c7-f9b7759f7abf,cust_138,2025-02-22T22:00:34.047621,487.92,prod_4,3,162.64
c021eca9-6585-41d8-a90b-d786128355b6,cust_201,2025-11-20T16:31:58.047621,22.95,prod_120,3,7.65
69b79dc7-e9a4-4758-89de-8b156edb5055,cust_487,2025-11-10T19:18:34.047621,123.94,prod_29,2,61.97
73f2818a-9378-4de7-aa01-736dae3a3787,cust_213,2025-06-30T10:41:13.047621,42.6,prod_82,2,21.3
affbb87b-9796-4d0f-b370-76921debe088,cust_109,2025-05-02T09:50:57.047621,244.98,prod_178,3,81.66
df82317b-e9fd-4ccb-9ceb-0a1045e0bbbf,cust_208,2025-05-05T05:03:08.047621,73.52,prod_174,2,36.76
f660ce97-e45d-4d22-9e8b-00b7fc13c4f8,cust_91,2025-04-23T05:06:30.047621,321.56,prod_34,2,160.78
956d8cae-4389-418c-813b-1aad1312d3fb,cust_294,2025-07-24T19:56:25.047621,143.1,prod_169,2,71.55
2dbe1697-4252-4226-8cd5-d70bc4adff26,cust_312,2025-12-03T20:01:00.047621,270.96,prod_117,3,90.32
c0b00149-299b-4c70-a2ce-c58cc4600f73,cust_490,2025-12-18T18:50:24.047621,291.06,prod_97,3,97.02
96098c05-d8bd-4495-b658-714ba76fbb9c,cust_470,2025-02-01T22:20:59.047621,51.26,prod_121,2,25.63
6279e0e6-cc6d-4f83-b170-237f1e4ff987,cust_343,2025-04-19T00:30:52.047621,555.84,prod_52,3,185.28
4db4c982-4780-4d97-85b8-e711cab6b6c9,cust_77,2025-08-02T13:41:58.047621,8.82,prod_158,1,8.82
2e38662b-ac06-4398-a3e5-d2ec78efb4db,cust_405,2025-05-09T13:00:33.047621,8.82,prod_158,1,8.82
5acde21f-ef72-40c6-97e5-bc8dcc4156e6,cust_253,2025-11-26T00:47:35.047621,487.92,prod_4,3,162.64
7b3ad286-1817-4036-8f29-9982dc805309,cust_235,2025-11-24T20:59:29.047621,83.92,prod_95,1,83.92
7d5bc9bb-d092-4b8d-9215-e6e473121111,cust_9,2025-06-14T06:17:52.047621,238.62,prod_150,3,79.54
583c847d-24fd-4398-a68b-dff5a46756da,cust_331,2025-12-11T21:26:45.047621,370.2,prod_89,3,123.4
939bcf46-5ede-403a-9093-222a4e53ae57,cust_231,2025-05-13T22:39:27.047621,373.3,prod_154,2,186.65
4b05f6de-60d5-43fb-b9e9-b2d09b3aec64,cust_52,2025-02-23T04:11:09.047621,22.95,prod_120,3,7.65
c7b7fdec-6ea1-4564-b10f-4941354e406b,cust_206,2025-12-29T01:52:07.047621,74.68,prod_55,1,74.68
4be8cdc7-4005-423d-985b-965b2b138a1a,cust_37,2025-11-15T20:45:25.047621,132.21,prod_199,3,44.07
ed33d679-b1dd-4877-8f23-3f985cb88198,cust_39,2025-12-24T06:31:27.047621,244.98,prod_178,3,81.66
3dff1bd3-0c98-42f8-a174-ff3ff4afb5da,cust_319,2025-03-07T07:25:52.047621,26.08,prod_22,1,26.08
ed38a533-f671-4997-a915-5f9c562a0fba,cust_439,2025-11-14T23:43:40.047621,237.39,prod_50,3,79.13
e293a309-30b1-4efd-87bf-3dc46b8c4591,cust_311,2026-01-25T09:05:59.047621,318.62,prod_28,2,159.31
c6cb3fe3-eff3-4462-9cce-18d7ef2c8b21,cust_71,2025-06-09T04:32:47.047621,574.95,prod_185,3,191.65
e288847f-5a21-4c37-92e4-d2fbe0b38c98,cust_77,2026-01-05T16:47:05.047621,191.41,prod_26,1,191.41
75fb8a44-8417-4ff1-a8f8-ee468f1c9473,cust_24,2025-03-04T04:06:32.047621,355.08,prod_153,3,118.36
fcc5cb2a-234d-456f-86c0-8d01668afdd0,cust_187,2025-09-27T12:36:08.047621,72.49,prod_71,1,72.49
bb9df082-9694-48c6-9c3c-1510e7a7291d,cust_469,2025-08-24T13:11:32.047621,40.81,prod_144,1,40.81
3cfc5672-1225-4b2f-a3dc-df1764c6f1ad,cust_39,2025-07-07T02:55:01.047621,114.87,prod_195,3,38.29
2a29aac4-6fa8-4c97-a2d6-477c4812673c,cust_122,2025-09-29T06:14:37.047621,461.46,prod_88,3,153.82
1ff8be61-81a9-4f0a-97a0-9d9df6461ee1,cust_126,2025-03-26T14:33:54.047621,131.54,prod_173,2,65.77
f07350f2-893c-4b72-882a-093011bfd20f,cust_38,2025-09-24T11:17:17.047621,239.31,prod_42,3,79.77
b1787329-bf54-4fab-884f-e4cd6702cea4,cust_158,2025-10-11T20:32:23.047621,136.8,prod_186,3,45.6
437436b0-5a20-44af-9a65-ef35825c1b2d,cust_134,2025-09-15T17:45:20.047621,174.54,prod_151,1,174.54
aa2d4fe6-d29c-42d1-ba73-3faf02258d76,cust_464,2025-12-22T15:48:23.047621,158.13,prod_69,1,158.13
c4fd56b1-9a43-4096-a596-9cf8fae2ec43,cust_229,2025-04-20T15:46:48.047621,31.26,prod_127,2,15.63
740d5abc-48c5-4560-acd7-e8385a79d387,cust_309,2025-11-06T23:51:03.047621,301.44,prod_11,2,150.72
fb298f0e-7dcd-4cd7-b1e7-a2b8cc0895c0,cust_228,2025-10-04T17:34:49.047621,183.26,prod_184,2,91.63
c4d1f495-6007-43e4-a261-fccdbef9e2ba,cust_459,2025-07-27T04:09:03.047621,90.36,prod_75,1,90.36
e2f212f0-199a-43d0-8f07-ce9917b0b6b2,cust_192,2025-04-20T08:57:32.047621,311.61,prod_126,3,103.87
96e12258-7e6d-45aa-99f8-6603f1e13090,cust_128,2025-04-19T06:18:54.047621,103.2,prod_70,1,103.2
424c3289-c54f-4d2a-8128-fec4f04409e3,cust_9,2026-01-17T05:02:06.047621,559.89,prod_2,3,186.63
a39dd8bb-126d-4f5c-8728-ac9604c82f83,cust_286,2025-04-26T17:54:53.047621,199.05,prod_1,3,66.35
9b529062-fba4-4cfc-9555-d9c74fa2fd48,cust_82,2026-01-02T19:00:15.047621,25.34,prod_113,2,12.67
1ff5cfae-a90f-4e4c-a3cc-77a2fbb8e296,cust_200,2025-09-16T13:45:19.047621,79.54,prod_150,1,79.54
b142d60c-f958-4df3-8e35-e9a30ca9f5da,cust_81,2025-12-01T21:42:32.047621,439.59,prod_99,3,146.53
b1cc0f94-ef8d-42c8-8ccb-e93ee4e7fc05,cust_30,2025-09-07T12:10:47.047621,44.6,prod_68,1,44.6
d263e8d1-bc41-4338-a21a-ac2ff9c3972b,cust_113,2025-08-30T22:57:10.047621,46.89,prod_54,1,46.89
749c5652-d2fc-4d30-a7f8-88703e1a4375,cust_11,2025-02-13T19:30:01.047621,131.04,prod_27,2,65.52
ec69cea8-51dd-4557-8cae-ac2046f22fd2,cust_462,2025-02-16T07:17:34.047621,163.32,prod_178,2,81.66
5297baf6-5b9c-4d41-96af-a0e5faa5b25f,cust_205,2025-05-27T07:05:25.047621,268.52,prod_5,2,134.26
445bd9d2-7ec5-4133-888b-ffa13743af55,cust_460,2025-06-30T14:50:00.047621,153.94,prod_80,1,153.94
f365b411-8a93-4466-91e0-d63d3ad5e8db,cust_412,2025-06-15T07:14:56.047621,268.23,prod_21,3,89.41
c8f906c3-dba7-42c8-b631-34725e797b66,cust_150,2026-01-14T11:40:32.047621,133.07,prod_119,1,133.07
7da4b3f8-8821-4460-bd57-61e67bbb161e,cust_388,2025-12-17T05:37:26.047621,180.62,prod_56,1,180.62
2275f45e-b5d1-4dfb-81bb-fd3053c79429,cust_79,2025-09-18T19:34:39.047621,359.44,prod_51,2,179.72
5835334e-966b-4043-87ac-84ea7345fcb3,cust_22,2025-10-13T01:10:20.047621,154.28,prod_161,2,77.14
fb8bdcab-e96f-4849-bc54-36871f402575,cust_165,2025-08-02T04:30:31.047621,129.93,prod_32,1,129.93
d9d41065-d8e3-4147-a1b2-b1e847345610,cust_254,2025-05-15T02:21:25.047621,365.04,prod_133,3,121.68
1b490edb-e671-414a-b1bd-86a34398312f,cust_130,2025-11-02T11:05:00.047621,144.98,prod_71,2,72.49
d599b8ee-e8f4-4ed0-9c4a-a5eed03903df,cust_258,2025-09-07T09:36:03.047621,80.7,prod_176,3,26.9
cb831eee-4ba6-4683-a897-fa00e9a8d02c,cust_184,2025-10-14T18:09:29.047621,46.92,prod_39,1,46.92
ac7d59ae-9f2f-4ec7-9a83-3f34bc062c70,cust_399,2025-11-04T03:06:17.047621,239.31,prod_42,3,79.77
03e95ef7-ee16-4fa5-b0dc-05af36e186db,cust_221,2025-08-31T22:47:08.047621,25.51,prod_14,1,25.51
a5cc799a-5378-4d3a-8581-c2763cfbbda0,cust_483,2025-10-06T01:50:41.047621,55.7,prod_61,2,27.85
201c3f1e-6b43-4469-a743-580b0daac401,cust_273,2025-02-03T08:05:03.047621,204.62,prod_198,2,102.31
4fcd3098-44a7-49b3-aa80-11acfeed624f,cust_400,2025-08-23T21:32:20.047621,130.71,prod_124,1,130.71
52398e1d-b47f-49a3-a290-324d726ae1fe,cust_491,2025-08-21T12:17:09.047621,555.84,prod_52,3,185.28
16105037-7c38-4fbf-8959-01cf7547ba85,cust_89,2025-11-07T19:23:12.047621,405.12,prod_175,3,135.04
597fe9de-5ca9-482c-a85f-c1de8f45a52f,cust_419,2025-06-03T03:34:09.047621,154.96,prod_152,1,154.96
98cab49e-fdd8-42ec-8948-1509708fec61,cust_325,2025-02-27T19:37:47.047621,114.52,prod_155,2,57.26
a6675357-0ad9-4dcf-9441-43b16a91e501,cust_150,2025-09-24T00:55:43.047621,92.54,prod_10,2,46.27
7c285a99-1302-4514-ab52-d3bd7065bb14,cust_494,2025-06-10T09:45:12.047621,7.65,prod_120,1,7.65
64d6fc19-adb9-4059-aa7c-503d910717c8,cust_1,2025-07-17T01:40:35.047621,121.42,prod_168,2,60.71
d0d03eba-bf33-410e-8109-52b0d0b49890,cust_340,2026-01-23T18:26:10.047621,20.79,prod_60,3,6.93
12f2db14-43ac-4b07-9e89-8b592e7c2a75,cust_93,2026-01-31T02:16:48.047621,91.68,prod_160,2,45.84
45c27681-796c-4c08-be38-596ba3e65736,cust_379,2025-07-07T00:09:01.047621,82.05,prod_129,1,82.05
c2adc459-1325-4ccb-b140-945ca0282ed2,cust_93,2025-03-11T10:12:03.047621,351.57,prod_18,3,117.19
afd4c6ab-c3d7-49ad-9722-95cf440ab27d,cust_93,2025-11-27T01:05:51.047621,88.14,prod_199,2,44.07
4824820e-875f-4944-a00f-b16f7344471b,cust_169,2025-07-09T08:16:30.047621,43.38,prod_104,1,43.38
88dcafdd-d5f6-4bd2-aa6d-c6710055b2fc,cust_277,2025-04-21T14:23:50.047621,164.16,prod_101,1,164.16
cd7055a1-aa66-4b0e-9bf4-7b13820bc7ca,cust_376,2025-04-14T07:32:12.047621,117.19,prod_18,1,117.19
4baebd3f-3c02-4197-8c6e-e1daad3746fb,cust_177,2025-03-09T19:49:36.047621,509.46,prod_9,3,169.82
6f6af881-b4a1-4840-ba28-5cfd7ccdd4b3,cust_459,2025-04-03T04:24:16.047621,185.16,prod_156,1,185.16
41698040-4af4-4868-96f9-e02becf3daab,cust_148,2025-10-21T18:02:56.047621,482.34,prod_34,3,160.78
db812361-2c9b-4d64-b735-be7d90803dcb,cust_369,2025-10-15T15:11:00.047621,62.46,prod_76,3,20.82
e583d27f-a6ad-415d-983e-eb26adb189bf,cust_406,2025-12-11T02:42:13.047621,73.11,prod_187,1,73.11
1884163d-53b9-4ad2-9b11-b14aab796d45,cust_332,2025-04-29T02:39:41.047621,55.89,prod_135,1,55.89
bc02abc5-eaf4-4524-8cb1-f4395a8b3521,cust_242,2025-07-31T12:11:04.047621,155.16,prod_81,2,77.58
d5ec416d-c7ab-4540-b220-b2375536e373,cust_210,2025-10-14T16:02:47.047621,30.58,prod_137,1,30.58
5b06f036-876e-41ff-8e44-307c33e5b287,cust_209,2025-06-28T17:59:27.047621,67.89,prod_138,3,22.63
5d2bf9d9-9826-4846-b3cc-9ec4ccacd4aa,cust_75,2025-12-12T22:59:49.047621,167.6,prod_110,2,83.8
eb4f7c9a-c396-433e-bacd-0889bddc2bd4,cust_145,2025-10-08T09:09:24.047621,53.78,prod_149,1,53.78
51066c86-889b-486e-94a1-68cb8fdb306e,cust_223,2026-01-05T21:11:27.047621,17.64,prod_158,2,8.82
dfc999fd-5141-422a-ae88-b5cb8dcc1801,cust_179,2025-03-08T08:20:23.047621,60.71,prod_168,1,60.71
404f6495-ebe4-41d2-96a3-662206bd4d43,cust_410,2025-12-22T06:32:19.047621,191.41,prod_26,1,191.41
34ad9667-19fb-4852-8d3a-d92f4edcbacb,cust_312,2025-04-22T01:34:51.047621,320.1,prod_92,3,106.7
aeb876d6-c06a-498c-a640-68a6f9b65a5f,cust_200,2025-06-09T13:57:06.047621,386.12,prod_25,2,193.06
c3149e20-f9ef-4fbf-92c8-7b4ea8883d4f,cust_136,2025-05-07T12:34:01.047621,60.71,prod_168,1,60.71
bd17bc75-42c3-4fa1-8cc8-d138cdfd4dc0,cust_1,2025-07-26T06:51:21.047621,452.16,prod_11,3,150.72
351b4acd-9886-4598-8323-d85704208c62,cust_81,2025-09-06T17:34:58.047621,143.12,prod_190,2,71.56
817f4795-9793-473b-98db-c67b0188ac37,cust_410,2025-08-25T17:49:37.047621,125.49,prod_118,1,125.49
cbe54092-2dde-4ac6-a3d0-54b2b565c249,cust_325,2026-01-21T02:46:08.047621,142.48,prod_191,2,71.24
cfe0065f-6efb-4eda-bbdf-7b75a55b28c8,cust_67,2025-09-15T22:04:33.047621,246.15,prod_129,3,82.05
3cb68c11-52c5-4828-9b82-477f0e01ab43,cust_468,2025-05-10T15:44:25.047621,240.54,prod_122,2,120.27
caedf0de-626b-4246-a415-27606f61c1c7,cust_464,2025-09-13T00:07:37.047621,227.94,prod_128,3,75.98
d902542d-052a-4971-b4a7-8b4ff9930fc8,cust_386,2026-01-21T22:17:30.047621,392.13,prod_124,3,130.71
57f026a1-7a2f-4412-b34c-cba704a1dcbc,cust_198,2025-05-15T03:58:00.047621,436.35,prod_112,3,145.45
a5b6b729-3d27-4dec-b63a-af1ba061af40,cust_288,2025-03-16T18:22:26.047621,23.07,prod_141,3,7.69
880807db-f290-4880-abd6-15650931e9e5,cust_439,2025-10-23T09:55:43.047621,179.04,prod_146,1,179.04
fce08e33-fe87-4c7d-a111-39b5baf9af61,cust_209,2025-05-31T07:27:32.047621,119.34,prod_49,1,119.34
a0f54bd1-6643-45d4-9033-63ae828e8996,cust_491,2025-03-07T20:01:47.047621,99.6,prod_162,1,99.6
671f57d4-24c6-4b83-863e-0cc75a562e03,cust_250,2025-05-17T07:51:32.047621,41.64,prod_76,2,20.82
75cfa9d2-8e97-4d0c-8aaf-a5f16b1fdd9f,cust_13,2025-10-21T11:37:55.047621,44.23,prod_159,1,44.23
d390d769-d565-442b-b7a2-e0f972eabc21,cust_494,2025-05-09T05:27:59.047621,83.92,prod_95,1,83.92
c1dcf36d-d8f3-4997-90af-6c87146a3365,cust_316,2026-01-09T15:47:22.047621,84.82,prod_140,2,42.41
836f4740-d1e3-4457-97d7-8bfd1d6b80fa,cust_106,2025-11-17T05:22:02.047621,46.89,prod_54,1,46.89
58f198e4-f5b0-4b1b-af9a-33f516b01b5d,cust_332,2025-12-28T00:09:53.047621,146.37,prod_100,3,48.79
651b8f18-51da-4598-a836-1627492c33a9,cust_111,2025-07-18T03:06:30.047621,60.32,prod_6,2,30.16
b3321c60-ec93-442c-83a8-c0df9efb783c,cust_58,2025-11-16T10:12:04.047621,271.3,prod_38,2,135.65
0e18a79d-4099-4bda-9b0f-4e2ed9b8390d,cust_200,2025-11-19T20:07:52.047621,120.99,prod_106,3,40.33
39e9cc10-8d68-46b8-95b6-77ffa9c820d4,cust_255,2025-09-13T22:34:18.047621,293.06,prod_99,2,146.53
de5e8df2-a0e1-41a9-b53f-a0381b854f82,cust_285,2025-08-28T21:47:06.047621,82.05,prod_129,1,82.05
9094b868-33d8-448c-9678-e18a86442b9d,cust_365,2025-03-25T04:57:01.047621,254.7,prod_47,3,84.9
fd5105f4-03ff-4a23-a084-87d375f886e3,cust_55,2025-12-29T13:51:09.047621,78.24,prod_22,3,26.08
c7532f50-932f-45ce-92c1-b9b249eb2eec,cust_92,2026-01-26T22:31:58.047621,154.37,prod_66,1,154.37
e5aa9da8-d1c7-4c3c-81a4-fe6917c83a51,cust_304,2025-10-22T07:56:20.047621,236.72,prod_153,2,118.36
63b79990-1375-4218-b608-1d5a6b298e3c,cust_270,2025-12-23T08:16:29.047621,117.81,prod_163,3,39.27
c0fc30a8-5db2-43af-9873-ac53a8280c6b,cust_227,2025-08-02T03:17:13.047621,203.18,prod_125,2,101.59
e9844a84-c53f-4f33-89d5-b88be293ef00,cust_138,2026-01-07T20:16:22.047621,15.3,prod_120,2,7.65
93ca36f8-d2e3-4b08-af76-0173c8b6f44d,cust_134,2025-06-18T22:35:17.047621,88.46,prod_159,2,44.23
19fdfbd2-2362-4e94-afc2-12378348d8af,cust_436,2025-06-12T17:16:56.047621,158.72,prod_136,2,79.36
45d92bc7-e49c-453e-87c9-c475a7b6d4cb,cust_165,2025-07-02T00:52:09.047621,182.3,prod_102,2,91.15
8d4918ba-d9f0-43d1-b180-4b86c9622086,cust_271,2025-03-30T21:49:29.047621,45.6,prod_186,1,45.6
8475f859-b31f-47c9-aa0b-0fd0440e70ff,cust_395,2025-04-16T20:40:03.047621,155.75,prod_177,1,155.75
6ff7a713-b3ba-4fce-b7e9-2d8c5457bca2,cust_273,2025-08-16T13:55:54.047621,75.98,prod_128,1,75.98
7ee04b5e-7c35-41f6-9522-d240efa98078,cust_120,2025-06-05T05:37:28.047621,130.14,prod_104,3,43.38
0d43c7bb-0c72-41c1-8fd2-5ef917b8efa4,cust_11,2025-12-30T06:37:01.047621,106.7,prod_92,1,106.7
00052053-d21c-497b-9135-71e71f21c483,cust_482,2025-07-22T16:18:26.047621,59.06,prod_85,2,29.53
50db7aea-1478-4187-a517-3fb820d61f33,cust_74,2026-01-09T04:42:18.047621,156.76,prod_41,2,78.38
f45d1758-6b7a-45e2-b623-35dadad49fc8,cust_380,2025-10-27T18:21:50.047621,562.14,prod_148,3,187.38
db516e83-22bc-42c1-bada-11e064a64611,cust_206,2026-01-27T01:28:32.047621,98.42,prod_67,1,98.42
e56a1a30-34a5-4b68-8a0e-ec44551dce92,cust_486,2025-04-10T16:44:01.047621,145.45,prod_112,1,145.45
b38e4356-56ee-4666-9fa8-f220744d0740,cust_421,2025-03-22T22:46:27.047621,265.7,prod_37,2,132.85
ed4a8815-2825-4a97-9dc0-349c28085aa3,cust_391,2025-03-18T16:06:49.047621,228.45,prod_87,3,76.15
de1b51bc-6945-4d21-bcde-da802f1c76c0,cust_294,2025-09-13T03:47:40.047621,83.8,prod_110,1,83.8
38b99e95-8560-4b11-a18e-7390e4e9e9fc,cust_54,2025-04-13T11:39:34.047621,15.3,prod_120,2,7.65
f561bc4f-a20d-45d7-8eeb-fe0c9300d894,cust_9,2025-10-03T18:05:06.047621,273.45,prod_102,3,91.15
ea334085-7ade-4ab8-9587-8617dab6f89b,cust_88,2025-03-09T17:43:11.047621,52.71,prod_31,1,52.71
b094f83a-c74e-41df-8115-cb76f70c928f,cust_17,2025-09-06T04:56:20.047621,315.87,prod_19,3,105.29
e9955210-1ff6-4f13-9aa6-4c6b95af33a8,cust_225,2025-06-20T12:02:24.047621,261.42,prod_124,2,130.71
b43635b8-2104-403d-b70b-93c7a83ce0fa,cust_185,2025-02-09T18:40:00.047621,71.24,prod_191,1,71.24
0466258c-7bef-4285-979f-af3ac6d9e8ca,cust_410,2025-11-26T20:00:46.047621,537.12,prod_146,3,179.04
0384a9ee-2394-4d56-bef1-255d83891ff2,cust_469,2025-09-30T01:23:34.047621,182.14,prod_130,1,182.14
db2c7c50-c449-44a2-a347-68c4eadf6f8b,cust_100,2025-07-29T23:20:25.047621,73.52,prod_174,2,36.76
bb70106f-1313-4899-8900-5ad41a6e95ed,cust_261,2025-04-03T03:21:46.047621,533.79,prod_72,3,177.93
c67d6d7e-0d04-42cb-bf74-2fcbcee66eac,cust_313,2025-11-27T15:16:57.047621,386.12,prod_25,2,193.06
b9a09b1f-53f0-457a-a4a1-d4e8194eaae7,cust_50,2025-10-18T04:30:05.047621,355.08,prod_153,3,118.36
9d3c999f-de42-4046-85fa-7a35260c4bcc,cust_200,2025-06-09T01:52:35.047621,127.23,prod_140,3,42.41
976c1cf7-d391-4aba-a683-a97a3c765516,cust_412,2025-10-23T12:47:23.047621,172.86,prod_167,3,57.62
9bd2b5c4-f683-4410-970b-fb5958b29ca6,cust_251,2025-07-18T11:51:37.047621,53.3,prod_93,1,53.3
dcd2da24-6554-49aa-afc1-3a24403e9429,cust_64,2025-03-08T13:04:23.047621,509.46,prod_9,3,169.82
0226bb38-519c-45cd-950c-c7f5d83a0d44,cust_248,2026-01-11T23:41:55.047621,26.9,prod_176,1,26.9
b399a925-d9a0-40cc-baa8-227dedec6091,cust_342,2025-10-17T21:28:16.047621,163.32,prod_178,2,81.66
2e98e88f-d7c2-4dc8-9257-c740a9465a0c,cust_145,2025-08-30T06:16:14.047621,73.11,prod_187,1,73.11
f32e798a-13ff-48b8-a3cb-4d1946b95b16,cust_343,2025-08-09T11:18:14.047621,180.28,prod_193,1,180.28
fa0553de-70bc-4f11-ad0d-ddff17be9835,cust_339,2025-10-22T21:30:29.047621,8.24,prod_172,1,8.24
88a33d02-6196-4ab7-a460-5745e99c8aae,cust_365,2025-11-13T20:40:10.047621,50.59,prod_83,1,50.59
2d6129af-7172-4084-b7b6-399f41fd66ee,cust_388,2025-07-13T01:00:42.047621,537.12,prod_146,3,179.04
c6329e20-3017-410e-aa5e-810560d7b5a8,cust_461,2025-07-26T07:31:27.047621,162.64,prod_4,1,162.64
bf5f1185-c00e-488c-ad6f-18e1e77321c2,cust_491,2025-10-16T19:44:28.047621,30.16,prod_6,1,30.16
f9beff08-7e99-4e38-bb67-846f74f6f56a,cust_303,2026-01-21T22:08:15.047621,36.5,prod_182,2,18.25
2cd23759-11b8-474c-adc9-340a6e98f9d8,cust_197,2025-10-16T06:21:09.047621,7.65,prod_120,1,7.65
50ee1fbe-9f00-46f8-93e2-6d18398f6de1,cust_9,2025-04-15T09:54:09.047621,60.71,prod_168,1,60.71
d1009249-77b9-4052-96a2-03700dfa7bc5,cust_61,2025-09-01T09:17:52.047621,320.1,prod_92,3,106.7
410fc978-eafd-46b0-a5c7-92cc88a70944,cust_142,2025-12-23T03:44:36.047621,193.98,prod_166,2,96.99
36544b46-2dfd-4542-a632-4a880e3166c0,cust_43,2025-02-25T15:11:37.047621,91.91,prod_105,1,91.91
9897d939-e03c-4f5a-9f80-ca62db1bbc45,cust_321,2025-08-22T15:24:49.047621,461.46,prod_88,3,153.82
cca387c0-9799-4db5-929d-8d766c4c69dc,cust_59,2025-10-18T16:32:56.047621,452.16,prod_11,3,150.72
4bc62004-b6e8-4058-863c-0bcd07e1a4f6,cust_252,2025-10-29T01:23:20.047621,238.68,prod_49,2,119.34
60e225e2-f9a2-4997-bf2e-9846b427d35e,cust_368,2025-02-13T09:00:00.047621,80.94,prod_109,1,80.94
2cb6875d-d54d-46b7-8fe9-a8279faaee11,cust_480,2025-07-07T14:52:49.047621,477.93,prod_28,3,159.31
01b96690-324f-4b79-948b-a4176713364e,cust_482,2025-04-27T14:25:15.047621,76.53,prod_14,3,25.51
a5fa9907-ab2e-4c77-a162-a8c62c077ee9,cust_476,2025-04-08T01:45:01.047621,247.74,prod_179,3,82.58
eb735a8d-a83b-4f7d-9d7a-dfcf883bc26c,cust_51,2025-04-08T12:26:32.047621,91.68,prod_160,2,45.84
869d4528-dd78-401a-8fd2-f131e0c974c9,cust_22,2025-02-25T11:11:22.047621,164.52,prod_65,1,164.52
3e45f31c-3079-4579-962e-22beb3efab10,cust_249,2025-02-22T22:23:39.047621,155.48,prod_84,2,77.74
04d142d8-c16c-427e-9ee5-53b1a06211bc,cust_89,2025-10-26T23:51:15.047621,539.55,prod_74,3,179.85
96efc162-a245-4372-9e83-0c91b03a233c,cust_110,2026-01-11T11:07:52.047621,8.92,prod_170,1,8.92
9206800a-eba1-417e-839d-934f30d2e78f,cust_317,2025-11-06T10:12:37.047621,146.22,prod_187,2,73.11
4e3eb860-a476-4c3d-a2c1-67541f7b82c7,cust_357,2025-12-15T05:35:24.047621,120.99,prod_106,3,40.33
5d0cf4db-c9be-425c-bfea-da7f4168fab3,cust_202,2025-02-15T23:58:54.047621,215.68,prod_114,2,107.84
3ff821a8-100c-4d6a-872d-8fa9ffcd397f,cust_280,2025-12-13T10:08:44.047621,228.45,prod_87,3,76.15
b91c5226-05c5-4831-97db-8a52a42ca73e,cust_274,2026-01-29T18:01:53.047621,36.76,prod_174,1,36.76
eaf76227-a1de-40a4-9076-991c255cd88e,cust_405,2025-02-24T03:10:44.047621,133.07,prod_119,1,133.07
74b2f5a3-6128-4253-9198-fac9dbf79002,cust_69,2025-03-14T16:55:14.047621,361.24,prod_56,2,180.62
62be49f2-ac3e-4201-afad-a6d8a37cfc60,cust_225,2025-07-09T01:11:01.047621,186.65,prod_154,1,186.65
2e2e1ba2-9adc-4634-a295-574c4c42cc86,cust_354,2025-03-10T07:27:29.047621,40.33,prod_106,1,40.33
134efb4d-adde-447d-b42f-660254f8ba41,cust_216,2025-10-21T21:07:50.047621,132.7,prod_1,2,66.35
c339078a-8dfa-433d-902d-8b7674c01e06,cust_88,2025-05-02T17:09:36.047621,25.63,prod_121,1,25.63
abdb21c7-a047-45fb-a1cb-d7664cf460c8,cust_413,2025-05-10T14:15:21.047621,186.63,prod_2,1,186.63
2d03b537-1b38-4404-a44c-a8b413ad00a7,cust_48,2025-07-19T18:04:46.047621,227.94,prod_128,3,75.98
9e3d3d38-ecd8-40ec-8076-1634c81727d2,cust_201,2025-02-18T18:15:53.047621,90.32,prod_117,1,90.32
38aa7b33-3bce-43d4-8bd1-d3911f0da140,cust_263,2025-07-27T21:59:53.047621,495.18,prod_192,3,165.06
c991cd41-b279-45a0-96ef-0437517c687c,cust_434,2025-05-27T01:22:33.047621,215.62,prod_57,2,107.81
efa5b3a2-4feb-464f-8e88-ec50c8800f91,cust_33,2025-12-06T18:23:46.047621,193.06,prod_25,1,193.06
b6a1eba8-1e3c-4b09-8ab7-686a04e7e44b,cust_50,2025-04-27T23:09:16.047621,17.84,prod_170,2,8.92
07acb3f5-affb-4f7f-912f-2af510d354d5,cust_184,2025-11-03T10:33:14.047621,90.48,prod_6,3,30.16
8a727961-9678-4a08-a952-98c42213ed49,cust_242,2025-04-15T07:48:15.047621,59.66,prod_59,2,29.83
65fc21bd-ddee-4338-a087-e12c8723e6fd,cust_109,2025-08-09T00:26:46.047621,79.13,prod_50,1,79.13
115aad5e-b6dc-41f0-887e-ad051195594e,cust_169,2025-03-27T13:40:29.047621,165.39,prod_197,1,165.39
c1ccf620-bccf-43a1-bd40-161d06fc6a80,cust_137,2025-10-05T09:28:12.047621,244.98,prod_178,3,81.66
a47f7c5e-c7b9-4363-be39-69e1ce71b186,cust_234,2025-10-23T01:00:01.047621,42.6,prod_82,2,21.3
79d1632a-aa1e-49ad-820e-b6d254a4179e,cust_44,2025-07-21T22:41:15.047621,132.7,prod_1,2,66.35
418fe852-472f-4f33-8af1-5fef72a3147c,cust_207,2025-11-20T11:09:54.047621,174.7,prod_3,1,174.7
fd6f9c91-ff2c-432d-8687-6971cc54f168,cust_341,2026-01-18T16:51:46.047621,210.58,prod_19,2,105.29
35c35e6c-5bcc-407d-82a9-8131d7bfd227,cust_28,2025-06-21T11:50:12.047621,311.61,prod_126,3,103.87
85955405-31bd-4067-aa65-15fc7cfdeb90,cust_100,2025-10-19T15:12:27.047621,495.18,prod_192,3,165.06
0bc6c743-d300-4d68-8662-2e5865a10e72,cust_164,2025-11-22T17:22:17.047621,48.58,prod_143,1,48.58
3eb75cff-fded-41bd-849f-98844cc1f9cc,cust_285,2025-09-02T16:42:49.047621,226.72,prod_132,2,113.36
c9ab0c34-e775-4391-baa3-594e4c5752d2,cust_491,2025-03-28T20:37:09.047621,275.73,prod_105,3,91.91
111a86f6-fcc0-4693-bbaf-545d5cb47fdd,cust_338,2025-11-28T07:43:37.047621,97.9,prod_115,1,97.9
edd73a75-fe90-435d-8347-5b9918e49494,cust_72,2025-07-04T16:47:20.047621,86.81,prod_123,1,86.81
a3ee546a-f159-41bc-9508-52490e71daf6,cust_157,2025-07-06T07:37:15.047621,320.04,prod_46,3,106.68
2c548492-c3f8-4675-bb95-9dedea217524,cust_148,2025-02-04T22:32:18.047621,59.92,prod_13,1,59.92
fc7843e8-e82c-4520-833b-cd4994d016f1,cust_297,2025-08-03T11:25:58.047621,436.35,prod_112,3,145.45
da835fd3-d850-4e42-8fe9-6e49279df391,cust_349,2025-06-04T21:46:24.047621,53.8,prod_176,2,26.9
3a4d301d-8a6a-4dcf-944c-d7b7074adf10,cust_344,2025-06-23T19:11:47.047621,405.12,prod_175,3,135.04
4cc7c3e4-840d-4baf-a0f2-56d4d63781ec,cust_56,2025-07-09T09:35:10.047621,155.75,prod_177,1,155.75
d3b38235-a45d-4bd1-a065-352dfd678c03,cust_370,2025-03-07T01:27:11.047621,137.52,prod_160,3,45.84
6ed44111-fb40-4032-9459-67e7872ddc97,cust_27,2025-12-11T13:25:49.047621,365.04,prod_133,3,121.68
1231e51c-478a-4809-95bb-c26abbf76d8c,cust_57,2025-11-15T08:46:37.047621,20.82,prod_76,1,20.82
29ae260c-05c9-4bb7-afb7-49e527a052cd,cust_158,2025-10-05T14:04:16.047621,481.56,prod_157,3,160.52
81a0148c-c949-498b-bcdb-946cbcb41f2f,cust_154,2025-10-03T04:24:51.047621,74.68,prod_55,1,74.68
7c4f4602-ee01-422f-9b08-9246439b92e1,cust_86,2025-04-03T09:02:07.047621,52.16,prod_22,2,26.08
6cfb4ac6-a313-4e7c-886d-81c28ec3d833,cust_365,2025-10-27T00:24:50.047621,364.28,prod_130,2,182.14
33a82ae6-e8e2-4a2a-8a18-4a5b13d97971,cust_337,2025-12-21T11:48:48.047621,360.81,prod_122,3,120.27
5c4071f2-6765-4c4b-9387-56c186f9d83b,cust_386,2025-06-11T13:31:41.047621,251.4,prod_110,3,83.8
12c4515e-77a6-4824-9514-222025702f07,cust_152,2025-04-15T03:49:47.047621,128.66,prod_131,2,64.33
abaa2cd2-e4f4-4641-a0a7-9c8936ee2814,cust_477,2025-12-13T21:04:38.047621,474.39,prod_69,3,158.13
b84d769b-b950-410c-ba5f-257421e21488,cust_24,2025-09-20T17:56:45.047621,135.04,prod_175,1,135.04
35853d28-3b82-498c-a3c0-8785222a30e9,cust_226,2025-11-03T02:40:34.047621,237.39,prod_50,3,79.13
725dc087-2f4e-413c-805b-5b2859137d75,cust_171,2025-02-08T09:31:47.047621,87.48,prod_165,3,29.16
1e89bcdd-4525-4a72-9a7b-337edeaae33e,cust_464,2025-08-14T23:16:37.047621,78.54,prod_163,2,39.27
81a4e98d-a65d-45f1-a579-19098c2beb11,cust_278,2025-08-06T17:07:02.047621,83.92,prod_95,1,83.92
ce891694-bba8-498c-ad3f-575a08be73ea,cust_482,2025-02-21T16:02:03.047621,227.94,prod_128,3,75.98
9614d49f-aaf6-4e8c-b4cc-837d2903177f,cust_264,2025-07-04T17:43:39.047621,254.7,prod_47,3,84.9
27c170bb-ecb3-47c5-bb96-d438b85ac28b,cust_266,2025-11-24T03:10:17.047621,140.52,prod_108,3,46.84
bb77f340-8e15-4645-a6a9-010ecc0f9526,cust_135,2026-01-20T13:28:28.047621,328.32,prod_101,2,164.16
f6d60573-1c1d-4f3e-ac4f-fafe54c62f55,cust_272,2025-03-13T18:41:28.047621,80.32,prod_64,2,40.16
f11a5416-c2e5-40e6-8218-0b209bb64902,cust_435,2025-03-10T20:27:54.047621,62.46,prod_76,3,20.82
dd9cd4e1-813a-4176-8e51-deb8577931fe,cust_210,2025-03-04T00:15:19.047621,179.76,prod_13,3,59.92
aba49a52-8344-4cd4-9041-aeef69695d49,cust_202,2025-12-30T19:27:15.047621,347.68,prod_40,2,173.84
476f0f4e-1d63-4874-a398-4ea09ebd3a6c,cust_310,2025-10-28T15:05:20.047621,338.6,prod_188,2,169.3
d398b996-4af0-41bd-b9f0-1e4b454c3150,cust_34,2025-04-12T02:03:24.047621,160.78,prod_34,1,160.78
e3dc6e61-22aa-4d70-a303-cfcebca0e345,cust_129,2025-10-11T17:19:15.047621,271.3,prod_38,2,135.65
109fcacb-a531-4b51-9516-8481bb27ac26,cust_99,2025-06-14T00:52:58.047621,172.86,prod_167,3,57.62
338bb8f4-eba0-4586-8686-6bada410877d,cust_448,2025-06-16T04:03:31.047621,8.92,prod_170,1,8.92
95bce852-9559-4f80-b9f1-91001e7e7931,cust_89,2025-03-12T19:33:10.047621,439.59,prod_99,3,146.53
58d4e70f-1703-4114-8831-ec0423f06419,cust_375,2025-11-05T10:12:26.047621,254.7,prod_47,3,84.9
9355f51b-d5a6-4fbb-a8d8-379dcc8e0e02,cust_112,2025-10-10T11:14:38.047621,29.53,prod_85,1,29.53
5a5a7aef-86a9-43ca-abbd-3623251d1646,cust_464,2025-05-13T00:49:54.047621,44.07,prod_199,1,44.07
8b8ef418-2617-4797-a5a0-6c9deea0fcef,cust_184,2025-03-29T17:13:54.047621,42.6,prod_82,2,21.3
b47abdd4-7e27-4c66-941a-307e8f5baf07,cust_113,2025-02-04T18:50:28.047621,482.34,prod_34,3,160.78
7ce14760-e223-4b20-8a1d-569b4dd6dfe8,cust_42,2025-11-03T03:03:23.047621,81.34,prod_53,2,40.67
36317a5f-fc3a-47f0-b97c-9deaad967e12,cust_408,2025-07-30T11:49:05.047621,238.62,prod_150,3,79.54
5dfdeb2b-4c82-44db-b21b-6be46325a92b,cust_451,2025-10-06T01:36:36.047621,360.81,prod_122,3,120.27
cce2b9f1-6eb0-42dd-aff3-1661cc34af66,cust_404,2025-04-28T23:56:44.047621,25.34,prod_113,2,12.67
cafdefa1-d14e-4c04-bde2-a6081adc6201,cust_456,2025-02-05T02:22:36.047621,80.32,prod_64,2,40.16
63dca27e-4ada-4179-a447-4831e5540623,cust_307,2025-06-22T12:45:09.047621,44.29,prod_194,1,44.29
49911c96-8180-40b8-80c6-38ac89d13522,cust_68,2025-06-05T15:09:22.047621,90.6,prod_43,1,90.6
e2521334-d5d0-4718-83b6-ffae240e0d15,cust_71,2025-02-16T17:24:23.047621,329.04,prod_65,2,164.52
66e1f85a-ea7d-41d0-936b-a7bf495f14ac,cust_290,2025-08-06T18:34:14.047621,117.19,prod_18,1,117.19
2651633c-5f31-4f31-91db-5fb4cd027d9d,cust_337,2025-06-08T03:41:00.047621,40.33,prod_106,1,40.33
8598033d-b9f0-4b52-9bd1-18c7d13715b5,cust_136,2025-04-01T19:13:05.047621,158.26,prod_50,2,79.13
4783b7e6-a206-454a-be9b-2c5617466e4f,cust_311,2026-01-22T08:44:19.047621,95.6,prod_180,2,47.8
231ae417-20ae-4302-a84d-b6abea108ad0,cust_195,2025-12-19T21:15:57.047621,439.59,prod_99,3,146.53
c91d75ee-aac9-4449-9cd6-84c2a6a01ff8,cust_14,2025-11-11T06:49:31.047621,169.8,prod_47,2,84.9
aeb2627c-3f3a-4f50-a622-0d712ab213fc,cust_70,2025-07-27T09:01:15.047621,241.72,prod_7,2,120.86
15315d01-3677-46c2-8bd1-9fcf7157d4ba,cust_132,2025-03-08T21:55:13.047621,270.96,prod_117,3,90.32
250f8020-aadd-49f4-b484-12736385dc7e,cust_497,2025-10-30T21:52:16.047621,78.38,prod_41,1,78.38
b3238e92-fdeb-4c8c-b1e3-0d8ce4fb0305,cust_205,2026-01-21T04:23:02.047621,67.89,prod_138,3,22.63
2de80dfe-c88d-4829-9589-e1a7176fbd38,cust_336,2025-08-23T13:09:12.047621,44.6,prod_68,1,44.6
d32e1450-bb7c-4b24-a944-832cdf74db3c,cust_218,2025-06-11T18:21:34.047621,58.58,prod_98,2,29.29
937a8ba0-33b4-4e66-9fa0-d5ed47fe010e,cust_4,2025-09-08T06:50:24.047621,63.9,prod_82,3,21.3
0d8ad47d-b006-4395-8cc5-27b8160f9f80,cust_269,2025-08-12T20:48:49.047621,115.24,prod_167,2,57.62
099d2beb-de33-46ad-a957-b114904bab71,cust_391,2025-05-29T21:58:52.047621,59.66,prod_59,2,29.83
24f983b5-19ce-454a-8d4c-d0f9c8a7c3f8,cust_473,2025-11-29T05:34:30.047621,15.38,prod_141,2,7.69
6658f298-2463-46b1-957b-01d687d5aa39,cust_266,2025-05-10T08:09:26.047621,495.18,prod_192,3,165.06
1b3736c4-2100-4636-a7af-0dd021ded6d1,cust_340,2025-11-10T14:55:38.047621,53.8,prod_176,2,26.9
eacee65b-5df2-4c9b-95b1-028216cf32e1,cust_124,2025-02-07T16:13:28.047621,87.87,prod_98,3,29.29
435e5828-12c3-4d05-8a23-b073a629b403,cust_299,2025-08-20T01:16:40.047621,143.12,prod_190,2,71.56
f8993d3d-8979-46c1-a445-c2550464de2e,cust_76,2025-12-16T09:32:37.047621,43.5,prod_139,1,43.5
069ad45d-3e56-4ab1-9237-282d9ff00148,cust_194,2025-02-10T01:23:42.047621,79.54,prod_150,1,79.54
071a1243-3183-4b4e-8969-65bbe3fcec33,cust_354,2025-11-23T10:16:46.047621,90.32,prod_117,1,90.32
28c8d914-ea55-4494-b7c7-449661e5c54a,cust_224,2025-06-20T19:22:56.047621,214.65,prod_169,3,71.55
14689185-50e4-40f4-82b4-e0554fa9782c,cust_47,2025-10-07T17:41:13.047621,45.84,prod_160,1,45.84
5d38148c-c19e-48c7-8766-af114057dbe0,cust_499,2025-12-27T19:15:50.047621,73.52,prod_174,2,36.76
b78ffa4b-9103-4af8-ad11-a1ae8155b2a1,cust_160,2025-11-19T20:18:38.047621,325.28,prod_4,2,162.64
a792cc5e-bded-4e00-8491-6f5c1741c001,cust_386,2025-02-20T15:33:45.047621,161.88,prod_109,2,80.94
2d13e490-b681-4da5-b113-84db7a35f9db,cust_144,2026-01-21T10:04:45.047621,351.57,prod_18,3,117.19
6f274ce7-0beb-40e9-b63e-0761661f579a,cust_434,2025-09-30T10:27:45.047621,132.7,prod_1,2,66.35
74df8315-8b69-4c48-a5a5-3dc457a42655,cust_319,2025-03-31T20:25:03.047621,25.34,prod_113,2,12.67
203190e0-8b19-4ae8-bf72-23a0d02d334f,cust_65,2025-03-13T04:02:27.047621,531.69,prod_164,3,177.23
577126ca-2b1b-41de-a3b8-88de3ee126a9,cust_16,2025-07-31T00:43:07.047621,207.74,prod_126,2,103.87
9fd5c0e3-3400-41be-bcbe-64aa56637c32,cust_361,2025-09-15T06:56:42.047621,531.69,prod_164,3,177.23
1c468a91-eda8-4a20-a693-097d64798bba,cust_307,2025-05-05T03:45:31.047621,290.97,prod_166,3,96.99
7faec7f3-99e6-4800-b4fd-5a4da5f1eeea,cust_460,2025-02-03T23:09:02.047621,533.79,prod_72,3,177.93
eef8b5a8-f3b1-45eb-be37-2f7e3bd6ac3e,cust_402,2025-06-18T20:05:47.047621,169.82,prod_9,1,169.82
f7df98ac-844d-4b40-b3eb-52567c6b89e1,cust_55,2025-07-13T18:18:17.047621,165.06,prod_192,1,165.06
7ddfe279-aede-4024-b69c-bc4a65678af3,cust_317,2025-03-02T13:29:11.047621,153.52,prod_196,2,76.76
af16db50-a9be-4fb2-b72d-aefd9558e002,cust_387,2025-10-02T00:31:56.047621,317.86,prod_48,2,158.93
dffab638-7130-4a98-a646-57378be4b4cf,cust_330,2025-06-08T18:56:28.047621,173.62,prod_123,2,86.81
19e5f482-9594-4924-9aa1-54c3343fb6a2,cust_122,2025-12-04T12:01:21.047621,132.69,prod_159,3,44.23
03dc0419-c04a-45ae-9dcf-8952553fd9e2,cust_43,2026-01-30T06:38:21.047621,477.93,prod_28,3,159.31
ba58f595-d3f6-42ee-968b-1cee3d72951e,cust_438,2025-10-26T12:07:54.047621,51.02,prod_14,2,25.51
5079b2f9-2849-40b9-88fd-d5509f455ecc,cust_61,2025-03-09T17:01:45.047621,89.41,prod_21,1,89.41
c0c44a3d-9535-4905-b09d-4489603dfaf8,cust_164,2025-10-23T12:49:50.047621,135.04,prod_175,1,135.04
99d74934-4803-4427-abc6-182f054b4c5e,cust_360,2025-10-24T07:54:27.047621,180.64,prod_117,2,90.32
57c8e0bd-2071-4893-9701-ef1f39359828,cust_381,2025-12-20T11:40:42.047621,87.48,prod_165,3,29.16
01ddc879-dfb8-457b-af02-2d366cd38da5,cust_207,2026-01-09T22:07:45.047621,233.22,prod_84,3,77.74
a190c333-27c0-4370-ae20-c7bc533ffd39,cust_365,2025-06-29T05:08:20.047621,116.43,prod_16,3,38.81
e24a615d-8d09-4a86-92a1-e446dac1c7be,cust_79,2026-01-03T06:34:19.047621,154.37,prod_66,1,154.37
e2a96285-5e31-4d5a-a4f4-d473ef18b9ec,cust_176,2025-12-07T11:57:10.047621,360.56,prod_193,2,180.28
c45da3fe-620a-4d45-b531-9ea593c29202,cust_89,2025-10-10T20:35:50.047621,91.91,prod_105,1,91.91
e663748a-e90e-45b8-a543-b830a1c03a6f,cust_157,2025-03-08T21:12:39.047621,153.82,prod_88,1,153.82
5f7e4979-9164-47db-a425-a29365d43435,cust_452,2025-03-30T09:12:39.047621,540.9,prod_33,3,180.3
0d78a6a5-cb3f-46a2-88da-23d86deacb77,cust_298,2025-02-23T08:03:36.047621,231.42,prod_161,3,77.14
6f9dc4e3-a310-4159-88c9-4f3bf2c0c8db,cust_490,2025-10-02T00:48:44.047621,165.16,prod_179,2,82.58
0491b156-aa11-4a62-b206-781d560257a9,cust_316,2025-07-11T18:09:27.047621,74.68,prod_55,1,74.68
8b2277e4-3188-4fdf-893b-fc008774d45f,cust_468,2025-06-19T15:29:27.047621,55.89,prod_135,1,55.89
5f7e95b9-c396-4ef5-8ea7-8f5adbc14070,cust_71,2025-12-19T02:02:23.047621,56.62,prod_91,1,56.62
d1dde72b-6967-4bf5-8a9a-4a56f789af99,cust_309,2025-08-25T04:42:18.047621,111.78,prod_135,2,55.89
6960bdcb-f63d-4818-96dd-b9eb973f1b6b,cust_421,2026-01-08T08:23:26.047621,7.69,prod_141,1,7.69
0e8906c9-fb7a-4e14-9877-f1cad36108bd,cust_15,2026-01-04T08:09:34.047621,123.94,prod_29,2,61.97
9be66f3e-c8d8-41d6-ad5a-ec96780f4448,cust_159,2025-08-31T10:35:33.047621,169.86,prod_91,3,56.62
4637d84d-dc7c-4bc0-bca0-41548c3cbb78,cust_386,2025-03-24T12:18:30.047621,376.47,prod_118,3,125.49
793daf3f-e04d-4481-a815-38e6433e372b,cust_83,2025-12-28T20:46:11.047621,215.62,prod_57,2,107.81
468c0a4b-7baf-47cd-a118-869e8ac65418,cust_114,2025-06-09T22:39:04.047621,235.14,prod_41,3,78.38
5ff06022-8aa0-48be-abe5-72d5d36040bc,cust_164,2025-05-13T20:03:03.047621,167.84,prod_95,2,83.92
08ce79cf-e91b-44d4-8c61-c8b97b342e0e,cust_310,2025-12-29T22:03:06.047621,90.32,prod_117,1,90.32
cc822d59-c96f-4356-a3ce-893c2b5aa03c,cust_216,2025-11-28T04:20:15.047621,173.62,prod_123,2,86.81
2d71bc6b-292e-47d2-8188-aa93be3435ac,cust_108,2025-02-02T22:09:45.047621,102.84,prod_189,1,102.84
430dac44-778c-4b41-9e74-022db1aef580,cust_327,2025-07-06T05:14:27.047621,106.68,prod_46,1,106.68
f580cb38-8b26-482e-8177-f829e2dc3f59,cust_318,2025-02-22T22:04:41.047621,149.36,prod_55,2,74.68
7de09113-ac2b-43bd-899f-5a1b0f97ab30,cust_250,2025-12-23T21:13:55.047621,145.74,prod_143,3,48.58
a0e04e4f-0742-4f04-ae27-5b3a8a5979a1,cust_86,2025-08-25T02:48:56.047621,555.48,prod_156,3,185.16
f1b9d55a-5251-49a2-9dc4-545a2bc61a82,cust_177,2026-01-20T02:22:29.047621,167.67,prod_135,3,55.89
773a55a3-0851-49bf-8c28-9a0d0f6e329a,cust_343,2025-06-04T00:20:55.047621,182.13,prod_168,3,60.71
234069ae-12a8-4802-b6d3-f14f89d6e69c,cust_459,2026-01-01T04:38:37.047621,491.34,prod_15,3,163.78
7f73acf9-54e1-4bd4-81da-73a0d5c02857,cust_18,2025-11-29T22:21:34.047621,128.66,prod_131,2,64.33
580275e3-61b0-4f91-94b8-7c43603b5af6,cust_148,2025-08-27T16:49:48.047621,79.54,prod_150,1,79.54
2270bec1-28f2-4255-988d-417a90cdf28d,cust_489,2025-08-12T00:29:46.047621,317.86,prod_48,2,158.93
ed4877c2-630f-4af7-afa3-8e2f210c9837,cust_39,2025-02-23T02:07:45.047621,156.76,prod_41,2,78.38
c12b48a6-9eca-4c86-82f6-f5b951ce8250,cust_49,2025-11-18T11:01:08.047621,60.71,prod_168,1,60.71
40c390cf-533b-4ac7-ad98-6ad27d6966f7,cust_297,2026-01-20T19:05:38.047621,66.35,prod_1,1,66.35
0665294a-d79b-4baf-821e-d1ce73ca948f,cust_266,2025-02-16T03:05:41.047621,155.16,prod_81,2,77.58
e465c527-9f93-4a7a-93aa-256311713abb,cust_333,2025-10-21T16:35:11.047621,45.6,prod_186,1,45.6
959f1296-212f-48e4-9b18-0b501da84bcf,cust_135,2025-09-26T02:45:44.047621,132.21,prod_199,3,44.07
77ca49f2-b3ed-49aa-969d-14bfa04e6cb6,cust_73,2025-07-09T14:12:53.047621,315.87,prod_19,3,105.29
10bd1246-ded8-4a0e-95db-16b9f51e13ab,cust_237,2025-12-23T10:00:14.047621,76.58,prod_195,2,38.29
3316f295-c3dd-4801-92b4-13c49fc1408c,cust_228,2025-05-13T10:22:00.047621,25.63,prod_121,1,25.63
96d37173-5b0a-40cf-a73d-3454f38bd9a5,cust_315,2026-01-15T05:49:57.047621,128.66,prod_131,2,64.33
2e93c668-00a1-439c-8ccd-877db22fd1af,cust_61,2025-08-08T19:59:47.047621,231.42,prod_161,3,77.14
44264a49-a952-4596-b314-e572d5f8add3,cust_170,2025-08-23T16:09:45.047621,80.32,prod_64,2,40.16
a12eb253-b3a1-4d1c-8e12-7c19c637f84c,cust_438,2025-05-01T16:01:30.047621,113.36,prod_132,1,113.36
bfbf3b85-dc1d-4f70-a901-9c5c67b31804,cust_121,2025-11-28T01:07:31.047621,574.95,prod_185,3,191.65
dc392564-11d8-4f30-8cd9-1d5113d16717,cust_312,2025-08-14T06:09:38.047621,541.86,prod_56,3,180.62
2ffaf708-0b87-4486-9b9a-a9a7d83cb93f,cust_484,2025-07-29T19:08:22.047621,123.42,prod_73,1,123.42
e4d62cfc-7101-4d4a-9822-aff4271c1b48,cust_35,2025-04-01T16:14:13.047621,250.98,prod_118,2,125.49
ee562e00-fae1-46c5-92f1-06d98f29a27b,cust_374,2025-05-11T06:20:06.047621,159.9,prod_93,3,53.3
56945da2-2ef3-49ef-9f46-4783a012ce18,cust_86,2025-06-15T07:55:50.047621,260.43,prod_123,3,86.81
4b5e649a-9d68-4b54-9c12-b11840491eb6,cust_350,2025-08-23T13:11:41.047621,58.58,prod_98,2,29.29
e4f57118-4903-486e-801d-6b5dc18ef401,cust_207,2025-05-17T21:18:26.047621,40.81,prod_144,1,40.81
f655145c-8981-42fc-86ad-9eae5b7bec70,cust_85,2025-08-12T02:03:55.047621,38.81,prod_16,1,38.81
644ac24c-9105-4fec-ad23-02000f4f9a7d,cust_102,2025-10-26T04:03:48.047621,57.26,prod_155,1,57.26
21d3f65b-3b71-45e5-8264-5d627eefc554,cust_347,2025-12-11T08:24:43.047621,555.48,prod_156,3,185.16
f0dfc9ae-f9a9-40b6-97a5-c7036f4c4aed,cust_269,2025-11-20T08:16:02.047621,197.31,prod_173,3,65.77
35a3157e-96be-4891-badc-13e62e9b0201,cust_132,2026-01-28T10:54:35.047621,186.63,prod_2,1,186.63
bd8ff464-d4bd-428b-804a-097512a381ef,cust_136,2025-11-08T18:26:32.047621,133.8,prod_68,3,44.6
9478f9d2-3f87-4971-a7dd-5b74d937f93b,cust_352,2025-03-10T01:12:44.047621,308.74,prod_66,2,154.37
b4870f04-9f7a-46b8-baf0-f7c6fa4d48d5,cust_123,2025-09-29T02:52:58.047621,38.01,prod_113,3,12.67
7c2335e1-1852-43a1-aa43-f641fbb0e1af,cust_230,2025-10-19T23:59:49.047621,382.82,prod_26,2,191.41
60979a41-44c8-43fc-9c48-aa702686558d,cust_449,2025-11-08T23:03:33.047621,477.93,prod_28,3,159.31
fe1236b6-ef30-4545-8294-3de6ca2c6fa6,cust_189,2025-06-04T07:40:27.047621,39.27,prod_163,1,39.27
939e80ee-8e44-465c-8e85-379f1507023e,cust_219,2025-02-15T01:20:12.047621,29.16,prod_165,1,29.16
543dc2fe-3ecd-43df-a1ec-5bf489747f40,cust_250,2026-01-26T03:29:16.047621,214.68,prod_190,3,71.56
861ece7b-cdff-4205-b372-7eab889760fa,cust_163,2025-11-27T23:18:12.047621,59.92,prod_13,1,59.92
432c4a52-6fad-4b1f-b69c-b5ddae8cfaf5,cust_26,2025-07-09T21:26:06.047621,90.48,prod_6,3,30.16
743a0adf-2bc8-46de-995d-c9ee5233cc9f,cust_328,2025-09-25T22:25:48.047621,55.89,prod_135,1,55.89
b42c1ff0-249e-4358-8b65-3987e21c050b,cust_368,2025-02-15T08:56:55.047621,251.4,prod_110,3,83.8
6dab8425-6da1-4321-b10a-1131079c524b,cust_68,2025-10-19T02:46:50.047621,270.96,prod_117,3,90.32
60af2aff-260d-45ef-a713-7c995a0cf9bd,cust_254,2025-04-23T02:09:12.047621,230.28,prod_196,3,76.76
d840e4f1-7a39-4045-937a-08be649544cb,cust_81,2025-11-24T09:01:00.047621,171.78,prod_155,3,57.26
b5d6f235-b5fb-4ff4-bb7d-40c252994da0,cust_60,2025-06-29T07:11:57.047621,210.58,prod_19,2,105.29
e434b2ba-baa9-4fe3-9070-6e14463b5310,cust_448,2025-03-19T15:55:30.047621,77.74,prod_84,1,77.74
62aad2ad-98a8-45c9-98a9-fe574a51a698,cust_474,2025-12-11T00:24:09.047621,295.26,prod_67,3,98.42
848cdeb6-f3b5-4f0b-ac26-3482e38875dc,cust_123,2025-02-04T14:43:32.047621,83.55,prod_61,3,27.85
fdf85ad9-6f9a-4588-91b1-110c1ea8d96b,cust_197,2025-09-28T15:55:27.047621,17.64,prod_158,2,8.82
3184a86c-3fe4-4ce4-ac9f-a958e4bdb8f2,cust_370,2025-11-11T04:13:10.047621,290.9,prod_112,2,145.45
7f804fe3-ec20-4cf8-a580-01378622939a,cust_99,2025-02-24T17:44:30.047621,213.36,prod_44,2,106.68
9413fd33-05ee-4237-af7c-4705f21c5abb,cust_389,2025-02-14T17:22:13.047621,236.72,prod_153,2,118.36
1b796458-28d8-4195-880b-7a6137b93aad,cust_23,2026-01-29T23:10:00.047621,25.51,prod_14,1,25.51
0e33aaf6-e900-4d1d-a84f-40f7cffc978d,cust_191,2025-10-11T18:01:41.047621,261.74,prod_36,2,130.87
c304bbab-228c-4fef-8f40-8c82b1be6916,cust_277,2025-05-07T22:23:49.047621,392.61,prod_36,3,130.87
40d67613-8659-4613-8096-87155742f6c6,cust_104,2025-07-02T20:23:24.047621,62.46,prod_76,3,20.82
0288e740-7ce8-4530-b6a6-c3c02b624cf6,cust_151,2025-06-28T12:22:57.047621,59.92,prod_13,1,59.92
452956a5-3470-4c4b-9539-20f5e9e84431,cust_89,2025-06-06T14:39:28.047621,182.13,prod_168,3,60.71
e62bc5dc-a229-4408-84e5-50cfbeace4af,cust_170,2025-08-10T18:34:42.047621,181.49,prod_90,1,181.49
669f86e1-0207-440f-888e-b465bc44dff2,cust_424,2025-11-26T20:34:56.047621,268.23,prod_21,3,89.41
e351ac32-78ff-4e9e-b488-1f02ae931edd,cust_339,2025-08-27T05:25:06.047621,254.7,prod_47,3,84.9
4486c064-7011-4c74-a3e3-3ff37ce193c0,cust_194,2025-06-18T02:08:20.047621,230.1,prod_35,3,76.7
8ac7422c-eb19-438c-896e-c8532b6cc526,cust_181,2025-06-19T10:00:46.047621,130.5,prod_139,3,43.5
eda02f93-2099-4258-a63c-95acd997d692,cust_99,2025-07-07T05:29:57.047621,261.74,prod_36,2,130.87
bc383e61-2956-4229-9c69-172b3578f0ab,cust_241,2025-06-15T02:38:16.047621,355.08,prod_153,3,118.36
a0d7d5d3-a4e6-4b21-8770-8971ff9dbce8,cust_329,2025-02-07T08:20:13.047621,169.8,prod_47,2,84.9
274dffc6-d0f8-4a57-8a4a-67d3ce80efa2,cust_224,2025-12-23T07:25:48.047621,358.08,prod_146,2,179.04
e428777b-942a-4fe7-9c75-e324d4879425,cust_79,2025-09-18T14:56:01.047621,250.11,prod_111,3,83.37
699d75f5-8ff4-4f35-8298-a82d85e78cb3,cust_250,2025-03-01T06:11:43.047621,301.44,prod_11,2,150.72
cd51e16f-04c2-428e-9d35-d28fece4ef01,cust_413,2025-05-27T08:55:18.047621,16.48,prod_172,2,8.24
fe9acd55-d4ec-4e0c-aec1-72721cc8d948,cust_114,2025-07-23T01:23:11.047621,242.82,prod_109,3,80.94
9296da1a-f63d-4236-ba9d-234647aef25b,cust_385,2025-08-18T13:17:57.047621,537.12,prod_146,3,179.04
6c48f3fd-428f-4164-acc2-21b54aa93084,cust_458,2025-06-06T00:09:47.047621,82.05,prod_129,1,82.05
035ae5d6-8441-47b5-b0b3-d589f623c599,cust_35,2025-11-19T01:57:10.047621,213.36,prod_44,2,106.68
77d10f8a-ddb6-4e25-84c2-872b2897caea,cust_461,2026-01-01T04:26:31.047621,102.84,prod_189,1,102.84
c9ef7dff-41f4-4fb5-b98e-c5f4e626a017,cust_222,2025-11-25T14:06:41.047621,436.86,prod_12,3,145.62
a7e0daa9-66d9-4390-91f8-7e1959b2ee40,cust_184,2025-06-12T06:15:54.047621,51.26,prod_121,2,25.63
15baec4b-2726-418c-a8a4-94c0e513c6d6,cust_20,2025-11-29T20:24:12.047621,250.7,prod_77,2,125.35
3b222597-23b8-435d-811d-6517be214d56,cust_233,2025-08-03T00:05:48.047621,76.15,prod_87,1,76.15
53fb9d5e-d975-46e5-bc9c-a98547ac5ab4,cust_350,2025-03-12T16:49:45.047621,86.81,prod_123,1,86.81
79669f82-5182-4bfe-b0fb-4ee5ee09d357,cust_200,2025-06-19T14:11:57.047621,191.65,prod_185,1,191.65
f11e0fb2-d98b-47f7-aa13-f75762d440e2,cust_88,2025-07-21T13:33:01.047621,119.34,prod_49,1,119.34
83163023-8ca7-4c04-9489-c0cf4ca2e178,cust_338,2025-12-28T07:24:45.047621,365.04,prod_133,3,121.68
3d63b8be-021b-4fd5-b76d-339f0a09db91,cust_414,2025-05-01T09:31:55.047621,79.13,prod_50,1,79.13
2ac841c0-70d9-478f-b81e-3c23dc8d052c,cust_34,2025-02-12T03:52:33.047621,321.04,prod_157,2,160.52
8cdac4e4-cc0f-4adc-8538-01f4ca29b900,cust_241,2025-09-24T16:34:33.047621,67.96,prod_116,2,33.98
db9f0b9f-5769-463d-b16a-eb2b8e1b4b0b,cust_426,2025-12-25T17:37:03.047621,31.26,prod_127,2,15.63
324cadf1-8ae9-41e6-aaeb-392022013b8e,cust_50,2025-12-19T09:22:42.047621,153.52,prod_196,2,76.76
5c32b8d2-a023-4cdd-b832-5b0d0a0ca9af,cust_345,2025-06-19T01:02:15.047621,370.2,prod_89,3,123.4
06b3555c-e194-4bca-83ea-0c254ee15348,cust_377,2025-11-22T03:03:52.047621,376.0,prod_94,2,188.0
530d76d0-d199-48f8-bd86-57cd6d233dc8,cust_376,2025-08-13T05:34:58.047621,452.16,prod_11,3,150.72
b39b2007-0df4-4dfe-9b1c-a2b156c1aa78,cust_355,2025-10-18T06:54:09.047621,213.72,prod_191,3,71.24
baba28d5-ec96-449a-98f4-2f87b190c8a2,cust_228,2025-02-01T21:08:18.047621,76.68,prod_183,1,76.68
139354a9-76fe-4d7d-8dbd-3386a7569bb4,cust_366,2025-11-07T08:48:42.047621,259.86,prod_32,2,129.93
00d3315b-a482-4ca0-ac7a-ce8db9abb543,cust_246,2025-05-16T23:12:02.047621,135.04,prod_175,1,135.04
148a3de7-a147-40f9-988c-2a5e8841c840,cust_302,2025-07-02T18:56:26.047621,133.07,prod_119,1,133.07
11ccc367-2f15-4588-898c-2021121cf4d9,cust_299,2026-01-09T08:16:11.047621,177.23,prod_164,1,177.23
25967949-9ffa-434d-a212-daf93f772c7d,cust_407,2025-03-06T00:00:38.047621,66.35,prod_1,1,66.35
a20e0c31-951d-4e3f-8a33-444e07d2c7af,cust_109,2025-11-03T06:39:46.047621,370.2,prod_89,3,123.4
c93f55bf-b9cd-4eb9-9c50-784b74b946e6,cust_140,2025-07-09T02:38:56.047621,46.89,prod_54,1,46.89
b8ca4212-5779-409a-b3f3-5f8e5173633b,cust_305,2025-06-14T23:52:16.047621,34.39,prod_8,1,34.39
ca69f297-077a-41c6-9cab-32d6021d262e,cust_107,2025-07-31T17:53:05.047621,327.56,prod_15,2,163.78
397cd97e-5dbf-47e4-a0db-3db9f7658991,cust_193,2025-06-15T07:41:03.047621,97.16,prod_143,2,48.58
5ee08786-0d58-4a32-9e41-e4f04d660cee,cust_468,2026-01-12T18:41:29.047621,364.28,prod_130,2,182.14
c1a9a853-b54e-43ef-b005-d734c373139b,cust_91,2026-01-05T21:08:54.047621,36.76,prod_174,1,36.76
f43929d0-a774-47fe-bbe0-13bf02b995fc,cust_411,2025-06-07T02:11:01.047621,79.13,prod_50,1,79.13
3932fc9c-c406-4cf8-9d06-e1c071d93a88,cust_136,2025-09-25T07:01:17.047621,496.17,prod_197,3,165.39
18c9ac56-1c7d-444a-9cf2-c85c95b752a5,cust_120,2025-10-05T20:34:48.047621,246.15,prod_129,3,82.05
d9ed3374-6048-4fd6-a8a1-6f7e2e88a34b,cust_487,2025-10-22T14:37:44.047621,315.87,prod_19,3,105.29
8fea6cf9-1861-4cbd-9b2d-ee1b5f20345c,cust_473,2025-03-22T08:44:50.047621,552.39,prod_200,3,184.13
d8f9eb78-4318-4366-aa44-64c3ae2ae9ef,cust_52,2025-09-20T19:13:37.047621,246.8,prod_89,2,123.4
97ae78ee-9486-4aab-b092-ccbe7f29064c,cust_319,2025-09-25T21:51:31.047621,61.97,prod_29,1,61.97
117587db-385b-4a16-9e1e-41f4a4e25371,cust_65,2025-05-01T22:13:45.047621,132.69,prod_159,3,44.23
6b3944fe-f82f-454e-b8e9-79902c8a1e5d,cust_4,2025-12-19T11:07:41.047621,45.6,prod_186,1,45.6
15e82359-0851-4dca-9c7b-35ce699569bc,cust_33,2025-04-06T19:51:49.047621,101.94,prod_116,3,33.98
d3136191-6ad5-4424-a9e9-99e330abe1a2,cust_437,2025-11-22T09:37:51.047621,88.46,prod_159,2,44.23
92ac435e-e867-41c4-bbc8-2ab25b90c5d2,cust_229,2025-12-28T11:25:43.047621,383.3,prod_185,2,191.65
480972b5-f3f1-4a27-b5df-ce652b9be123,cust_464,2025-05-09T02:30:27.047621,193.06,prod_25,1,193.06
05be41b5-c1fd-4a5b-83da-719ffc5e02cc,cust_373,2025-10-05T19:34:49.047621,152.3,prod_87,2,76.15
d1b9f72d-1226-48ff-8c80-8e6e49b9d744,cust_135,2025-03-27T03:14:13.047621,79.36,prod_136,1,79.36
a85bb2ac-207d-4f3c-a639-793b247b70f5,cust_420,2025-11-08T05:47:39.047621,368.26,prod_200,2,184.13
9836def3-c4c9-4829-9a56-e04419ec89fb,cust_84,2025-03-28T07:14:37.047621,370.26,prod_73,3,123.42
2bd88b0d-6291-4f8d-8c48-b1346ea5f0fb,cust_371,2025-06-12T01:29:03.047621,321.04,prod_157,2,160.52
13bb515e-039d-4549-b881-8367186957f3,cust_209,2025-05-10T10:11:58.047621,236.72,prod_153,2,118.36
5aca69c1-f63d-43e2-917f-4e96305f15ab,cust_388,2025-12-13T01:24:22.047621,17.64,prod_158,2,8.82
cf9858a0-176a-4562-b0e4-b05672d86a5f,cust_258,2025-11-29T10:37:50.047621,359.44,prod_51,2,179.72
36789316-02d8-4f51-a510-09d3a76dd2c7,cust_233,2025-09-02T09:21:42.047621,169.3,prod_188,1,169.3
2035c546-75fa-4791-9489-037f41b8670f,cust_90,2025-05-06T19:41:51.047621,180.72,prod_75,2,90.36
df326f22-63c1-4a49-b6a7-15f68764e113,cust_14,2025-12-13T12:50:04.047621,439.59,prod_99,3,146.53
4340c410-4fa6-4eca-9490-ee3ab11e8609,cust_417,2025-11-19T05:58:01.047621,94.15,prod_134,1,94.15
a7060f2f-ea1d-4e4d-afe7-b9237f1f2a0a,cust_473,2025-11-10T09:58:39.047621,42.6,prod_82,2,21.3
f7a4ae97-1217-4142-9ecf-820a2550034b,cust_198,2025-04-30T08:54:05.047621,360.56,prod_193,2,180.28
9d4f25d2-9ac0-4424-808f-30ce54a7cf53,cust_127,2025-02-01T19:19:55.047621,88.46,prod_159,2,44.23
9c3cc8e9-8065-4316-8025-1951e338d635,cust_425,2025-10-26T05:53:41.047621,171.78,prod_155,3,57.26
cf362dbb-e024-4e29-8531-68aa677c3bdc,cust_433,2025-04-29T13:20:17.047621,132.7,prod_1,2,66.35
d239b4c4-cbf4-4718-b2ed-79443930375c,cust_416,2025-07-02T13:43:09.047621,83.37,prod_111,1,83.37
c8006d4d-c5c9-4569-abf1-15ea9cd4dc7b,cust_166,2025-03-20T13:34:42.047621,18.25,prod_182,1,18.25
4610a6f0-b939-40b0-8b84-da4d1d4d86fc,cust_177,2025-09-30T13:12:10.047621,206.4,prod_70,2,103.2
fd493957-0514-49f6-bf48-64d7365dd0a3,cust_94,2025-02-26T00:27:14.047621,76.53,prod_14,3,25.51
875c4a64-16b6-4577-a621-1084bfa17f75,cust_147,2025-11-26T16:53:39.047621,191.41,prod_26,1,191.41
182e8905-c8c2-490d-8523-5b79bdde3ff1,cust_209,2025-06-19T03:21:05.047621,306.93,prod_198,3,102.31
9817a225-052a-43a0-8436-503be7166e32,cust_360,2025-11-10T16:48:05.047621,182.13,prod_168,3,60.71
3d5c39d3-3ff6-4bb8-8ab4-602be78d91e4,cust_18,2025-07-08T01:28:01.047621,52.71,prod_31,1,52.71
8b39bdf4-621c-4667-b2c7-234bcc940a49,cust_125,2025-02-23T12:59:49.047621,29.29,prod_98,1,29.29
6d9ed424-5190-42f5-adee-70ed24e5b105,cust_190,2025-05-14T21:48:57.047621,161.34,prod_149,3,53.78
95fbb065-5460-4a05-af1b-81bec604f477,cust_115,2025-09-18T15:20:44.047621,402.78,prod_5,3,134.26
8f1a4b81-4aca-44f6-bdc1-18caec7ccc69,cust_218,2025-04-12T22:45:42.047621,263.38,prod_86,2,131.69
ab4541d9-5c1b-417f-8fd0-a139e47cbbcf,cust_70,2025-08-28T23:41:21.047621,360.56,prod_193,2,180.28
df826e25-b891-44ff-a27d-83b9a0757fc4,cust_208,2025-02-07T01:08:31.047621,30.58,prod_137,1,30.58
031b59be-9a79-4a98-b2b1-a1cc0c4f46c0,cust_351,2026-01-01T20:34:02.047621,169.82,prod_9,1,169.82
df4f2451-60be-4206-a41e-8cb7b1a32de4,cust_84,2025-11-19T17:42:23.047621,91.2,prod_186,2,45.6
ee6eaa01-63a4-4e99-8116-141ff9c82e5f,cust_159,2025-02-12T10:33:42.047621,154.37,prod_66,1,154.37
ee9c2a69-418b-4cb3-814e-9f3822f0074d,cust_87,2026-01-15T12:33:12.047621,98.42,prod_67,1,98.42
e7dc81e8-216c-41a3-ab47-905efd029153,cust_159,2025-07-08T20:28:49.047621,68.43,prod_145,3,22.81
32b7f030-8240-4640-b856-bff12643cbef,cust_380,2025-02-14T09:09:41.047621,315.87,prod_19,3,105.29
74ea9975-c3fe-4d18-8639-18491b1c589f,cust_223,2025-07-26T21:47:25.047621,73.47,prod_79,1,73.47
ba926317-cdd1-4389-a473-de85474070ab,cust_294,2026-01-09T06:08:13.047621,65.77,prod_173,1,65.77
2e214afe-9164-4730-99c4-aec98f28ad71,cust_173,2025-02-25T00:23:45.047621,50.59,prod_83,1,50.59
f8f482fa-bb90-4ccb-80ce-7e662e3d255c,cust_266,2025-10-24T14:44:47.047621,395.07,prod_86,3,131.69
efef8176-ff9c-4024-b244-7666c91f8973,cust_443,2025-10-28T10:47:32.047621,79.13,prod_50,1,79.13
2e846f5a-244c-4fbe-b9ee-992521c5b25e,cust_369,2025-02-13T00:15:13.047621,241.72,prod_7,2,120.86
a3d3dec0-f7b3-4f87-b82b-48ac1ec43418,cust_287,2025-04-16T19:09:23.047621,71.24,prod_191,1,71.24
ce9fa0c4-a0ac-4c5a-8d27-a26a0c9f8237,cust_456,2025-03-28T03:32:08.047621,29.29,prod_98,1,29.29
d3fe9b47-c26d-4237-bb9b-03ea625ac5f1,cust_72,2025-04-30T02:57:01.047621,559.89,prod_2,3,186.63
f91186fb-eeaf-44eb-8d03-a394b903368d,cust_175,2025-12-27T05:29:14.047621,311.61,prod_126,3,103.87
94e7e85e-2138-4754-9545-2e3c5b1cbbe1,cust_230,2025-12-24T16:55:15.047621,307.88,prod_80,2,153.94
9b9cb1f3-051f-4bad-b4a9-d13c2daab674,cust_202,2025-12-19T01:01:27.047621,205.68,prod_189,2,102.84
2177b1f2-d529-47c0-9ca0-359b1a0f030d,cust_386,2025-06-04T00:00:52.047621,402.78,prod_5,3,134.26
2c6574c5-77ef-4a5d-8709-e731982ca9e1,cust_139,2025-12-07T09:23:27.047621,260.43,prod_123,3,86.81
80e9de05-6910-4fb9-9744-194f91bb8bb4,cust_224,2025-07-15T20:50:51.047621,43.5,prod_139,1,43.5
85a88bc4-a118-4584-bd9f-ca6370967e4b,cust_9,2025-12-31T22:30:08.047621,40.16,prod_64,1,40.16
05bf352f-7df5-4cd1-aa8b-732fed1af2c6,cust_207,2025-12-01T02:32:00.047621,239.31,prod_42,3,79.77
4c54d448-4931-4108-b018-070179c5d044,cust_431,2025-12-27T22:41:39.047621,44.07,prod_199,1,44.07
